[{
		"__metadata": {
			"id": "sap/opu/odata/sap/CUAN_WEB_TRACKING_MAPPING_SRV/C_MKT_WebTrackingMappingTP(WebTrackingMappingUUID=guid'0',IsActiveEntity=true)",
			"uri": "sap/opu/odata/sap/CUAN_WEB_TRACKING_MAPPING_SRV/C_MKT_WebTrackingMappingTP(WebTrackingMappingUUID=guid'0',IsActiveEntity=true)",
			"type": "CUAN_WEB_TRACKING_MAPPING_SRV.C_MKT_WebTrackingMappingTPType"

		},
		"Activate_ac": false,
		"Activation_ac": false,
		"Clear_filter_ac": true,
		"Copy_ac": true,
		"Deactivate_ac": true,
		"Edit_ac": true,
		"Preparation_ac": false,
		"Validate_ac": false,
		"Validation_ac": false,
		"WebTrackingMappingType_fc": 1,
		"WebTrackingMappingDataSource_fc": 1,
		"WebTrackingMappingDataTable_fc": 1,
		"WebTrackingMappingName_fc": 1,
		"WebTrackingMappingProject_fc": 1,
		"WebTrackingMappingProperty_fc": 1,
		"WebTrackingMappingView_fc": 1,
		"Delete_mc": false,
		"Update_mc": false,
		"WebTrackingMappingUUID": "0",
		"WebTrackingMappingName": "ac_gaTerm_parsingTest001",
		"WebTrackingMappingStatus": "A",
		"WebTrckgMappgStatusCriticality": 3,
		"WebTrackingMappingProject": "",
		"WebTrackingMappingDataTable": "",
		"WebTrackingMappingProperty": "UA-116478339-2",
		"WebTrackingMappingView": "176185739",
		"WebTrackingMappingType": "I",
		"WebTrackingMappingDataSource": "A",
		"WebTrackingMappingRetrievalStr": "",
		"WebTrackingMappingFilterString": "",
		"WebTrckgComMappgCreateIsEnbld": true,
		"HasDraftEntity": false,
		"ActiveUUID": "00000000-0000-0000-0000-000000000000",
		"DraftEntityCreationDateTime": null,
		"DraftEntityLastChangeDateTime": null,
		"HasActiveEntity": false,
		"IsActiveEntity": true,
		"PreserveChanges": true,
		"DraftAdministrativeData": {
			"__deferred": {
				"uri": "/sap/opu/odata/sap/CUAN_WEB_TRACKING_MAPPING_SRV/C_MKT_WebTrackingMappingTP(WebTrackingMappingUUID=guid'0',IsActiveEntity=true)/DraftAdministrativeData"
			}
		},
		"SiblingEntity": {
			"__deferred": {
				"uri": "/sap/opu/odata/sap/CUAN_WEB_TRACKING_MAPPING_SRV/C_MKT_WebTrackingMappingTP(WebTrackingMappingUUID=guid'0',IsActiveEntity=true)/SiblingEntity"
			}
		},
		"to_WebTrackingMappgType": {
			"WebTrackingMappingType": "I",
			"WebTrackingMappingType_Text": "Create Interaction"
		},
		"to_WebTrackingMappgView": {
			"WebTrackingMappingView": "176185739",
			"WebTrackingMappingView_Text": "All Web Site Data"
		},
		"to_WebTrckgMappgDataSrce": {
			"WebTrackingMappingDataSource": "A",
			"WebTrackingMappingDataSource_Text": "Google Analytics"
		},
		"to_WebTrckgMappgProperty": {
			"WebTrackingMappingProperty": "UA-116478339-2",
			"WebTrackingMappingProperty_Text": "DevelopmentWebshop"
		},
		"to_WebTrckgMappgStatus": {
			"WebTrackingMappingStatus": "A",
			"WebTrackingMappingStatus_Text": "Active"
		}
	}, {
		"__metadata": {
			"id": "sap/opu/odata/sap/CUAN_WEB_TRACKING_MAPPING_SRV/C_MKT_WebTrackingMappingTP(WebTrackingMappingUUID=guid'1',IsActiveEntity=true)",
			"uri": "sap/opu/odata/sap/CUAN_WEB_TRACKING_MAPPING_SRV/C_MKT_WebTrackingMappingTP(WebTrackingMappingUUID=guid'1',IsActiveEntity=true)",
			"type": "CUAN_WEB_TRACKING_MAPPING_SRV.C_MKT_WebTrackingMappingTPType"

		},
		"Activate_ac": false,
		"Activation_ac": false,
		"Clear_filter_ac": true,
		"Copy_ac": true,
		"Deactivate_ac": false,
		"Edit_ac": true,
		"Preparation_ac": false,
		"Validate_ac": true,
		"Validation_ac": false,
		"WebTrackingMappingType_fc": 1,
		"WebTrackingMappingDataSource_fc": 1,
		"WebTrackingMappingDataTable_fc": 1,
		"WebTrackingMappingName_fc": 1,
		"WebTrackingMappingProject_fc": 1,
		"WebTrackingMappingProperty_fc": 1,
		"WebTrackingMappingView_fc": 1,
		"Delete_mc": true,
		"Update_mc": true,
		"WebTrackingMappingUUID": "1",
		"WebTrackingMappingName": "2018-09-06 8:53AM",
		"WebTrackingMappingStatus": "I",
		"WebTrckgMappgStatusCriticality": 0,
		"WebTrackingMappingProject": "",
		"WebTrackingMappingDataTable": "",
		"WebTrackingMappingProperty": "UA-116478339-1",
		"WebTrackingMappingView": "172395359",
		"WebTrackingMappingType": "I",
		"WebTrackingMappingDataSource": "A",
		"WebTrackingMappingRetrievalStr": "",
		"WebTrackingMappingFilterString": "",
		"WebTrckgComMappgCreateIsEnbld": true,
		"HasDraftEntity": false,
		"ActiveUUID": "00000000-0000-0000-0000-000000000000",
		"DraftEntityCreationDateTime": null,
		"DraftEntityLastChangeDateTime": null,
		"HasActiveEntity": false,
		"IsActiveEntity": true,
		"PreserveChanges": true,
		"DraftAdministrativeData": {
			"__deferred": {
				"uri": "sap/opu/odata/sap/CUAN_WEB_TRACKING_MAPPING_SRV/C_MKT_WebTrackingMappingTP(WebTrackingMappingUUID=guid'1',IsActiveEntity=true)/DraftAdministrativeData"
			}
		},
		"SiblingEntity": {
			"__deferred": {
				"uri": "/sap/opu/odata/sap/CUAN_WEB_TRACKING_MAPPING_SRV/C_MKT_WebTrackingMappingTP(WebTrackingMappingUUID=guid'1',IsActiveEntity=true)/SiblingEntity"
			}
		},
		"to_WebTrackingMappgType": {
			"WebTrackingMappingType": "I",
			"WebTrackingMappingType_Text": "Create Interaction"
		},
		"to_WebTrackingMappgView": {
			"WebTrackingMappingView": "172395359",
			"WebTrackingMappingView_Text": "All Web Site Data"
		},
		"to_WebTrckgMappgDataSrce": {
			"WebTrackingMappingDataSource": "A",
			"WebTrackingMappingDataSource_Text": "Google Analytics"
		},
		"to_WebTrckgMappgProperty": {
			"WebTrackingMappingProperty": "UA-116478339-1",
			"WebTrackingMappingProperty_Text": "hybrisEcommerce"
		},
		"to_WebTrckgMappgProject": {
			"__deferred": {
				"uri": "sap/opu/odata/sap/CUAN_WEB_TRACKING_MAPPING_SRV/C_MKT_WebTrackingMappingTP(WebTrackingMappingUUID=guid'1',IsActiveEntity=true)/to_WebTrckgMappgProject"
			}
		},
		"to_WebTrckgMappgDataTable": {
			"__deferred": {
				"uri": "sap/opu/odata/sap/CUAN_WEB_TRACKING_MAPPING_SRV/C_MKT_WebTrackingMappingTP(WebTrackingMappingUUID=guid'1',IsActiveEntity=true)/to_WebTrckgMappgDataTable"
			}
		},
		"to_WebTrckgMappgStatus": {
			"__deferred": {
				"uri": "sap/opu/odata/sap/CUAN_WEB_TRACKING_MAPPING_SRV/C_MKT_WebTrackingMappingTP(WebTrackingMappingUUID=guid'1',IsActiveEntity=true)/to_WebTrckgMappgStatus"
			}
		}
	},

	{
		"__metadata": {
			"id": "sap/opu/odata/sap/CUAN_WEB_TRACKING_MAPPING_SRV/C_MKT_WebTrackingMappingTP(WebTrackingMappingUUID=guid'2',IsActiveEntity=true)",
			"uri": "sap/opu/odata/sap/CUAN_WEB_TRACKING_MAPPING_SRV/C_MKT_WebTrackingMappingTP(WebTrackingMappingUUID=guid'2',IsActiveEntity=true)",
			"type": "CUAN_WEB_TRACKING_MAPPING_SRV.C_MKT_WebTrackingMappingTPType"
		},
		"Activate_ac": false,
		"Activation_ac": false,
		"Clear_filter_ac": true,
		"Copy_ac": true,
		"Deactivate_ac": false,
		"Edit_ac": true,
		"Preparation_ac": false,
		"Validate_ac": true,
		"Validation_ac": false,
		"WebTrackingMappingType_fc": 7,
		"WebTrackingMappingDataSource_fc": 7,
		"WebTrackingMappingDataTable_fc": 7,
		"WebTrackingMappingName_fc": 7,
		"WebTrackingMappingProject_fc": 7,
		"WebTrackingMappingProperty_fc": 7,
		"WebTrackingMappingView_fc": 7,
		"Delete_mc": true,
		"Update_mc": true,
		"WebTrackingMappingUUID": "2",
		"WebTrackingMappingName": "Some 2018-09-05 10:13AM",
		"WebTrackingMappingStatus": "",
		"WebTrckgMappgStatusCriticality": 0,
		"WebTrackingMappingProject": "",
		"WebTrackingMappingDataTable": "",
		"WebTrackingMappingProperty": "UA-116478339-1",
		"WebTrackingMappingView": "172395359",
		"WebTrackingMappingType": "I",
		"WebTrackingMappingDataSource": "A",
		"WebTrackingMappingRetrievalStr": "",
		"WebTrackingMappingFilterString": "",
		"WebTrckgComMappgCreateIsEnbld": true,
		"HasDraftEntity": false,
		"ActiveUUID": "00000000-0000-0000-0000-000000000000",
		"DraftEntityCreationDateTime": null,
		"DraftEntityLastChangeDateTime": null,
		"HasActiveEntity": false,
		"IsActiveEntity": true,
		"DraftAdministrativeData": {
			"__deferred": {
				"uri": "sap/opu/odata/sap/CUAN_WEB_TRACKING_MAPPING_SRV/C_MKT_WebTrackingMappingTP(WebTrackingMappingUUID=guid'2',IsActiveEntity=true)/DraftAdministrativeData"
			}
		},
		"SiblingEntity": {
			"__deferred": {
				"uri": "sap/opu/odata/sap/CUAN_WEB_TRACKING_MAPPING_SRV/C_MKT_WebTrackingMappingTP(WebTrackingMappingUUID=guid'2',IsActiveEntity=true)/SiblingEntity"
			}
		},
		"to_WebTrackingMappgType": {
			"__deferred": {
				"uri": "sap/opu/odata/sap/CUAN_WEB_TRACKING_MAPPING_SRV/C_MKT_WebTrackingMappingTP(WebTrackingMappingUUID=guid'2',IsActiveEntity=true)/to_WebTrackingMappgType"
			}
		},
		"to_WebTrackingMappgView": {
			"__deferred": {
				"uri": "sap/opu/odata/sap/CUAN_WEB_TRACKING_MAPPING_SRV/C_MKT_WebTrackingMappingTP(WebTrackingMappingUUID=guid'2',IsActiveEntity=true)/to_WebTrackingMappgView"
			}
		},
		"to_WebTrckgComMapping": {
			"__deferred": {
				"uri": "sap/opu/odata/sap/CUAN_WEB_TRACKING_MAPPING_SRV/C_MKT_WebTrackingMappingTP(WebTrackingMappingUUID=guid'2',IsActiveEntity=true)/to_WebTrckgComMapping"
			}
		},
		"to_WebTrckgMappgDataSrce": {
			"__deferred": {
				"uri": "sap/opu/odata/sap/CUAN_WEB_TRACKING_MAPPING_SRV/C_MKT_WebTrackingMappingTP(WebTrackingMappingUUID=guid'2',IsActiveEntity=true)/to_WebTrckgMappgDataSrce"
			}
		},
		"to_WebTrckgMappgDataTable": {
			"__deferred": {
				"uri": "sap/opu/odata/sap/CUAN_WEB_TRACKING_MAPPING_SRV/C_MKT_WebTrackingMappingTP(WebTrackingMappingUUID=guid'2',IsActiveEntity=true)/to_WebTrckgMappgDataTable"
			}
		},
		"to_WebTrckgMappgFltr": {
			"__deferred": {
				"uri": "sap/opu/odata/sap/CUAN_WEB_TRACKING_MAPPING_SRV/C_MKT_WebTrackingMappingTP(WebTrackingMappingUUID=guid'2',IsActiveEntity=true)/to_WebTrckgMappgFltr"
			}
		},
		"to_WebTrckgMappgProject": {
			"__deferred": {
				"uri": "sap/opu/odata/sap/CUAN_WEB_TRACKING_MAPPING_SRV/C_MKT_WebTrackingMappingTP(WebTrackingMappingUUID=guid'2',IsActiveEntity=true)/to_WebTrckgMappgProject"
			}
		},
		"to_WebTrckgMappgProperty": {
			"__deferred": {
				"uri": "sap/opu/odata/sap/CUAN_WEB_TRACKING_MAPPING_SRV/C_MKT_WebTrackingMappingTP(WebTrackingMappingUUID=guid'2',IsActiveEntity=true)/to_WebTrckgMappgProperty"
			}
		},
		"to_WebTrckgMappgStatus": {
			"__deferred": {
				"uri": "sap/opu/odata/sap/CUAN_WEB_TRACKING_MAPPING_SRV/C_MKT_WebTrackingMappingTP(WebTrackingMappingUUID=guid'2',IsActiveEntity=true)/to_WebTrckgMappgStatus"
			}
		},
		"to_WebTrckgMappingLog": {
			"__deferred": {
				"uri": "sap/opu/odata/sap/CUAN_WEB_TRACKING_MAPPING_SRV/C_MKT_WebTrackingMappingTP(WebTrackingMappingUUID=guid'2',IsActiveEntity=true)/to_WebTrckgMappingLog"
			}
		},
		"to_WebTrckgRtrvlIaHdr": {
			"__deferred": {
				"uri": "sap/opu/odata/sap/CUAN_WEB_TRACKING_MAPPING_SRV/C_MKT_WebTrackingMappingTP(WebTrackingMappingUUID=guid'2',IsActiveEntity=true)/to_WebTrckgRtrvlIaHdr"
			}
		},
		"to_WebTrckgRtrvlProdHdr": {
			"__deferred": {
				"uri": "sap/opu/odata/sap/CUAN_WEB_TRACKING_MAPPING_SRV/C_MKT_WebTrackingMappingTP(WebTrackingMappingUUID=guid'2',IsActiveEntity=true)/to_WebTrckgRtrvlProdHdr"
			}
		},
		"to_WebTrckgRtrvlTagHdr": {
			"__deferred": {
				"uri": "sap/opu/odata/sap/CUAN_WEB_TRACKING_MAPPING_SRV/C_MKT_WebTrackingMappingTP(WebTrackingMappingUUID=guid'2',IsActiveEntity=true)/to_WebTrckgRtrvlTagHdr"
			}
		},
		"to_WebTrckgValMapping": {
			"__deferred": {
				"uri": "sap/opu/odata/sap/CUAN_WEB_TRACKING_MAPPING_SRV/C_MKT_WebTrackingMappingTP(WebTrackingMappingUUID=guid'2',IsActiveEntity=true)/to_WebTrckgValMapping"
			}
		}
	},

	{
		"__metadata": {
			"id": "sap/opu/odata/sap/CUAN_WEB_TRACKING_MAPPING_SRV/C_MKT_WebTrackingMappingTP(WebTrackingMappingUUID=guid'6c0b84b7-5523-1ed8-b5c1-ba351e99569d',IsActiveEntity=true)",
			"uri": "sap/opu/odata/sap/CUAN_WEB_TRACKING_MAPPING_SRV/C_MKT_WebTrackingMappingTP(WebTrackingMappingUUID=guid'6c0b84b7-5523-1ed8-b5c1-ba351e99569d',IsActiveEntity=true)",
			"type": "CUAN_WEB_TRACKING_MAPPING_SRV.C_MKT_WebTrackingMappingTPType"
		},
		"Activate_ac": false,
		"Activation_ac": false,
		"Clear_filter_ac": true,
		"Copy_ac": true,
		"Deactivate_ac": false,
		"Edit_ac": true,
		"Preparation_ac": false,
		"Validate_ac": true,
		"Validation_ac": false,
		"WebTrackingMappingType_fc": 7,
		"WebTrackingMappingDataSource_fc": 7,
		"WebTrackingMappingDataTable_fc": 7,
		"WebTrackingMappingName_fc": 7,
		"WebTrackingMappingProject_fc": 7,
		"WebTrackingMappingProperty_fc": 7,
		"WebTrackingMappingView_fc": 7,
		"Delete_mc": true,
		"Update_mc": true,
		"WebTrackingMappingUUID": "6c0b84b7-5523-1ed8-b5c1-ba351e99569d",
		"WebTrackingMappingName": "BQ valid",
		"WebTrackingMappingStatus": "",
		"WebTrckgMappgStatusCriticality": 0,
		"WebTrackingMappingProject": "isentropic-tape-187315",
		"WebTrackingMappingDataTable": "179257477",
		"WebTrackingMappingProperty": "",
		"WebTrackingMappingView": "",
		"WebTrackingMappingType": "I",
		"WebTrackingMappingDataSource": "B",
		"WebTrackingMappingRetrievalStr": "#standardSQL\r\n/*Paste your SQL statements below*/\r\n/*When mapping SELECT columns with SAP Marketing Cloud interaction fields use prefix mkt_*/\r\n\r\nSELECT visitId, visitStartTime, totals.visits FROM `isentropic-tape-187315.179257477.MediumD` LIMIT 100",
		"WebTrackingMappingFilterString": "",
		"WebTrckgComMappgCreateIsEnbld": true,
		"HasDraftEntity": false,
		"ActiveUUID": "00000000-0000-0000-0000-000000000000",
		"DraftEntityCreationDateTime": null,
		"DraftEntityLastChangeDateTime": null,
		"HasActiveEntity": false,
		"IsActiveEntity": true,
		"DraftAdministrativeData": null,
		"SiblingEntity": {
			"__deferred": {
				"uri": "sap/opu/odata/sap/CUAN_WEB_TRACKING_MAPPING_SRV/C_MKT_WebTrackingMappingTP(WebTrackingMappingUUID=guid'6c0b84b7-5523-1ed8-b5c1-ba351e99569d',IsActiveEntity=true)/SiblingEntity"
			}
		},
		"to_WebTrackingMappgType": {
			"__metadata": {
				"id": "sap/opu/odata/sap/CUAN_WEB_TRACKING_MAPPING_SRV/I_MKT_WebTrackingMappgType('I')",
				"uri": "sap/opu/odata/sap/CUAN_WEB_TRACKING_MAPPING_SRV/I_MKT_WebTrackingMappgType('I')",
				"type": "CUAN_WEB_TRACKING_MAPPING_SRV.I_MKT_WebTrackingMappgTypeType"
			},
			"WebTrackingMappingType": "I",
			"WebTrackingMappingType_Text": "Create Interactions"
		},
		"to_WebTrackingMappgView": null,
		"to_WebTrckgComMapping": {
			"__deferred": {
				"uri": "sap/opu/odata/sap/CUAN_WEB_TRACKING_MAPPING_SRV/C_MKT_WebTrackingMappingTP(WebTrackingMappingUUID=guid'6c0b84b7-5523-1ed8-b5c1-ba351e99569d',IsActiveEntity=true)/to_WebTrckgComMapping"
			}
		},
		"to_WebTrckgMappgDataSrce": {
			"__metadata": {
				"id": "sap/opu/odata/sap/CUAN_WEB_TRACKING_MAPPING_SRV/I_MKT_WebTrckgMappgDataSrce('B')",
				"uri": "sap/opu/odata/sap/CUAN_WEB_TRACKING_MAPPING_SRV/I_MKT_WebTrckgMappgDataSrce('B')",
				"type": "CUAN_WEB_TRACKING_MAPPING_SRV.I_MKT_WebTrckgMappgDataSrceType"
			},
			"WebTrackingMappingDataSource": "B",
			"WebTrackingMappingDataSource_Text": "Google BigQuery"
		},
		"to_WebTrckgMappgDataTable": {
			"__metadata": {
				"id": "sap/opu/odata/sap/CUAN_WEB_TRACKING_MAPPING_SRV/I_MKT_WebTrckgMappgDataTable('179257477')",
				"uri": "sap/opu/odata/sap/CUAN_WEB_TRACKING_MAPPING_SRV/I_MKT_WebTrckgMappgDataTable('179257477')",
				"type": "CUAN_WEB_TRACKING_MAPPING_SRV.I_MKT_WebTrckgMappgDataTableType"
			},
			"WebTrackingMappingDataTable": "179257477",
			"WebTrackingMappingDataTable_Text": "",
			"WebTrackingMappingProject": "isentropic-tape-187315",
			"WebTrackingMappingPropertyName": "WODWebshop",
			"to_Text": {
				"__deferred": {
					"uri": "sap/opu/odata/sap/CUAN_WEB_TRACKING_MAPPING_SRV/I_MKT_WebTrckgMappgDataTable('179257477')/to_Text"
				}
			}
		},
		"to_WebTrckgMappgFltr": {
			"__deferred": {
				"uri": "sap/opu/odata/sap/CUAN_WEB_TRACKING_MAPPING_SRV/C_MKT_WebTrackingMappingTP(WebTrackingMappingUUID=guid'6c0b84b7-5523-1ed8-b5c1-ba351e99569d',IsActiveEntity=true)/to_WebTrckgMappgFltr"
			}
		},
		"to_WebTrckgMappgProject": {
			"__metadata": {
				"id": "sap/opu/odata/sap/CUAN_WEB_TRACKING_MAPPING_SRV/I_MKT_WebTrckgMappgProject('isentropic-tape-187315')",
				"uri": "sap/opu/odata/sap/CUAN_WEB_TRACKING_MAPPING_SRV/I_MKT_WebTrckgMappgProject('isentropic-tape-187315')",
				"type": "CUAN_WEB_TRACKING_MAPPING_SRV.I_MKT_WebTrckgMappgProjectType"
			},
			"WebTrackingMappingProject": "isentropic-tape-187315",
			"WebTrackingMappingProject_Text": "My Project",
			"to_Text": {
				"__deferred": {
					"uri": "sap/opu/odata/sap/CUAN_WEB_TRACKING_MAPPING_SRV/I_MKT_WebTrckgMappgProject('isentropic-tape-187315')/to_Text"
				}
			}
		},
		"to_WebTrckgMappgProperty": null,
		"to_WebTrckgMappgStatus": {
			"__metadata": {
				"id": "sap/opu/odata/sap/CUAN_WEB_TRACKING_MAPPING_SRV/I_MKT_WebTrckgMappgStatus('R')",
				"uri": "sap/opu/odata/sap/CUAN_WEB_TRACKING_MAPPING_SRV/I_MKT_WebTrckgMappgStatus('R')",
				"type": "CUAN_WEB_TRACKING_MAPPING_SRV.I_MKT_WebTrckgMappgStatusType"
			},
			"WebTrackingMappingStatus": "R",
			"WebTrackingMappingStatus_Text": "Inactive"
		},
		"to_WebTrckgMappingLog": {
			"__deferred": {
				"uri": "sap/opu/odata/sap/CUAN_WEB_TRACKING_MAPPING_SRV/C_MKT_WebTrackingMappingTP(WebTrackingMappingUUID=guid'6c0b84b7-5523-1ed8-b5c1-ba351e99569d',IsActiveEntity=true)/to_WebTrckgMappingLog"
			}
		},
		"to_WebTrckgRtrvlIaHdr": {
			"__deferred": {
				"uri": "sap/opu/odata/sap/CUAN_WEB_TRACKING_MAPPING_SRV/C_MKT_WebTrackingMappingTP(WebTrackingMappingUUID=guid'6c0b84b7-5523-1ed8-b5c1-ba351e99569d',IsActiveEntity=true)/to_WebTrckgRtrvlIaHdr"
			}
		},
		"to_WebTrckgRtrvlProdHdr": {
			"__deferred": {
				"uri": "sap/opu/odata/sap/CUAN_WEB_TRACKING_MAPPING_SRV/C_MKT_WebTrackingMappingTP(WebTrackingMappingUUID=guid'6c0b84b7-5523-1ed8-b5c1-ba351e99569d',IsActiveEntity=true)/to_WebTrckgRtrvlProdHdr"
			}
		},
		"to_WebTrckgRtrvlTagHdr": {
			"__deferred": {
				"uri": "sap/opu/odata/sap/CUAN_WEB_TRACKING_MAPPING_SRV/C_MKT_WebTrackingMappingTP(WebTrackingMappingUUID=guid'6c0b84b7-5523-1ed8-b5c1-ba351e99569d',IsActiveEntity=true)/to_WebTrckgRtrvlTagHdr"
			}
		},
		"to_WebTrckgValMapping": {
			"__deferred": {
				"uri": "sap/opu/odata/sap/CUAN_WEB_TRACKING_MAPPING_SRV/C_MKT_WebTrackingMappingTP(WebTrackingMappingUUID=guid'6c0b84b7-5523-1ed8-b5c1-ba351e99569d',IsActiveEntity=true)/to_WebTrckgValMapping"
			}
		}
	},
	{
		"__metadata": {
			"id": "sap/opu/odata/sap/CUAN_WEB_TRACKING_MAPPING_SRV/C_MKT_WebTrackingMappingTP(WebTrackingMappingUUID=guid'eaed963d-c5a8-4c57-98d9-4890efda1ec0',IsActiveEntity=true)",
			"uri": "sap/opu/odata/sap/CUAN_WEB_TRACKING_MAPPING_SRV/C_MKT_WebTrackingMappingTP(WebTrackingMappingUUID=guid'eaed963d-c5a8-4c57-98d9-4890efda1ec0',IsActiveEntity=true)",
			"type": "CUAN_WEB_TRACKING_MAPPING_SRV.C_MKT_WebTrackingMappingTPType"
		},
		"Activate_ac": false,
		"Activation_ac": false,
		"Clear_filter_ac": true,
		"Copy_ac": true,
		"Deactivate_ac": false,
		"Edit_ac": true,
		"Preparation_ac": false,
		"Validate_ac": true,
		"Validation_ac": false,
		"WebTrackingMappingType_fc": 7,
		"WebTrackingMappingDataSource_fc": 7,
		"WebTrackingMappingDataTable_fc": 7,
		"WebTrackingMappingName_fc": 7,
		"WebTrackingMappingProject_fc": 7,
		"WebTrackingMappingProperty_fc": 7,
		"WebTrackingMappingView_fc": 7,
		"Delete_mc": true,
		"Update_mc": true,
		"WebTrackingMappingUUID": "eaed963d-c5a8-4c57-98d9-4890efda1ec0",
		"WebTrackingMappingName": "Big Query Contact Match ID",
		"WebTrackingMappingStatus": "",
		"WebTrckgMappgStatusCriticality": 0,
		"WebTrackingMappingProject": "isentropic-tape-187315",
		"WebTrackingMappingDataTable": "179257477",
		"WebTrackingMappingProperty": "",
		"WebTrackingMappingView": "",
		"WebTrackingMappingType": "C",
		"WebTrackingMappingDataSource": "B",
		"WebTrackingMappingRetrievalStr": "#standardSQL\r\n/*Paste your SQL statements below*/\r\n/*When mapping SELECT columns with SAP Marketing Cloud interaction fields use prefix mkt_*/\r\n\r\nSELECT visitId, visitStartTime, totals.visits FROM `isentropic-tape-187315.179257477.MediumD` LIMIT 100",
		"WebTrackingMappingFilterString": "",
		"WebTrckgComMappgCreateIsEnbld": true,
		"HasDraftEntity": false,
		"ActiveUUID": "00000000-0000-0000-0000-000000000000",
		"DraftEntityCreationDateTime": null,
		"DraftEntityLastChangeDateTime": null,
		"HasActiveEntity": false,
		"IsActiveEntity": true,
		"DraftAdministrativeData": null,
		"SiblingEntity": {
			"__deferred": {
				"uri": "sap/opu/odata/sap/CUAN_WEB_TRACKING_MAPPING_SRV/C_MKT_WebTrackingMappingTP(WebTrackingMappingUUID=guid'eaed963d-c5a8-4c57-98d9-4890efda1ec0',IsActiveEntity=true)/SiblingEntity"
			}
		},
		"to_WebTrackingMappgType": {
			"__metadata": {
				"id": "sap/opu/odata/sap/CUAN_WEB_TRACKING_MAPPING_SRV/I_MKT_WebTrackingMappgType('C')",
				"uri": "sap/opu/odata/sap/CUAN_WEB_TRACKING_MAPPING_SRV/I_MKT_WebTrackingMappgType('C')",
				"type": "CUAN_WEB_TRACKING_MAPPING_SRV.I_MKT_WebTrackingMappgTypeType"
			},
			"WebTrackingMappingType": "C",
			"WebTrackingMappingType_Text": "Match and Merge contacts"
		},
		"to_WebTrackingMappgView": null,
		"to_WebTrckgComMapping": {
			"__deferred": {
				"uri": "sap/opu/odata/sap/CUAN_WEB_TRACKING_MAPPING_SRV/C_MKT_WebTrackingMappingTP(WebTrackingMappingUUID=guid'eaed963d-c5a8-4c57-98d9-4890efda1ec0',IsActiveEntity=true)/to_WebTrckgComMapping"
			}
		},
		"to_WebTrckgMappgDataSrce": {
			"__metadata": {
				"id": "sap/opu/odata/sap/CUAN_WEB_TRACKING_MAPPING_SRV/I_MKT_WebTrckgMappgDataSrce('B')",
				"uri": "sap/opu/odata/sap/CUAN_WEB_TRACKING_MAPPING_SRV/I_MKT_WebTrckgMappgDataSrce('B')",
				"type": "CUAN_WEB_TRACKING_MAPPING_SRV.I_MKT_WebTrckgMappgDataSrceType"
			},
			"WebTrackingMappingDataSource": "B",
			"WebTrackingMappingDataSource_Text": "Google BigQuery"
		},
		"to_WebTrckgMappgDataTable": {
			"__metadata": {
				"id": "sap/opu/odata/sap/CUAN_WEB_TRACKING_MAPPING_SRV/I_MKT_WebTrckgMappgDataTable('179257477')",
				"uri": "sap/opu/odata/sap/CUAN_WEB_TRACKING_MAPPING_SRV/I_MKT_WebTrckgMappgDataTable('179257477')",
				"type": "CUAN_WEB_TRACKING_MAPPING_SRV.I_MKT_WebTrckgMappgDataTableType"
			},
			"WebTrackingMappingDataTable": "179257477",
			"WebTrackingMappingDataTable_Text": "",
			"WebTrackingMappingProject": "isentropic-tape-187315",
			"WebTrackingMappingPropertyName": "WODWebshop",
			"to_Text": {
				"__deferred": {
					"uri": "sap/opu/odata/sap/CUAN_WEB_TRACKING_MAPPING_SRV/I_MKT_WebTrckgMappgDataTable('179257477')/to_Text"
				}
			}
		},
		"to_WebTrckgMappgFltr": {
			"__deferred": {
				"uri": "sap/opu/odata/sap/CUAN_WEB_TRACKING_MAPPING_SRV/C_MKT_WebTrackingMappingTP(WebTrackingMappingUUID=guid'eaed963d-c5a8-4c57-98d9-4890efda1ec0',IsActiveEntity=true)/to_WebTrckgMappgFltr"
			}
		},
		"to_WebTrckgMappgProject": {
			"__metadata": {
				"id": "sap/opu/odata/sap/CUAN_WEB_TRACKING_MAPPING_SRV/I_MKT_WebTrckgMappgProject('isentropic-tape-187315')",
				"uri": "sap/opu/odata/sap/CUAN_WEB_TRACKING_MAPPING_SRV/I_MKT_WebTrckgMappgProject('isentropic-tape-187315')",
				"type": "CUAN_WEB_TRACKING_MAPPING_SRV.I_MKT_WebTrckgMappgProjectType"
			},
			"WebTrackingMappingProject": "isentropic-tape-187315",
			"WebTrackingMappingProject_Text": "My Project",
			"to_Text": {
				"__deferred": {
					"uri": "sap/opu/odata/sap/CUAN_WEB_TRACKING_MAPPING_SRV/I_MKT_WebTrckgMappgProject('isentropic-tape-187315')/to_Text"
				}
			}
		},
		"to_WebTrckgMappgProperty": null,
		"to_WebTrckgMappgStatus": {
			"__metadata": {
				"id": "sap/opu/odata/sap/CUAN_WEB_TRACKING_MAPPING_SRV/I_MKT_WebTrckgMappgStatus('R')",
				"uri": "sap/opu/odata/sap/CUAN_WEB_TRACKING_MAPPING_SRV/I_MKT_WebTrckgMappgStatus('R')",
				"type": "CUAN_WEB_TRACKING_MAPPING_SRV.I_MKT_WebTrckgMappgStatusType"
			},
			"WebTrackingMappingStatus": "R",
			"WebTrackingMappingStatus_Text": "Inactive"
		},
		"to_WebTrckgMappingLog": {
			"__deferred": {
				"uri": "sap/opu/odata/sap/CUAN_WEB_TRACKING_MAPPING_SRV/C_MKT_WebTrackingMappingTP(WebTrackingMappingUUID=guid'eaed963d-c5a8-4c57-98d9-4890efda1ec0',IsActiveEntity=true)/to_WebTrckgMappingLog"
			}
		},
		"to_WebTrckgRtrvlIaHdr": {
			"__deferred": {
				"uri": "sap/opu/odata/sap/CUAN_WEB_TRACKING_MAPPING_SRV/C_MKT_WebTrackingMappingTP(WebTrackingMappingUUID=guid'eaed963d-c5a8-4c57-98d9-4890efda1ec0',IsActiveEntity=true)/to_WebTrckgRtrvlIaHdr"
			}
		},
		"to_WebTrckgRtrvlProdHdr": {
			"__deferred": {
				"uri": "sap/opu/odata/sap/CUAN_WEB_TRACKING_MAPPING_SRV/C_MKT_WebTrackingMappingTP(WebTrackingMappingUUID=guid'eaed963d-c5a8-4c57-98d9-4890efda1ec0',IsActiveEntity=true)/to_WebTrckgRtrvlProdHdr"
			}
		},
		"to_WebTrckgRtrvlTagHdr": {
			"__deferred": {
				"uri": "sap/opu/odata/sap/CUAN_WEB_TRACKING_MAPPING_SRV/C_MKT_WebTrackingMappingTP(WebTrackingMappingUUID=guid'eaed963d-c5a8-4c57-98d9-4890efda1ec0',IsActiveEntity=true)/to_WebTrckgRtrvlTagHdr"
			}
		},
		"to_WebTrckgValMapping": {
			"__deferred": {
				"uri": "sap/opu/odata/sap/CUAN_WEB_TRACKING_MAPPING_SRV/C_MKT_WebTrackingMappingTP(WebTrackingMappingUUID=guid'eaed963d-c5a8-4c57-98d9-4890efda1ec0',IsActiveEntity=true)/to_WebTrckgValMapping"
			}
		}
	},
	
	{
		"__metadata": {
			"id": "sap/opu/odata/sap/CUAN_WEB_TRACKING_MAPPING_SRV/C_MKT_WebTrackingMappingTP(WebTrackingMappingUUID=guid'eaed963d-c5a8-4c57-98d9-4890efda1ec4',IsActiveEntity=true)",
			"uri": "sap/opu/odata/sap/CUAN_WEB_TRACKING_MAPPING_SRV/C_MKT_WebTrackingMappingTP(WebTrackingMappingUUID=guid'eaed963d-c5a8-4c57-98d9-4890efda1ec4',IsActiveEntity=true)",
			"type": "CUAN_WEB_TRACKING_MAPPING_SRV.C_MKT_WebTrackingMappingTPType"
		},
		"Activate_ac": false,
		"Activation_ac": false,
		"Clear_filter_ac": true,
		"Copy_ac": true,
		"Deactivate_ac": false,
		"Edit_ac": true,
		"Preparation_ac": false,
		"Validate_ac": true,
		"Validation_ac": false,
		"WebTrackingMappingType_fc": 7,
		"WebTrackingMappingDataSource_fc": 7,
		"WebTrackingMappingDataTable_fc": 7,
		"WebTrackingMappingName_fc": 7,
		"WebTrackingMappingProject_fc": 7,
		"WebTrackingMappingProperty_fc": 7,
		"WebTrackingMappingView_fc": 7,
		"Delete_mc": true,
		"Update_mc": true,
		"WebTrackingMappingUUID": "eaed963d-c5a8-4c57-98d9-4890efda1ec4",
		"WebTrackingMappingName": "Google Analytics Contact Match ID",
		"WebTrackingMappingStatus": "",
		"WebTrckgMappgStatusCriticality": 0,
		"WebTrackingMappingProject": "",
		"WebTrackingMappingDataTable": "",
		"WebTrackingMappingProperty": "UA-116478339-1",
		"WebTrackingMappingView": "172395359",
		"WebTrackingMappingType": "C",
		"WebTrackingMappingDataSource": "A",
		"WebTrackingMappingRetrievalStr": "",
		"WebTrackingMappingFilterString": "",
		"WebTrckgComMappgCreateIsEnbld": true,
		"HasDraftEntity": false,
		"ActiveUUID": "00000000-0000-0000-0000-000000000000",
		"DraftEntityCreationDateTime": null,
		"DraftEntityLastChangeDateTime": null,
		"HasActiveEntity": false,
		"IsActiveEntity": true,
		"DraftAdministrativeData": null,
		"SiblingEntity": {
			"__deferred": {
				"uri": "sap/opu/odata/sap/CUAN_WEB_TRACKING_MAPPING_SRV/C_MKT_WebTrackingMappingTP(WebTrackingMappingUUID=guid'eaed963d-c5a8-4c57-98d9-4890efda1ec4',IsActiveEntity=true)/SiblingEntity"
			}
		},
		"to_WebTrackingMappgType": {
			"__metadata": {
				"id": "sap/opu/odata/sap/CUAN_WEB_TRACKING_MAPPING_SRV/I_MKT_WebTrackingMappgType('C')",
				"uri": "sap/opu/odata/sap/CUAN_WEB_TRACKING_MAPPING_SRV/I_MKT_WebTrackingMappgType('C')",
				"type": "CUAN_WEB_TRACKING_MAPPING_SRV.I_MKT_WebTrackingMappgTypeType"
			},
			"WebTrackingMappingType": "C",
			"WebTrackingMappingType_Text": "Match and Merge contacts"
		},
		"to_WebTrackingMappgView": null,
		"to_WebTrckgComMapping": {
			"__deferred": {
				"uri": "sap/opu/odata/sap/CUAN_WEB_TRACKING_MAPPING_SRV/C_MKT_WebTrackingMappingTP(WebTrackingMappingUUID=guid'eaed963d-c5a8-4c57-98d9-4890efda1ec4',IsActiveEntity=true)/to_WebTrckgComMapping"
			}
		},
		"to_WebTrckgMappgDataSrce": {
			"__metadata": {
				"id": "sap/opu/odata/sap/CUAN_WEB_TRACKING_MAPPING_SRV/I_MKT_WebTrckgMappgDataSrce('B')",
				"uri": "sap/opu/odata/sap/CUAN_WEB_TRACKING_MAPPING_SRV/I_MKT_WebTrckgMappgDataSrce('B')",
				"type": "CUAN_WEB_TRACKING_MAPPING_SRV.I_MKT_WebTrckgMappgDataSrceType"
			},
			"WebTrackingMappingDataSource": "B",
			"WebTrackingMappingDataSource_Text": "Google BigQuery"
		},
		"to_WebTrckgMappgDataTable": {
			"__metadata": {
				"id": "sap/opu/odata/sap/CUAN_WEB_TRACKING_MAPPING_SRV/I_MKT_WebTrckgMappgDataTable('179257477')",
				"uri": "sap/opu/odata/sap/CUAN_WEB_TRACKING_MAPPING_SRV/I_MKT_WebTrckgMappgDataTable('179257477')",
				"type": "CUAN_WEB_TRACKING_MAPPING_SRV.I_MKT_WebTrckgMappgDataTableType"
			},
			"WebTrackingMappingDataTable": "179257477",
			"WebTrackingMappingDataTable_Text": "",
			"WebTrackingMappingProject": "isentropic-tape-187315",
			"WebTrackingMappingPropertyName": "WODWebshop",
			"to_Text": {
				"__deferred": {
					"uri": "sap/opu/odata/sap/CUAN_WEB_TRACKING_MAPPING_SRV/I_MKT_WebTrckgMappgDataTable('179257477')/to_Text"
				}
			}
		},
		"to_WebTrckgMappgFltr": {
			"__deferred": {
				"uri": "sap/opu/odata/sap/CUAN_WEB_TRACKING_MAPPING_SRV/C_MKT_WebTrackingMappingTP(WebTrackingMappingUUID=guid'eaed963d-c5a8-4c57-98d9-4890efda1ec0',IsActiveEntity=true)/to_WebTrckgMappgFltr"
			}
		},
		"to_WebTrckgMappgProject": {
			"__metadata": {
				"id": "sap/opu/odata/sap/CUAN_WEB_TRACKING_MAPPING_SRV/I_MKT_WebTrckgMappgProject('isentropic-tape-187315')",
				"uri": "sap/opu/odata/sap/CUAN_WEB_TRACKING_MAPPING_SRV/I_MKT_WebTrckgMappgProject('isentropic-tape-187315')",
				"type": "CUAN_WEB_TRACKING_MAPPING_SRV.I_MKT_WebTrckgMappgProjectType"
			},
			"WebTrackingMappingProject": "isentropic-tape-187315",
			"WebTrackingMappingProject_Text": "My Project",
			"to_Text": {
				"__deferred": {
					"uri": "sap/opu/odata/sap/CUAN_WEB_TRACKING_MAPPING_SRV/I_MKT_WebTrckgMappgProject('isentropic-tape-187315')/to_Text"
				}
			}
		},
		"to_WebTrckgMappgProperty": null,
		"to_WebTrckgMappgStatus": {
			"__metadata": {
				"id": "sap/opu/odata/sap/CUAN_WEB_TRACKING_MAPPING_SRV/I_MKT_WebTrckgMappgStatus('R')",
				"uri": "sap/opu/odata/sap/CUAN_WEB_TRACKING_MAPPING_SRV/I_MKT_WebTrckgMappgStatus('R')",
				"type": "CUAN_WEB_TRACKING_MAPPING_SRV.I_MKT_WebTrckgMappgStatusType"
			},
			"WebTrackingMappingStatus": "R",
			"WebTrackingMappingStatus_Text": "Inactive"
		},
		"to_WebTrckgMappingLog": {
			"__deferred": {
				"uri": "sap/opu/odata/sap/CUAN_WEB_TRACKING_MAPPING_SRV/C_MKT_WebTrackingMappingTP(WebTrackingMappingUUID=guid'eaed963d-c5a8-4c57-98d9-4890efda1ec0',IsActiveEntity=true)/to_WebTrckgMappingLog"
			}
		},
		"to_WebTrckgRtrvlIaHdr": {
			"__deferred": {
				"uri": "sap/opu/odata/sap/CUAN_WEB_TRACKING_MAPPING_SRV/C_MKT_WebTrackingMappingTP(WebTrackingMappingUUID=guid'eaed963d-c5a8-4c57-98d9-4890efda1ec0',IsActiveEntity=true)/to_WebTrckgRtrvlIaHdr"
			}
		},
		"to_WebTrckgRtrvlProdHdr": {
			"__deferred": {
				"uri": "sap/opu/odata/sap/CUAN_WEB_TRACKING_MAPPING_SRV/C_MKT_WebTrackingMappingTP(WebTrackingMappingUUID=guid'eaed963d-c5a8-4c57-98d9-4890efda1ec0',IsActiveEntity=true)/to_WebTrckgRtrvlProdHdr"
			}
		},
		"to_WebTrckgRtrvlTagHdr": {
			"__deferred": {
				"uri": "sap/opu/odata/sap/CUAN_WEB_TRACKING_MAPPING_SRV/C_MKT_WebTrackingMappingTP(WebTrackingMappingUUID=guid'eaed963d-c5a8-4c57-98d9-4890efda1ec0',IsActiveEntity=true)/to_WebTrckgRtrvlTagHdr"
			}
		},
		"to_WebTrckgValMapping": {
			"__deferred": {
				"uri": "sap/opu/odata/sap/CUAN_WEB_TRACKING_MAPPING_SRV/C_MKT_WebTrackingMappingTP(WebTrackingMappingUUID=guid'eaed963d-c5a8-4c57-98d9-4890efda1ec0',IsActiveEntity=true)/to_WebTrckgValMapping"
			}
		}
	}

]