<edmx:Edmx xmlns:edmx="http://schemas.microsoft.com/ado/2007/06/edmx"
	xmlns:m="http://schemas.microsoft.com/ado/2007/08/dataservices/metadata" xmlns:sap="http://www.sap.com/Protocols/SAPData" Version="1.0">
	<edmx:Reference xmlns:edmx="http://docs.oasis-open.org/odata/ns/edmx"
		Uri="./sap/opu/odata/IWFND/CATALOGSERVICE;v=2/Vocabularies(TechnicalName='%2FIWBEP%2FVOC_COMMON',Version='0001',SAP__Origin='S4CLNT')/$value"><edmx:Include Namespace="com.sap.vocabularies.Common.v1" Alias="Common"/></edmx:Reference>
	<edmx:DataServices m:DataServiceVersion="2.0">
		<Schema xmlns="http://schemas.microsoft.com/ado/2008/09/edm" Namespace="YMM_PO_GR_INV_COUNT_CDS" xml:lang="en" sap:schema-version="1">
			<EntityType Name="YMM_PO_GR_INV_COUNTType" sap:label="OVP PO , GR , INV Count" sap:content-version="1">
				<Key><PropertyRef Name="p_fiscalyear"/><PropertyRef Name="Monthname"/></Key><Property Name="p_fiscalyear" Type="Edm.String" Nullable="false" MaxLength="4" sap:display-format="NonNegative" sap:label="Fiscal Year"/><Property Name="Monthname" Type="Edm.String" Nullable="false" MaxLength="9" sap:display-format="UpperCase"/><Property Name="NETCOUNT" Type="Edm.Int32"/><Property Name="GRCOUNT" Type="Edm.Int32"/><Property Name="INVCOUNT" Type="Edm.Int32"/><NavigationProperty Name="Parameters" Relationship="YMM_PO_GR_INV_COUNT_CDS.assoc_D8D5FF48BCD384C9737EECB5B901BAA7"
					FromRole="ToRole_assoc_D8D5FF48BCD384C9737EECB5B901BAA7" ToRole="FromRole_assoc_D8D5FF48BCD384C9737EECB5B901BAA7" sap:filterable="false"/></EntityType>
			<EntityType Name="YMM_PO_GR_INV_COUNTParameters" sap:semantics="parameters" sap:content-version="1">
				<Key><PropertyRef Name="p_fiscalyear"/></Key><Property Name="p_fiscalyear" Type="Edm.String" Nullable="false" MaxLength="4" sap:display-format="NonNegative" sap:parameter="mandatory"
					sap:label="Fiscal Year" sap:creatable="false" sap:updatable="false" sap:sortable="false" sap:filterable="false"/><NavigationProperty Name="Set" Relationship="YMM_PO_GR_INV_COUNT_CDS.assoc_D8D5FF48BCD384C9737EECB5B901BAA7"
					FromRole="FromRole_assoc_D8D5FF48BCD384C9737EECB5B901BAA7" ToRole="ToRole_assoc_D8D5FF48BCD384C9737EECB5B901BAA7"/></EntityType>
			<Association Name="assoc_D8D5FF48BCD384C9737EECB5B901BAA7" sap:content-version="1"><End Type="YMM_PO_GR_INV_COUNT_CDS.YMM_PO_GR_INV_COUNTParameters" Multiplicity="1" Role="FromRole_assoc_D8D5FF48BCD384C9737EECB5B901BAA7"/><End Type="YMM_PO_GR_INV_COUNT_CDS.YMM_PO_GR_INV_COUNTType" Multiplicity="*" Role="ToRole_assoc_D8D5FF48BCD384C9737EECB5B901BAA7"/></Association>
			<EntityContainer Name="YMM_PO_GR_INV_COUNT_CDS_Entities" m:IsDefaultEntityContainer="true" sap:supported-formats="atom json xlsx"><EntitySet Name="YMM_PO_GR_INV_COUNTSet" EntityType="YMM_PO_GR_INV_COUNT_CDS.YMM_PO_GR_INV_COUNTType" sap:creatable="false"
				sap:updatable="false" sap:deletable="false" sap:addressable="false" sap:content-version="1"/><EntitySet Name="YMM_PO_GR_INV_COUNT" EntityType="YMM_PO_GR_INV_COUNT_CDS.YMM_PO_GR_INV_COUNTParameters" sap:creatable="false"
				sap:updatable="false" sap:deletable="false" sap:pageable="false" sap:content-version="1"/>
				<AssociationSet Name="assoc_D8D5FF48BCD384C9737EECB5B901BAA7" Association="YMM_PO_GR_INV_COUNT_CDS.assoc_D8D5FF48BCD384C9737EECB5B901BAA7"
					sap:creatable="false" sap:updatable="false" sap:deletable="false" sap:content-version="1"><End EntitySet="YMM_PO_GR_INV_COUNT" Role="FromRole_assoc_D8D5FF48BCD384C9737EECB5B901BAA7"/><End EntitySet="YMM_PO_GR_INV_COUNTSet" Role="ToRole_assoc_D8D5FF48BCD384C9737EECB5B901BAA7"/></AssociationSet>
			</EntityContainer><atom:link xmlns:atom="http://www.w3.org/2005/Atom" rel="self" href="./sap/opu/odata/sap/YMM_PO_GR_INV_COUNT_CDS/$metadata"/><atom:link xmlns:atom="http://www.w3.org/2005/Atom" rel="latest-version" href="./sap/opu/odata/sap/YMM_PO_GR_INV_COUNT_CDS/$metadata"/></Schema>
	</edmx:DataServices>
</edmx:Edmx>