<edmx:Edmx xmlns:edmx="http://schemas.microsoft.com/ado/2007/06/edmx"
	xmlns:m="http://schemas.microsoft.com/ado/2007/08/dataservices/metadata" xmlns:sap="http://www.sap.com/Protocols/SAPData" Version="1.0">
	<edmx:DataServices m:DataServiceVersion="2.0">
		<Schema xmlns="http://schemas.microsoft.com/ado/2008/09/edm" Namespace="SIE_ASP_WM_RELEASE_QI_STOCK_SRV" xml:lang="en"
			sap:schema-version="1">
			<EntityType Name="Putaway_details" sap:content-version="1">
				<Key><PropertyRef Name="WarehouseNo"/><PropertyRef Name="Matdoc"/><PropertyRef Name="Matyear"/></Key><Property Name="UserGID" Type="Edm.String" Nullable="false" MaxLength="12" sap:unicode="false" sap:label="User GID" sap:creatable="false"
					sap:updatable="false" sap:sortable="false" sap:filterable="false"/><Property Name="WarehouseNo" Type="Edm.String" Nullable="false" MaxLength="3" sap:unicode="false" sap:label="Warehouse Number"
					sap:creatable="false" sap:updatable="false" sap:sortable="false" sap:filterable="false"/><Property Name="Matdoc" Type="Edm.String" Nullable="false" MaxLength="10" sap:unicode="false" sap:label="Number of Material Document"
					sap:creatable="false" sap:updatable="false" sap:sortable="false" sap:filterable="false"/><Property Name="Matyear" Type="Edm.String" Nullable="false" MaxLength="4" sap:unicode="false" sap:label="Material Document Year"
					sap:creatable="false" sap:updatable="false" sap:sortable="false" sap:filterable="false"/><Property Name="StorageBin" Type="Edm.String" Nullable="false" MaxLength="10" sap:unicode="false" sap:label="Storage Bin"
					sap:creatable="false" sap:updatable="false" sap:sortable="false" sap:filterable="false"/><Property Name="StorageBindes" Type="Edm.String" Nullable="false" MaxLength="10" sap:unicode="false" sap:label="Storage Bin Confirm"
					sap:creatable="false" sap:updatable="false" sap:sortable="false" sap:filterable="false"/><Property Name="TOno" Type="Edm.String" Nullable="false" MaxLength="10" sap:unicode="false" sap:label="TO no." sap:creatable="false"
					sap:updatable="false" sap:sortable="false" sap:filterable="false"/><Property Name="TOitem" Type="Edm.String" Nullable="false" MaxLength="4" sap:unicode="false" sap:label="TO Item" sap:creatable="false"
					sap:updatable="false" sap:sortable="false" sap:filterable="false"/><Property Name="Material" Type="Edm.String" Nullable="false" MaxLength="18" sap:unicode="false" sap:label="Mat. No." sap:creatable="false"
					sap:updatable="false" sap:sortable="false" sap:filterable="false"/><Property Name="MatDesc" Type="Edm.String" Nullable="false" MaxLength="40" sap:unicode="false" sap:label="Mat. desc" sap:creatable="false"
					sap:updatable="false" sap:sortable="false" sap:filterable="false"/><Property Name="Plant" Type="Edm.String" Nullable="false" MaxLength="4" sap:unicode="false" sap:label="Plant" sap:creatable="false"
					sap:updatable="false" sap:sortable="false" sap:filterable="false"/><Property Name="Sloc" Type="Edm.String" Nullable="false" MaxLength="4" sap:unicode="false" sap:label="Sloc" sap:creatable="false"
					sap:updatable="false" sap:sortable="false" sap:filterable="false"/><Property Name="Stockcat" Type="Edm.String" Nullable="false" MaxLength="1" sap:unicode="false" sap:label="Stock Cat" sap:creatable="false"
					sap:updatable="false" sap:sortable="false" sap:filterable="false"/><Property Name="SpecialStoc" Type="Edm.String" Nullable="false" MaxLength="30" sap:unicode="false" sap:label="Spec.Stock No."
					sap:creatable="false" sap:updatable="false" sap:sortable="false" sap:filterable="false"/><Property Name="Batchno" Type="Edm.String" Nullable="false" MaxLength="10" sap:unicode="false" sap:label="Batch no." sap:creatable="false"
					sap:updatable="false" sap:sortable="false" sap:filterable="false"/><Property Name="MsgType1" Type="Edm.String" Nullable="false" MaxLength="1" sap:unicode="false" sap:label="Message Type"
					sap:creatable="false" sap:updatable="false" sap:sortable="false" sap:filterable="false"/><Property Name="MsgDesc" Type="Edm.String" Nullable="false" MaxLength="220" sap:unicode="false" sap:label="Message Desc"
					sap:creatable="false" sap:updatable="false" sap:sortable="false" sap:filterable="false"/></EntityType>
			<EntityType Name="Material_list" sap:content-version="1">
				<Key><PropertyRef Name="WarehouseNo"/></Key><Property Name="WarehouseNo" Type="Edm.String" Nullable="false" MaxLength="3" sap:unicode="false" sap:label="Warehouse Number"
					sap:creatable="false" sap:updatable="false" sap:sortable="false" sap:filterable="false"/><Property Name="Quant" Type="Edm.String" Nullable="false" MaxLength="10" sap:unicode="false" sap:label="Quant" sap:creatable="false"
					sap:updatable="false" sap:sortable="false" sap:filterable="false"/><Property Name="Material_Number" Type="Edm.String" Nullable="false" MaxLength="18" sap:unicode="false" sap:label="Material Number"
					sap:creatable="false" sap:updatable="false" sap:sortable="false" sap:filterable="false"/></EntityType>
			<EntityType Name="Chk_Material" sap:content-version="1">
				<Key><PropertyRef Name="WarehouseNo"/><PropertyRef Name="Material"/></Key><Property Name="WarehouseNo" Type="Edm.String" Nullable="false" MaxLength="3" sap:unicode="false" sap:label="Warehouse Number"
					sap:creatable="false" sap:updatable="false" sap:sortable="false" sap:filterable="false"/><Property Name="Material" Type="Edm.String" Nullable="false" MaxLength="18" sap:unicode="false" sap:label="Storage Bin"
					sap:creatable="false" sap:updatable="false" sap:sortable="false" sap:filterable="false"/><Property Name="MsgType" Type="Edm.String" Nullable="false" MaxLength="1" sap:unicode="false" sap:label="Message Type" sap:creatable="false"
					sap:updatable="false" sap:sortable="false" sap:filterable="false"/><Property Name="MsgDesc" Type="Edm.String" Nullable="false" MaxLength="220" sap:unicode="false" sap:label="Message Description"
					sap:creatable="false" sap:updatable="false" sap:sortable="false" sap:filterable="false"/></EntityType>
			<EntityType Name="UserDefault" sap:content-version="1">
				<Key><PropertyRef Name="UserGID"/></Key><Property Name="UserGID" Type="Edm.String" Nullable="false" MaxLength="12" sap:unicode="false" sap:label="User GID" sap:creatable="false"
					sap:updatable="false" sap:sortable="false" sap:filterable="false"/><Property Name="Plant" Type="Edm.String" Nullable="false" MaxLength="4" sap:unicode="false" sap:label="Plant" sap:creatable="false"
					sap:updatable="false" sap:sortable="false" sap:filterable="false"/><Property Name="WarehouseNo" Type="Edm.String" Nullable="false" MaxLength="3" sap:unicode="false" sap:label="Warehouse Number"
					sap:creatable="false" sap:updatable="false" sap:sortable="false" sap:filterable="false"/><Property Name="CompanyCode" Type="Edm.String" Nullable="false" MaxLength="4" sap:unicode="false" sap:label="Company Code"
					sap:creatable="false" sap:updatable="false" sap:sortable="false" sap:filterable="false"/><Property Name="Client" Type="Edm.String" Nullable="false" MaxLength="3" sap:unicode="false" sap:label="Client" sap:creatable="false"
					sap:updatable="false" sap:sortable="false" sap:filterable="false"/><Property Name="GRLabel" Type="Edm.String" Nullable="false" MaxLength="30" sap:unicode="false" sap:label="Output Device GRLabel"
					sap:creatable="false" sap:updatable="false" sap:sortable="false" sap:filterable="false"/><Property Name="GS1Label" Type="Edm.String" Nullable="false" MaxLength="30" sap:unicode="false" sap:label="Output Device GS1Label"
					sap:creatable="false" sap:updatable="false" sap:sortable="false" sap:filterable="false"/><Property Name="MsgType" Type="Edm.String" Nullable="false" MaxLength="1" sap:unicode="false" sap:label="Message Type" sap:creatable="false"
					sap:updatable="false" sap:sortable="false" sap:filterable="false"/><Property Name="MsgDesc" Type="Edm.String" Nullable="false" MaxLength="220" sap:unicode="false" sap:label="Message Description"
					sap:creatable="false" sap:updatable="false" sap:sortable="false" sap:filterable="false"/></EntityType>
			<EntityType Name="Chk_Warehouse_no" sap:content-version="1">
				<Key><PropertyRef Name="WarehouseNo"/><PropertyRef Name="StorageBin"/></Key><Property Name="WarehouseNo" Type="Edm.String" Nullable="false" MaxLength="3" sap:unicode="false" sap:label="Warehouse Number"
					sap:creatable="false" sap:updatable="false" sap:sortable="false" sap:filterable="false"/><Property Name="StorageBin" Type="Edm.String" Nullable="false" MaxLength="10" sap:unicode="false" sap:label="Storage Bin"
					sap:creatable="false" sap:updatable="false" sap:sortable="false" sap:filterable="false"/><Property Name="MsgType" Type="Edm.String" Nullable="false" MaxLength="1" sap:unicode="false" sap:label="Message Type" sap:creatable="false"
					sap:updatable="false" sap:sortable="false" sap:filterable="false"/><Property Name="MsgDesc" Type="Edm.String" Nullable="false" MaxLength="220" sap:unicode="false" sap:label="Message Description"
					sap:creatable="false" sap:updatable="false" sap:sortable="false" sap:filterable="false"/></EntityType>
			<EntityType Name="Item_details" sap:content-version="1">
				<Key><PropertyRef Name="WarehouseNo"/><PropertyRef Name="Material"/></Key><Property Name="UserGID" Type="Edm.String" Nullable="false" MaxLength="12" sap:unicode="false" sap:label="User GID" sap:creatable="false"
					sap:updatable="false" sap:sortable="false" sap:filterable="false"/><Property Name="WarehouseNo" Type="Edm.String" Nullable="false" MaxLength="3" sap:unicode="false" sap:label="Warehouse Number"
					sap:creatable="false" sap:updatable="false" sap:sortable="false" sap:filterable="false"/><Property Name="StorageBin" Type="Edm.String" Nullable="false" MaxLength="10" sap:unicode="false" sap:label="Source Storage Bin"
					sap:creatable="false" sap:updatable="false" sap:sortable="false" sap:filterable="false"/><Property Name="Material" Type="Edm.String" Nullable="false" MaxLength="18" sap:unicode="false" sap:label="Mat. No." sap:creatable="false"
					sap:updatable="false" sap:sortable="false" sap:filterable="false"/><Property Name="MatDesc" Type="Edm.String" Nullable="false" MaxLength="40" sap:unicode="false" sap:label="Mat. desc" sap:creatable="false"
					sap:updatable="false" sap:sortable="false" sap:filterable="false"/><Property Name="Plant" Type="Edm.String" Nullable="false" MaxLength="4" sap:unicode="false" sap:label="Plant" sap:creatable="false"
					sap:updatable="false" sap:sortable="false" sap:filterable="false"/><Property Name="Sloc" Type="Edm.String" Nullable="false" MaxLength="4" sap:unicode="false" sap:label="Sloc" sap:creatable="false"
					sap:updatable="false" sap:sortable="false" sap:filterable="false"/><Property Name="Stockcat" Type="Edm.String" Nullable="false" MaxLength="1" sap:unicode="false" sap:label="Stock Cat" sap:creatable="false"
					sap:updatable="false" sap:sortable="false" sap:filterable="false"/><Property Name="SpecialStoc" Type="Edm.String" Nullable="false" MaxLength="17" sap:unicode="false" sap:label="Spec.Stock No."
					sap:creatable="false" sap:updatable="false" sap:sortable="false" sap:filterable="false"/><Property Name="Batchno" Type="Edm.String" Nullable="false" MaxLength="10" sap:unicode="false" sap:label="Batch no." sap:creatable="false"
					sap:updatable="false" sap:sortable="false" sap:filterable="false"/><Property Name="StockQty" Type="Edm.Decimal" Nullable="false" Precision="13" Scale="3" sap:unicode="false" sap:label="Stock Quanity"
					sap:creatable="false" sap:updatable="false" sap:sortable="false" sap:filterable="false"/><Property Name="Stockqtychg" Type="Edm.Decimal" Nullable="false" Precision="13" Scale="3" sap:unicode="false"
					sap:label="Stock Quanity change" sap:creatable="false" sap:updatable="false" sap:sortable="false" sap:filterable="false"/><Property Name="SpecialStock" Type="Edm.Decimal" Nullable="false" Precision="13" Scale="3" sap:unicode="false" sap:label="SpecialStock"
					sap:creatable="false" sap:updatable="false" sap:sortable="false" sap:filterable="false"/><Property Name="SpecialStockNo" Type="Edm.String" Nullable="false" MaxLength="16" sap:unicode="false" sap:label="Spec.Stock No."
					sap:creatable="false" sap:updatable="false" sap:sortable="false" sap:filterable="false"/><Property Name="Indicator" Type="Edm.String" Nullable="false" MaxLength="1" sap:unicode="false" sap:label="Indicator" sap:creatable="false"
					sap:updatable="false" sap:sortable="false" sap:filterable="false"/><Property Name="Serialno" Type="Edm.String" Nullable="false" MaxLength="18" sap:unicode="false" sap:label="Serial Number"
					sap:creatable="false" sap:updatable="false" sap:sortable="false" sap:filterable="false"/><Property Name="Action" Type="Edm.String" Nullable="false" MaxLength="1" sap:unicode="false" sap:label="Indicator for action"
					sap:creatable="false" sap:updatable="false" sap:sortable="false" sap:filterable="false"/><Property Name="MsgType1" Type="Edm.String" Nullable="false" MaxLength="1" sap:unicode="false" sap:label="Message Type"
					sap:creatable="false" sap:updatable="false" sap:sortable="false" sap:filterable="false"/><Property Name="MsgDesc" Type="Edm.String" Nullable="false" MaxLength="220" sap:unicode="false" sap:label="Message Description"
					sap:creatable="false" sap:updatable="false" sap:sortable="false" sap:filterable="false"/></EntityType>
			<EntityContainer Name="SIE_ASP_WM_RELEASE_QI_STOCK_SRV_Entities" m:IsDefaultEntityContainer="true" sap:supported-formats="atom json xlsx"><EntitySet Name="Putaway_detailsSet" EntityType="SIE_ASP_WM_RELEASE_QI_STOCK_SRV.Putaway_details" sap:creatable="false"
				sap:updatable="false" sap:deletable="false" sap:pageable="false" sap:addressable="false" sap:content-version="1"/><EntitySet Name="Material_listSet" EntityType="SIE_ASP_WM_RELEASE_QI_STOCK_SRV.Material_list" sap:creatable="false" sap:updatable="false"
				sap:deletable="false" sap:pageable="false" sap:addressable="false" sap:content-version="1"/><EntitySet Name="Chk_MaterialSet" EntityType="SIE_ASP_WM_RELEASE_QI_STOCK_SRV.Chk_Material" sap:creatable="false" sap:updatable="false"
				sap:deletable="false" sap:pageable="false" sap:addressable="false" sap:content-version="1"/><EntitySet Name="UserDefaultSet" EntityType="SIE_ASP_WM_RELEASE_QI_STOCK_SRV.UserDefault" sap:creatable="false" sap:updatable="false"
				sap:deletable="false" sap:pageable="false" sap:addressable="false" sap:content-version="1"/><EntitySet Name="Chk_Warehouse_noSet" EntityType="SIE_ASP_WM_RELEASE_QI_STOCK_SRV.Chk_Warehouse_no" sap:creatable="false"
				sap:updatable="false" sap:deletable="false" sap:pageable="false" sap:addressable="false" sap:content-version="1"/><EntitySet Name="Item_detailsSet" EntityType="SIE_ASP_WM_RELEASE_QI_STOCK_SRV.Item_details" sap:creatable="false" sap:updatable="false"
				sap:deletable="false" sap:pageable="false" sap:addressable="false" sap:content-version="1"/></EntityContainer><atom:link xmlns:atom="http://www.w3.org/2005/Atom" rel="self" href="./sap/opu/odata/SIE/ASP_WM_RELEASE_QI_STOCK_SRV/$metadata"/><atom:link xmlns:atom="http://www.w3.org/2005/Atom" rel="latest-version" href="./sap/opu/odata/SIE/ASP_WM_RELEASE_QI_STOCK_SRV/$metadata"/></Schema>
	</edmx:DataServices>
</edmx:Edmx>