<edmx:Edmx xmlns:edmx="http://schemas.microsoft.com/ado/2007/06/edmx"
	xmlns:m="http://schemas.microsoft.com/ado/2007/08/dataservices/metadata" xmlns:sap="http://www.sap.com/Protocols/SAPData" Version="1.0">
	<edmx:Reference xmlns:edmx="http://docs.oasis-open.org/odata/ns/edmx"
		Uri="./sap/opu/odata/IWFND/CATALOGSERVICE;v=2/Vocabularies(TechnicalName='%2FIWBEP%2FVOC_COMMON',Version='0001',SAP__Origin='S4CLNT')/$value"><edmx:Include Namespace="com.sap.vocabularies.Common.v1" Alias="Common"/></edmx:Reference>
	<edmx:DataServices m:DataServiceVersion="2.0">
		<Schema xmlns="http://schemas.microsoft.com/ado/2008/09/edm" Namespace="YMM_PO_STATUS_DATA_CDS" xml:lang="en" sap:schema-version="1">
			<EntityType Name="ymm_PO_STATUS_DATAType" sap:label="cds view to get the total count of PO status" sap:content-version="1">
				<Key><PropertyRef Name="p_fiscalyear"/><PropertyRef Name="purchaseorder"/></Key><Property Name="p_fiscalyear" Type="Edm.String" Nullable="false" MaxLength="4" sap:display-format="NonNegative" sap:label="Fiscal Year"/><Property Name="purchaseorder" Type="Edm.String" Nullable="false" MaxLength="10" sap:display-format="UpperCase"
					sap:label="Purchasing Document" sap:quickinfo="Purchasing Document Number"/><Property Name="purchaseorderitem" Type="Edm.String" MaxLength="5" sap:display-format="NonNegative" sap:label="Item"
					sap:quickinfo="Item Number of Purchasing Document"/><Property Name="Vendor" Type="Edm.String" MaxLength="10" sap:display-format="UpperCase" sap:label="Vendor"
					sap:quickinfo="Vendor's account number"/><Property Name="Requesttype" Type="Edm.String" MaxLength="19" sap:display-format="UpperCase"/><Property Name="name1" Type="Edm.String" MaxLength="35" sap:label="Name" sap:quickinfo="Name 1"/><Property Name="frgke" Type="Edm.String" MaxLength="1" sap:display-format="UpperCase" sap:label="Release indicator"
					sap:quickinfo="Release Indicator: Purchasing Document"/><Property Name="Releaseindicator" Type="Edm.String" MaxLength="30" sap:display-format="UpperCase"/><Property Name="Purchaserequisition" Type="Edm.String" MaxLength="10" sap:display-format="UpperCase" sap:label="Purchase Requisition"
					sap:quickinfo="Purchase Requisition Number"/><Property Name="purchaserequistionitem" Type="Edm.String" MaxLength="5" sap:display-format="NonNegative" sap:label="Item of requisition"
					sap:quickinfo="Item number of purchase requisition"/><Property Name="RFQstatus" Type="Edm.String" MaxLength="1" sap:display-format="UpperCase" sap:label="RFQ status"/><Property Name="Quantity" Type="Edm.Decimal" Precision="13" Scale="3" sap:label="Order Quantity" sap:quickinfo="Purchase Order Quantity"/><Property Name="NetValue" Type="Edm.Decimal" Precision="14" Scale="3" sap:label="Net Order Value"
					sap:quickinfo="Net Order Value in PO Currency"/><Property Name="CurrencyKey" Type="Edm.String" MaxLength="5" sap:label="Currency" sap:quickinfo="Currency Key" sap:semantics="currency-code"/><Property Name="creationdate" Type="Edm.DateTime" Precision="0" sap:display-format="Date" sap:label="Last Changed on"
					sap:quickinfo="Purchasing Document Item Change Date"/><Property Name="podate" Type="Edm.DateTime" Precision="0" sap:display-format="Date" sap:label="Document Date"
					sap:quickinfo="Purchasing Document Date"/><Property Name="Plant" Type="Edm.String" MaxLength="4" sap:display-format="UpperCase" sap:label="Plant"/><Property Name="Materialgroup" Type="Edm.String" MaxLength="9" sap:display-format="UpperCase" sap:label="Material Group"/><Property Name="ItemCategory" Type="Edm.String" MaxLength="7" sap:display-format="UpperCase"/><Property Name="deliveredvalue" Type="Edm.Decimal" Precision="23" Scale="2"/><Property Name="invoicevalue" Type="Edm.Decimal" Precision="23" Scale="2"/><Property Name="waers" Type="Edm.String" MaxLength="5" sap:label="Currency" sap:quickinfo="Currency Key" sap:semantics="currency-code"/><Property Name="PRcreatedby" Type="Edm.String" MaxLength="12" sap:display-format="UpperCase" sap:label="Created By"
					sap:quickinfo="Name of Person Responsible for Creating the Object"/><Property Name="bewtp" Type="Edm.String" MaxLength="1" sap:display-format="UpperCase" sap:label="PO History Category"
					sap:quickinfo="Purchase Order History Category"/><Property Name="COUNTflag1" Type="Edm.Int32"/><Property Name="Date_YearMonth" Type="Edm.String" MaxLength="6" sap:display-format="UpperCase"/><Property Name="Date_month_NUMC" Type="Edm.String" MaxLength="2" sap:display-format="NonNegative" sap:text="created month_numc"/><Property Name="monthname" Type="Edm.String" MaxLength="9" sap:display-format="UpperCase"/><Property Name="currentyear" Type="Edm.String" MaxLength="4" sap:display-format="NonNegative" sap:text="created year"/><Property Name="totalreleased" Type="Edm.Decimal" Precision="14" Scale="3"/><Property Name="totaldelivered" Type="Edm.Decimal" Precision="14" Scale="3"/><Property Name="totalinvoiced" Type="Edm.Decimal" Precision="14" Scale="3"/><Property Name="monthyear" Type="Edm.String" MaxLength="13" sap:display-format="UpperCase"/><NavigationProperty Name="Parameters" Relationship="YMM_PO_STATUS_DATA_CDS.assoc_CF89BD56040FDD6AF2BC12CB8C888153"
					FromRole="ToRole_assoc_CF89BD56040FDD6AF2BC12CB8C888153" ToRole="FromRole_assoc_CF89BD56040FDD6AF2BC12CB8C888153" sap:filterable="false"/></EntityType>
			<EntityType Name="ymm_PO_STATUS_DATAParameters" sap:semantics="parameters" sap:content-version="1">
				<Key><PropertyRef Name="p_fiscalyear"/></Key><Property Name="p_fiscalyear" Type="Edm.String" Nullable="false" MaxLength="4" sap:display-format="NonNegative" sap:parameter="mandatory"
					sap:label="Fiscal Year" sap:creatable="false" sap:updatable="false" sap:sortable="false" sap:filterable="false"/><NavigationProperty Name="Set" Relationship="YMM_PO_STATUS_DATA_CDS.assoc_CF89BD56040FDD6AF2BC12CB8C888153"
					FromRole="FromRole_assoc_CF89BD56040FDD6AF2BC12CB8C888153" ToRole="ToRole_assoc_CF89BD56040FDD6AF2BC12CB8C888153"/></EntityType>
			<Association Name="assoc_CF89BD56040FDD6AF2BC12CB8C888153" sap:content-version="1"><End Type="YMM_PO_STATUS_DATA_CDS.ymm_PO_STATUS_DATAParameters" Multiplicity="1" Role="FromRole_assoc_CF89BD56040FDD6AF2BC12CB8C888153"/><End Type="YMM_PO_STATUS_DATA_CDS.ymm_PO_STATUS_DATAType" Multiplicity="*" Role="ToRole_assoc_CF89BD56040FDD6AF2BC12CB8C888153"/></Association>
			<EntityContainer Name="YMM_PO_STATUS_DATA_CDS_Entities" m:IsDefaultEntityContainer="true" sap:supported-formats="atom json xlsx"><EntitySet Name="ymm_PO_STATUS_DATASet" EntityType="YMM_PO_STATUS_DATA_CDS.ymm_PO_STATUS_DATAType" sap:creatable="false"
				sap:updatable="false" sap:deletable="false" sap:addressable="false" sap:content-version="1"/><EntitySet Name="ymm_PO_STATUS_DATA" EntityType="YMM_PO_STATUS_DATA_CDS.ymm_PO_STATUS_DATAParameters" sap:creatable="false"
				sap:updatable="false" sap:deletable="false" sap:pageable="false" sap:content-version="1"/>
				<AssociationSet Name="assoc_CF89BD56040FDD6AF2BC12CB8C888153" Association="YMM_PO_STATUS_DATA_CDS.assoc_CF89BD56040FDD6AF2BC12CB8C888153"
					sap:creatable="false" sap:updatable="false" sap:deletable="false" sap:content-version="1"><End EntitySet="ymm_PO_STATUS_DATA" Role="FromRole_assoc_CF89BD56040FDD6AF2BC12CB8C888153"/><End EntitySet="ymm_PO_STATUS_DATASet" Role="ToRole_assoc_CF89BD56040FDD6AF2BC12CB8C888153"/></AssociationSet>
			</EntityContainer><atom:link xmlns:atom="http://www.w3.org/2005/Atom" rel="self" href="./sap/opu/odata/sap/YMM_PO_STATUS_DATA_CDS/$metadata"/><atom:link xmlns:atom="http://www.w3.org/2005/Atom" rel="latest-version" href="./sap/opu/odata/sap/YMM_PO_STATUS_DATA_CDS/$metadata"/></Schema>
	</edmx:DataServices>
</edmx:Edmx>