<edmx:Edmx xmlns:edmx="http://schemas.microsoft.com/ado/2007/06/edmx"
	xmlns:m="http://schemas.microsoft.com/ado/2007/08/dataservices/metadata" xmlns:sap="http://www.sap.com/Protocols/SAPData" Version="1.0">
	<edmx:DataServices m:DataServiceVersion="2.0">
		<Schema xmlns="http://schemas.microsoft.com/ado/2008/09/edm" Namespace="YMM_PR_CREATION_ASSOCIATION_SRV" xml:lang="en"
			sap:schema-version="1">
			<EntityType Name="PR_Header" sap:content-version="1">
				<Key><PropertyRef Name="Banfn"/></Key><Property Name="Banfn" Type="Edm.String" Nullable="false" MaxLength="10" sap:unicode="false" sap:label="Purchase Req." sap:creatable="false"
					sap:updatable="false" sap:sortable="false" sap:filterable="false"/><Property Name="Bsart" Type="Edm.String" Nullable="false" MaxLength="4" sap:unicode="false" sap:label="Document Type" sap:creatable="false"
					sap:updatable="false" sap:sortable="false" sap:filterable="false"/><NavigationProperty Name="PR_ItemSet" Relationship="YMM_PR_CREATION_ASSOCIATION_SRV.PrHeaderItem" FromRole="FromRole_PrHeaderItem"
					ToRole="ToRole_PrHeaderItem"/></EntityType>
			<EntityType Name="PR_Item" sap:content-version="1">
				<Key><PropertyRef Name="PreqNo"/><PropertyRef Name="PreqItem"/></Key><Property Name="Itemtext" Type="Edm.String" Nullable="false" MaxLength="40" sap:unicode="false" sap:label="Char" sap:creatable="false"
					sap:updatable="false" sap:sortable="false" sap:filterable="false"/><Property Name="PreqNo" Type="Edm.String" Nullable="false" MaxLength="10" sap:unicode="false" sap:label="Purchase Req."
					sap:creatable="false" sap:updatable="false" sap:sortable="false" sap:filterable="false"/><Property Name="DeleteIndicator" Type="Edm.Boolean" Nullable="false" sap:unicode="false" sap:label="Indicator" sap:creatable="false"
					sap:updatable="false" sap:sortable="false" sap:filterable="false"/><Property Name="Pstyp" Type="Edm.String" Nullable="false" MaxLength="1" sap:unicode="false" sap:label="Item category" sap:creatable="false"
					sap:updatable="false" sap:sortable="false" sap:filterable="false"/><Property Name="Bednr" Type="Edm.String" Nullable="false" MaxLength="10" sap:unicode="false" sap:label="Tracking Number"
					sap:creatable="false" sap:updatable="false" sap:sortable="false" sap:filterable="false"/><Property Name="PreqItem" Type="Edm.String" Nullable="false" MaxLength="5" sap:unicode="false" sap:label="Requisn. item"
					sap:creatable="false" sap:updatable="false" sap:sortable="false" sap:filterable="false"/><Property Name="DocType" Type="Edm.String" Nullable="false" MaxLength="4" sap:unicode="false" sap:label="Order Type" sap:creatable="false"
					sap:updatable="false" sap:sortable="false" sap:filterable="false"/><Property Name="Konnr" Type="Edm.String" Nullable="false" MaxLength="10" sap:unicode="false" sap:label="Agreement" sap:creatable="false"
					sap:updatable="false" sap:sortable="false" sap:filterable="false"/><Property Name="Banpr" Type="Edm.String" Nullable="false" MaxLength="2" sap:unicode="false" sap:label="Proc. state" sap:creatable="false"
					sap:updatable="false" sap:sortable="false" sap:filterable="false"/><Property Name="PurGroup" Type="Edm.String" Nullable="false" MaxLength="3" sap:unicode="false" sap:label="Purch. Group"
					sap:creatable="false" sap:updatable="false" sap:sortable="false" sap:filterable="false"/><Property Name="Blckd" Type="Edm.String" Nullable="false" MaxLength="1" sap:unicode="false" sap:label="Blocking Ind." sap:creatable="false"
					sap:updatable="false" sap:sortable="false" sap:filterable="false"/><Property Name="PreqDate" Type="Edm.DateTime" Precision="7" sap:unicode="false" sap:label="Requisn Date" sap:creatable="false"
					sap:updatable="false" sap:sortable="false" sap:filterable="false"/><Property Name="Blckt" Type="Edm.String" Nullable="false" MaxLength="60" sap:unicode="false" sap:label="Blocking Text" sap:creatable="false"
					sap:updatable="false" sap:sortable="false" sap:filterable="false"/><Property Name="Plant" Type="Edm.String" Nullable="false" MaxLength="4" sap:unicode="false" sap:label="Plant" sap:creatable="false"
					sap:updatable="false" sap:sortable="false" sap:filterable="false"/><Property Name="AccountType" Type="Edm.String" Nullable="false" MaxLength="1" sap:unicode="false" sap:label="Acct Assgmt Cat"
					sap:creatable="false" sap:updatable="false" sap:sortable="false" sap:filterable="false"/><Property Name="Vbeln" Type="Edm.String" Nullable="false" MaxLength="10" sap:unicode="false" sap:label="SD Document" sap:creatable="false"
					sap:updatable="false" sap:sortable="false" sap:filterable="false"/><Property Name="CostCtr" Type="Edm.String" Nullable="false" MaxLength="10" sap:unicode="false" sap:label="Cost Center" sap:creatable="false"
					sap:updatable="false" sap:sortable="false" sap:filterable="false"/><Property Name="Vbelp" Type="Edm.String" Nullable="false" MaxLength="6" sap:unicode="false" sap:label="Item" sap:creatable="false"
					sap:updatable="false" sap:sortable="false" sap:filterable="false"/><Property Name="Anln1" Type="Edm.String" Nullable="false" MaxLength="12" sap:unicode="false" sap:label="Asset" sap:creatable="false"
					sap:updatable="false" sap:sortable="false" sap:filterable="false"/><Property Name="WbsElem" Type="Edm.String" MaxLength="24" sap:unicode="false" sap:label="WBS element" sap:creatable="false"
					sap:updatable="false" sap:sortable="false" sap:filterable="false"/><Property Name="Requisitioner" Type="Edm.String" Nullable="false" MaxLength="12" sap:unicode="false" sap:label="Requisitioner"
					sap:creatable="false" sap:updatable="false" sap:sortable="false" sap:filterable="false"/><Property Name="MaterialDesc" Type="Edm.String" Nullable="false" MaxLength="40" sap:unicode="false" sap:label="Short Text"
					sap:creatable="false" sap:updatable="false" sap:sortable="false" sap:filterable="false"/><Property Name="Material" Type="Edm.String" Nullable="false" MaxLength="40" sap:unicode="false" sap:label="Material" sap:creatable="false"
					sap:updatable="false" sap:sortable="false" sap:filterable="false"/><Property Name="MatGrp" Type="Edm.String" Nullable="false" MaxLength="9" sap:unicode="false" sap:label="Material Group"
					sap:creatable="false" sap:updatable="false" sap:sortable="false" sap:filterable="false"/><Property Name="Quantity" Type="Edm.Decimal" Nullable="false" Precision="13" Scale="3" sap:unicode="false" sap:label="Quantity"
					sap:creatable="false" sap:updatable="false" sap:sortable="false" sap:filterable="false"/><Property Name="Unit" Type="Edm.String" Nullable="false" MaxLength="3" sap:unicode="false" sap:label="Unit of Measure" sap:creatable="false"
					sap:updatable="false" sap:sortable="false" sap:filterable="false" sap:semantics="unit-of-measure"/><Property Name="DelivDate" Type="Edm.DateTime" Precision="7" sap:unicode="false" sap:label="Delivery date" sap:creatable="false"
					sap:updatable="false" sap:sortable="false" sap:filterable="false"/><Property Name="UnitPrice" Type="Edm.Decimal" Nullable="false" Precision="28" Scale="9" sap:unicode="false" sap:label="Currency amount"
					sap:creatable="false" sap:updatable="false" sap:sortable="false" sap:filterable="false"/><Property Name="Currency" Type="Edm.String" Nullable="false" MaxLength="5" sap:unicode="false" sap:label="Currency" sap:creatable="false"
					sap:updatable="false" sap:sortable="false" sap:filterable="false" sap:semantics="currency-code"/><Property Name="Zzbu" Type="Edm.String" Nullable="false" MaxLength="2" sap:unicode="false" sap:label="Business Unit" sap:creatable="false"
					sap:updatable="false" sap:sortable="false" sap:filterable="false"/><Property Name="ZzbuDesc" Type="Edm.String" Nullable="false" MaxLength="20" sap:unicode="false" sap:label="Business Unit Descri"
					sap:creatable="false" sap:updatable="false" sap:sortable="false" sap:filterable="false"/><Property Name="ZzdeptCode" Type="Edm.String" Nullable="false" MaxLength="2" sap:unicode="false" sap:label="Department"
					sap:creatable="false" sap:updatable="false" sap:sortable="false" sap:filterable="false"/><Property Name="ZzdeptDesc" Type="Edm.String" Nullable="false" MaxLength="30" sap:unicode="false" sap:label="Department Descripti"
					sap:creatable="false" sap:updatable="false" sap:sortable="false" sap:filterable="false"/><Property Name="ZzdeptCode2" Type="Edm.String" Nullable="false" MaxLength="2" sap:unicode="false" sap:label="Department"
					sap:creatable="false" sap:updatable="false" sap:sortable="false" sap:filterable="false"/><Property Name="ZzdeptDesc2" Type="Edm.String" Nullable="false" MaxLength="40" sap:unicode="false" sap:label="Department Descripti"
					sap:creatable="false" sap:updatable="false" sap:sortable="false" sap:filterable="false"/><Property Name="ZzaprL3" Type="Edm.String" Nullable="false" MaxLength="12" sap:unicode="false" sap:label="Approver L3" sap:creatable="false"
					sap:updatable="false" sap:sortable="false" sap:filterable="false"/><Property Name="ZzaprL3Name" Type="Edm.String" Nullable="false" MaxLength="40" sap:unicode="false" sap:label="Approver L3 Name"
					sap:creatable="false" sap:updatable="false" sap:sortable="false" sap:filterable="false"/><Property Name="ZzassName2" Type="Edm.String" Nullable="false" MaxLength="40" sap:unicode="false" sap:label="Requester"
					sap:creatable="false" sap:updatable="false" sap:sortable="false" sap:filterable="false"/><Property Name="Sakto" Type="Edm.String" Nullable="false" MaxLength="10" sap:unicode="false" sap:label="G/L Account" sap:creatable="false"
					sap:updatable="false" sap:sortable="false" sap:filterable="false"/><Property Name="Zzcategoty" Type="Edm.String" Nullable="false" MaxLength="10" sap:unicode="false" sap:label="Category" sap:creatable="false"
					sap:updatable="false" sap:sortable="false" sap:filterable="false"/></EntityType>
			<Association Name="PrHeaderItem" sap:content-version="1"><End Type="YMM_PR_CREATION_ASSOCIATION_SRV.PR_Header" Multiplicity="1" Role="FromRole_PrHeaderItem"/><End Type="YMM_PR_CREATION_ASSOCIATION_SRV.PR_Item" Multiplicity="*" Role="ToRole_PrHeaderItem"/>
				<ReferentialConstraint>
					<Principal Role="FromRole_PrHeaderItem"><PropertyRef Name="Banfn"/></Principal>
					<Dependent Role="ToRole_PrHeaderItem"><PropertyRef Name="PreqItem"/></Dependent>
				</ReferentialConstraint>
			</Association>
			<EntityContainer Name="YMM_PR_CREATION_ASSOCIATION_SRV_Entities" m:IsDefaultEntityContainer="true" sap:supported-formats="atom json xlsx"><EntitySet Name="PR_HeaderSet" EntityType="YMM_PR_CREATION_ASSOCIATION_SRV.PR_Header" sap:creatable="false" sap:updatable="false"
				sap:pageable="false" sap:content-version="1"/><EntitySet Name="PR_ItemSet" EntityType="YMM_PR_CREATION_ASSOCIATION_SRV.PR_Item" sap:creatable="false" sap:updatable="false"
				sap:pageable="false" sap:content-version="1"/>
				<AssociationSet Name="PrHeaderItemSet" Association="YMM_PR_CREATION_ASSOCIATION_SRV.PrHeaderItem" sap:creatable="false"
					sap:updatable="false" sap:deletable="false" sap:content-version="1"><End EntitySet="PR_HeaderSet" Role="FromRole_PrHeaderItem"/><End EntitySet="PR_ItemSet" Role="ToRole_PrHeaderItem"/></AssociationSet>
			</EntityContainer><atom:link xmlns:atom="http://www.w3.org/2005/Atom" rel="self" href="./sap/YMM_PR_CREATION_ASSOCIATION_SRV/$metadata"/><atom:link xmlns:atom="http://www.w3.org/2005/Atom" rel="latest-version" href="./sap/YMM_PR_CREATION_ASSOCIATION_SRV/$metadata"/></Schema>
	</edmx:DataServices>
</edmx:Edmx>