<core:FragmentDefinition xmlns="sap.m"
    xmlns:core="sap.ui.core"
    xmlns:l="sap.ui.layout"
    xmlns:f="sap.ui.layout.form"
    xmlns:smartFilterBar="sap.ui.comp.smartfilterbar"
    xmlns:smartTable="sap.ui.comp.smarttable">
    <Dialog title="{i18n>LT}" draggable="false" contentWidth="95%" contentHeight="90%">
        <beginButton>
            <Button text="{i18n>ok}" press="okPress"/>
        </beginButton>
        <endButton>
            <Button text="{i18n>close}" press="closeDialog"/>
        </endButton>
        <content>
            <smartFilterBar:SmartFilterBar id="smartFilterBarLTTH" entitySet="C_PPS_MilestoneTemplateVH" persistencyKey="SmartFilter_Explored" enableBasicSearch="true" useDateRangeType="true" filterChange="onFilterChange" initialized="onFilterbarInitialized"></smartFilterBar:SmartFilterBar>
            <smartTable:SmartTable id="smartTableLTTH" entitySet="C_PPS_MilestoneTemplateVH" smartFilterId="smartFilterBarLTTH" tableType="ResponsiveTable" useVariantManagement="false" showVariantManagement="false" useTablePersonalisation="false" showRowCount="false" enableAutoBinding="true" demandPopin="true" useExportToExcel="false">
                <Table id="smartTableLTTHInnerTable" mode="SingleSelectLeft" growing="true" growingScrollToLoad="true" showNoData="true" fixedLayout="false"></Table>
            </smartTable:SmartTable>
        </content>
    </Dialog>
</core:FragmentDefinition>