<?xml version="1.0" encoding="utf-8"?>
<edmx:Edmx xmlns:edmx="http://docs.oasis-open.org/odata/ns/edmx" Version="4.0">
	<edmx:Reference Uri="/sap/bc/ui5_ui5/ui2/ushell/resources/sap/ushell/components/factsheet/vocabularies/UI.xml">
		<edmx:Include Alias="UI" Namespace="com.sap.vocabularies.UI.v1"/>
	</edmx:Reference>
	<edmx:Reference Uri="/sap/opu/odata/sap/O2C_CI_INVDOC_DISPLAY_SRV/$metadata">
		<edmx:Include Alias="O2C_CI_INVDOC_DISPLAY_SRV" Namespace="O2C_CI_INVDOC_DISPLAY_SRV"/>
	</edmx:Reference>
	<edmx:Reference Uri="/sap/bc/ui5_ui5/ui2/ushell/resources/sap/ushell/components/factsheet/vocabularies/Communication.xml">
		<edmx:Include Alias="vCard" Namespace="com.sap.vocabularies.Communication.v1"/>
	</edmx:Reference>
	<edmx:Reference Uri="/sap/bc/ui5_ui5/ui2/ushell/resources/sap/ushell/components/factsheet/vocabularies/Common.xml">
		<edmx:Include Alias="Common" Namespace="com.sap.vocabularies.Common.v1"/>
	</edmx:Reference>
	<edmx:Reference Uri="http://docs.oasis-open.org/odata/odata/v4.0/errata02/os/complete/vocabularies/Org.OData.Core.V1.xml">
		<edmx:Include Alias="Core" Namespace="Org.OData.Core.V1"/>
	</edmx:Reference>
	<edmx:Reference Uri="http://docs.oasis-open.org/odata/odata/v4.0/cs01/vocabularies/Org.OData.Measures.V1.xml">
		<edmx:Include Alias="CQP" Namespace="Org.OData.Measures.V1"/>
	</edmx:Reference>
	<edmx:Reference Uri="http://docs.oasis-open.org/odata/odata/v4.0/cs01/vocabularies/Org.OData.Capabilities.V1.xml">
		<edmx:Include Alias="Capabilities" Namespace="Org.OData.Capabilities.V1"/>
	</edmx:Reference>
	<edmx:Reference Uri="http://docs.oasis-open.org/odata/odata-data-aggregation-ext/v4.0/cs02/vocabularies/Org.OData.Aggregation.V1.xml">
		<edmx:Include Alias="Aggregation" Namespace="Org.OData.Aggregation.V1"/>
	</edmx:Reference>
	<edmx:Reference Uri="https://oasis-tcs.github.io/odata-vocabularies/vocabularies/Org.OData.Authorization.V1.xml">
		<edmx:Include Alias="Auth" Namespace="Org.OData.Authorization.V1"/>
	</edmx:Reference>
	<edmx:Reference Uri="https://oasis-tcs.github.io/odata-vocabularies/vocabularies/Org.OData.Validation.V1.xml">
		<edmx:Include Alias="Validation" Namespace="Org.OData.Validation.V1"/>
	</edmx:Reference>
	<edmx:DataServices>
		<Schema xmlns="http://docs.oasis-open.org/odata/ns/edm">
			<!--===============================================================================
                Entity Type from chosen collection 
                ================================================================================-->
			<Annotations Target="O2C_CI_INVDOC_DISPLAY_SRV.C_CAInvcgDocDispType">
				<Annotation Term="UI.HeaderInfo">
					<Record Type="UI.HeaderInfoType">
						<PropertyValue Property="TypeName" String="{@i18n&gt;INVOICING_DOCUMENT}"/>
						<PropertyValue Property="TypeNamePlural" String="{@i18n&gt;INVOICING_DOCUMENTS}"/>
						<PropertyValue Property="Title">
							<Record Type="UI.DataField">
								<PropertyValue Property="Value">
									<Apply Function="odata.concat">
										<String>{@i18n&gt;INVOICING_DOCUMENT}</String>
										<Path>CAInvoicingDocument</Path>
									 </Apply>
								</PropertyValue>
							</Record>
						</PropertyValue>
					</Record>
				</Annotation>
				
				<Annotation Term="UI.Facets">
					<Collection>
						<Record Type="UI.CollectionFacet">
							<PropertyValue Property="Label" String="{@i18n&gt;@HEADER}" />
							<PropertyValue Property="ID" String="HeaderCollFacet" />
							<PropertyValue Property="Facets">
								<Collection>
									<Record Type="UI.ReferenceFacet">
										<Annotation Term="UI.Importance" EnumMember="UI.ImportanceType/High" />
										<PropertyValue Property="Label" String="{@i18n&gt;HEADER_GENERAL}" />
										<PropertyValue Property="Target" AnnotationPath="@UI.FieldGroup#GENERAL"/> 
									</Record>
									<Record Type="UI.ReferenceFacet">
										<Annotation Term="UI.Importance" EnumMember="UI.ImportanceType/High" />
										<PropertyValue Property="Label" String="{@i18n&gt;HEADER_POSTING}" />
										<PropertyValue Property="Target" AnnotationPath="@UI.FieldGroup#POSTING"/> 
									</Record>
									<Record Type="UI.ReferenceFacet">
										<Annotation Term="UI.Importance" EnumMember="UI.ImportanceType/High" />
										<PropertyValue Property="Label" String="{@i18n&gt;HEADER_INVPERIOD}" />
										<PropertyValue Property="Target" AnnotationPath="@UI.FieldGroup#INVPERIOD"/> 
									</Record>
									<Record Type="UI.ReferenceFacet">
										<PropertyValue Property="Label" String="{@i18n&gt;HEADER_PRINT}" />
										<PropertyValue Property="Target" AnnotationPath="@UI.FieldGroup#PRINT"/>
									</Record>
									<Record Type="UI.ReferenceFacet"> 
										<PropertyValue Property="Label" String="{@i18n&gt;HEADER_REVERSAL_CORRECTION}" />
										<PropertyValue Property="Target" AnnotationPath="@UI.FieldGroup#REVERSAL_CORRECTION"/> 
										<Annotation Term="UI.PartOfPreview" Bool="false"/>
									</Record>
									<Record Type="UI.ReferenceFacet">
										<PropertyValue Property="Label" String="{@i18n&gt;HEADER_PAYMENT}" />
										<PropertyValue Property="Target" AnnotationPath="@UI.FieldGroup#PAYMENT"/>
										<Annotation Term="UI.PartOfPreview" Bool="false"/>
									</Record>
									<Record Type="UI.ReferenceFacet">
										<PropertyValue Property="Label" String="{@i18n&gt;HEADER_PRELIMINARY_INV}" />
										<PropertyValue Property="Target" AnnotationPath="@UI.FieldGroup#PRELIMINARY_INV"/>
										<Annotation Term="UI.PartOfPreview" Bool="false"/>
									</Record>
									<Record Type="UI.ReferenceFacet">
										<Annotation Term="UI.Importance" EnumMember="UI.ImportanceType/Low" />
										<PropertyValue Property="Label" String="{@i18n&gt;HEADER_OFFICIAL_DOCNO}" />
										<PropertyValue Property="Target" AnnotationPath="@UI.FieldGroup#OFFICIAL_DOCNO"/>
										<Annotation Term="UI.PartOfPreview" Bool="false"/>
									</Record>
									<Record Type="UI.ReferenceFacet">
										<PropertyValue Property="Label" String="{@i18n&gt;HEADER_ADMINISTRATIVE}" />
										<PropertyValue Property="Target" AnnotationPath="@UI.FieldGroup#ADMINISTRATIVE"/>
										<Annotation Term="UI.PartOfPreview" Bool="false"/> 
									</Record>
									<Record Type="UI.ReferenceFacet">
										<PropertyValue Property="Label" String="{@i18n&gt;HEADER_OTHERS}" />
										<PropertyValue Property="Target" AnnotationPath="@UI.FieldGroup#OTHERS"/> 
										<Annotation Term="UI.PartOfPreview" Bool="false"/>
									</Record>
								</Collection>
							</PropertyValue>
						</Record>
						<Record Type="UI.ReferenceFacet">
							<PropertyValue Property="Label" String="{@i18n&gt;@ITEM_DOCUMENTS}"/>
							<PropertyValue Property="ID" String="LI_Item" />
							<PropertyValue Property="Target" AnnotationPath="to_CAInvcgDocItem/@UI.LineItem"/>
						</Record>
						<Record Type="UI.ReferenceFacet">
							<PropertyValue Property="Label" String="{@i18n&gt;@POSTING_DOCUMENTS}" />
							<PropertyValue Property="ID" String="LI_Posting" />
							<PropertyValue Property="Target" AnnotationPath="to_CAInvcgDocPosting/@UI.LineItem"/>
						</Record>
						<Record Type="UI.ReferenceFacet">
							<PropertyValue Property="Label" String="{@i18n&gt;@SOURCE_DOCUMENTS}" />
							<PropertyValue Property="ID" String="LI_Source" />
							<PropertyValue Property="Target" AnnotationPath="to_CAInvcgDocSource/@UI.LineItem"/>
						</Record>
						<Record Type="UI.ReferenceFacet">
							<PropertyValue Property="Label" String="{@i18n&gt;@REFERENCES}" />
							<PropertyValue Property="ID" String="LI_Relation"/>
							<PropertyValue Property="Target" AnnotationPath="to_CAInvcgDocRelation/@UI.LineItem"/>
						</Record>
						<Record Type="UI.ReferenceFacet">
							<PropertyValue Property="Label" String="{@i18n&gt;@INVOICING_HISTORY_OF_CONTRACT_ACCOUNT}"/>
							<PropertyValue Property="ID" String="ChartItem"/>
							<PropertyValue Property="Target" AnnotationPath="to_CAInvcgDocContractAccount/@UI.Chart"/>
						</Record>
						<Record Type="UI.ReferenceFacet">
							<PropertyValue Property="Label" String="{@i18n&gt;@CONSUMPTION_ITEMS}"/>
							<PropertyValue Property="ID" String="LI_CIT" />
							<PropertyValue Property="Target" AnnotationPath="to_CAConsumptionItem/@UI.LineItem"/>
						</Record>
						<Record Type="UI.ReferenceFacet">
							<PropertyValue Property="Label" String="{@i18n&gt;@BILLABLE_ITEMS}"/>
							<PropertyValue Property="ID" String="LI_BIT" />
							<PropertyValue Property="Target" AnnotationPath="to_CABillableItem/@UI.LineItem"/>
						</Record>
					</Collection>
				</Annotation>
			</Annotations>
			<Annotations Target="O2C_CI_INVDOC_DISPLAY_SRV.C_CAInvcgDocItemType/CAInvcgSourceDocumentNumber">
				<Annotation Term="Common.SemanticObject" String="{path:'CAInvcgSourceDocumentSemObj'}"/>
			</Annotations>
			<Annotations Target="O2C_CI_INVDOC_DISPLAY_SRV.C_CAInvcgDocSourceType/CAInvcgSourceDocumentNumber">
				<Annotation Term="Common.SemanticObject" String="{path:'CAInvcgSourceDocumentSemObj'}"/>
			</Annotations>
			<Annotations Target="O2C_CI_INVDOC_DISPLAY_SRV.C_CAInvcgDocDispType/BusinessPartner">
				<Annotation Term="Common.SemanticObject" String="BusinessPartner" />
				<Annotation Term="Common.SemanticObject" String="CAContractPartner" Qualifier="Q1" />
			</Annotations>
			<Annotations Target="O2C_CI_INVDOC_DISPLAY_SRV.C_CAInvcgDocRelationType/CAReferenceObjectID">
				<Annotation Term="Common.SemanticObject" String="{path:'CAInvcgReferenceObjectSemObj'}"/>
			</Annotations>
			<Annotations Target="O2C_CI_INVDOC_DISPLAY_SRV.C_CAInvcgDocDispType/CAInvcgBaseDate">
				<Annotation Term="UI.ExcludeFromNavigationContext" Bool="true"/>
			</Annotations>
		</Schema>
	</edmx:DataServices>
</edmx:Edmx>