<edmx:Edmx xmlns:edmx="http://schemas.microsoft.com/ado/2007/06/edmx"
	xmlns:m="http://schemas.microsoft.com/ado/2007/08/dataservices/metadata" xmlns:sap="http://www.sap.com/Protocols/SAPData" Version="1.0">
	<edmx:Reference xmlns:edmx="http://docs.oasis-open.org/odata/ns/edmx"
		Uri="./sap/opu/odata/IWFND/CATALOGSERVICE;v=2/Vocabularies(TechnicalName='%2FIWBEP%2FVOC_COMMON',Version='0001',SAP__Origin='S4CLNT')/$value"><edmx:Include Namespace="com.sap.vocabularies.Common.v1" Alias="Common"/></edmx:Reference>
	<edmx:DataServices m:DataServiceVersion="2.0">
		<Schema xmlns="http://schemas.microsoft.com/ado/2008/09/edm" Namespace="YMM_PR_STATUS_DATA_CDS" xml:lang="en" sap:schema-version="1">
			<EntityType Name="ymm_PR_STATUS_DATAType" sap:label="cds view to get the PR status" sap:content-version="1">
				<Key><PropertyRef Name="p_fiscalyear"/><PropertyRef Name="purrequistion"/></Key><Property Name="p_fiscalyear" Type="Edm.String" Nullable="false" MaxLength="4" sap:display-format="NonNegative" sap:label="Fiscal Year"/><Property Name="purrequistion" Type="Edm.String" Nullable="false" MaxLength="10" sap:display-format="UpperCase"
					sap:label="Purchase Requisition" sap:quickinfo="Purchase Requisition Number"/><Property Name="purrequistionitem" Type="Edm.String" MaxLength="5" sap:display-format="NonNegative" sap:label="Item of requisition"
					sap:quickinfo="Item number of purchase requisition"/><Property Name="documenttype" Type="Edm.String" MaxLength="4" sap:display-format="UpperCase" sap:label="Document Type"
					sap:quickinfo="Purchase Requisition Document Type"/><Property Name="Requesttype" Type="Edm.String" MaxLength="19" sap:display-format="UpperCase"/><Property Name="Requisitiondate" Type="Edm.DateTime" Precision="0" sap:display-format="Date" sap:label="Requisition date"
					sap:quickinfo="Requisition (request) date"/><Property Name="reqdate" Type="Edm.String" MaxLength="8" sap:display-format="UpperCase"/><Property Name="materialdescp" Type="Edm.String" MaxLength="40" sap:label="Short Text"/><Property Name="quantity" Type="Edm.Decimal" Precision="13" Scale="3" sap:label="Quantity requested"
					sap:quickinfo="Purchase requisition quantity"/><Property Name="UOM" Type="Edm.String" MaxLength="3" sap:label="Unit of Measure" sap:quickinfo="Purchase requisition unit of measure"
					sap:semantics="unit-of-measure"/><Property Name="PRcreatedby" Type="Edm.String" MaxLength="12" sap:display-format="UpperCase" sap:label="Created By"
					sap:quickinfo="Name of Person Responsible for Creating the Object"/><Property Name="deliverydate" Type="Edm.DateTime" Precision="0" sap:display-format="Date" sap:label="Delivery date"
					sap:quickinfo="Item delivery date"/><Property Name="Priceunit" Type="Edm.Decimal" Precision="5" Scale="0" sap:label="Price unit"/><Property Name="totalvalue" Type="Edm.Decimal" Precision="24" Scale="5"/><Property Name="Docstatus" Type="Edm.String" MaxLength="6" sap:display-format="UpperCase"/><Property Name="Expensetype" Type="Edm.String" MaxLength="11" sap:display-format="UpperCase"/><Property Name="banpr" Type="Edm.String" MaxLength="2" sap:display-format="UpperCase" sap:label="Proc. state"
					sap:quickinfo="Requisition Processing State"/><Property Name="PRstatus" Type="Edm.String" MaxLength="19" sap:display-format="UpperCase"/><Property Name="BUDescription" Type="Edm.String" MaxLength="20" sap:label="Business Unit Descri" sap:quickinfo="Business Unit Description"/><Property Name="DeptDescription" Type="Edm.String" MaxLength="40" sap:label="Department Descripti" sap:quickinfo="Department Description"/><Property Name="GLaccount" Type="Edm.String" MaxLength="10" sap:display-format="UpperCase" sap:label="G/L Account"
					sap:quickinfo="G/L Account Number"/><Property Name="GL_DESP" Type="Edm.String" MaxLength="20" sap:label="Short Text" sap:quickinfo="G/L account short text"/><Property Name="Costcenter" Type="Edm.String" MaxLength="10" sap:display-format="UpperCase" sap:label="Cost Center"/><Property Name="cost_center_desp" Type="Edm.String" MaxLength="20" sap:label="Name" sap:quickinfo="General Name"/><Property Name="WBS" Type="Edm.String" MaxLength="24" sap:display-format="NonNegative" sap:label="WBS Element"
					sap:quickinfo="Work Breakdown Structure Element (WBS Element)"/><Property Name="WBS_element" Type="Edm.String" MaxLength="24" sap:display-format="UpperCase" sap:label="WBS element"
					sap:quickinfo="Work Breakdown Structure Element (WBS Element)"/><Property Name="WBS_DESP" Type="Edm.String" MaxLength="40" sap:label="Description" sap:quickinfo="PS: Short description (1st text line)"/><Property Name="Salesorder" Type="Edm.String" MaxLength="10" sap:display-format="UpperCase" sap:label="SD Document"
					sap:quickinfo="Sales and Distribution Document Number"/><Property Name="Asset" Type="Edm.String" MaxLength="12" sap:display-format="UpperCase" sap:label="Asset" sap:quickinfo="Main Asset Number"/><Property Name="prprice" Type="Edm.Decimal" Precision="12" Scale="3" sap:label="Valuation Price"
					sap:quickinfo="Price in Purchase Requisition"/><Property Name="currency" Type="Edm.String" MaxLength="5" sap:label="Currency" sap:quickinfo="Currency Key" sap:semantics="currency-code"/><Property Name="COUNTflag" Type="Edm.Int32"/><NavigationProperty Name="Parameters" Relationship="YMM_PR_STATUS_DATA_CDS.assoc_4CECCE8BEDB5F91E521CEFD691125F19"
					FromRole="ToRole_assoc_4CECCE8BEDB5F91E521CEFD691125F19" ToRole="FromRole_assoc_4CECCE8BEDB5F91E521CEFD691125F19" sap:filterable="false"/></EntityType>
			<EntityType Name="ymm_PR_STATUS_DATAParameters" sap:semantics="parameters" sap:content-version="1">
				<Key><PropertyRef Name="p_fiscalyear"/></Key><Property Name="p_fiscalyear" Type="Edm.String" Nullable="false" MaxLength="4" sap:display-format="NonNegative" sap:parameter="mandatory"
					sap:label="Fiscal Year" sap:creatable="false" sap:updatable="false" sap:sortable="false" sap:filterable="false"/><NavigationProperty Name="Set" Relationship="YMM_PR_STATUS_DATA_CDS.assoc_4CECCE8BEDB5F91E521CEFD691125F19"
					FromRole="FromRole_assoc_4CECCE8BEDB5F91E521CEFD691125F19" ToRole="ToRole_assoc_4CECCE8BEDB5F91E521CEFD691125F19"/></EntityType>
			<Association Name="assoc_4CECCE8BEDB5F91E521CEFD691125F19" sap:content-version="1"><End Type="YMM_PR_STATUS_DATA_CDS.ymm_PR_STATUS_DATAParameters" Multiplicity="1" Role="FromRole_assoc_4CECCE8BEDB5F91E521CEFD691125F19"/><End Type="YMM_PR_STATUS_DATA_CDS.ymm_PR_STATUS_DATAType" Multiplicity="*" Role="ToRole_assoc_4CECCE8BEDB5F91E521CEFD691125F19"/></Association>
			<EntityContainer Name="YMM_PR_STATUS_DATA_CDS_Entities" m:IsDefaultEntityContainer="true" sap:supported-formats="atom json xlsx"><EntitySet Name="ymm_PR_STATUS_DATASet" EntityType="YMM_PR_STATUS_DATA_CDS.ymm_PR_STATUS_DATAType" sap:creatable="false"
				sap:updatable="false" sap:deletable="false" sap:addressable="false" sap:content-version="1"/><EntitySet Name="ymm_PR_STATUS_DATA" EntityType="YMM_PR_STATUS_DATA_CDS.ymm_PR_STATUS_DATAParameters" sap:creatable="false"
				sap:updatable="false" sap:deletable="false" sap:pageable="false" sap:content-version="1"/>
				<AssociationSet Name="assoc_4CECCE8BEDB5F91E521CEFD691125F19" Association="YMM_PR_STATUS_DATA_CDS.assoc_4CECCE8BEDB5F91E521CEFD691125F19"
					sap:creatable="false" sap:updatable="false" sap:deletable="false" sap:content-version="1"><End EntitySet="ymm_PR_STATUS_DATA" Role="FromRole_assoc_4CECCE8BEDB5F91E521CEFD691125F19"/><End EntitySet="ymm_PR_STATUS_DATASet" Role="ToRole_assoc_4CECCE8BEDB5F91E521CEFD691125F19"/></AssociationSet>
			</EntityContainer><atom:link xmlns:atom="http://www.w3.org/2005/Atom" rel="self" href="./sap/opu/odata/sap/YMM_PR_STATUS_DATA_CDS/$metadata"/><atom:link xmlns:atom="http://www.w3.org/2005/Atom" rel="latest-version" href="./sap/opu/odata/sap/YMM_PR_STATUS_DATA_CDS/$metadata"/></Schema>
	</edmx:DataServices>
</edmx:Edmx>