[{
	"CopyMilestonePlan_ac": true,
	"Edit_ac": false,
	"Delete_mc": true,
	"Update_mc": false,
	"to_MilestonePlanEvent_oc": false,
	"MilestonePlanUUID": "4302cbe0-06dd-46aa-9cd4-b6555793a310",
	"MilestonePlanID": "MilestonePlanID 1",
	"MilestonePlanName": "MilestonePlanName 1",
	"MilestoneTemplateID": "MilestoneTemplateID 1",
	"MilestoneTemplateDescription": "MilestoneTemplateDescription 1",
	"MilestoneTemplateType": "MilestoneTemplateType 1",
	"MilestoneTmplTypeDescription": "MilestoneTmplTypeDescription 1",
	"MilestonePlanStartDate": "/Date(1088662525000)/",
	"MilestonePlanEndDate": "/Date(1450419325000)/",
	"MilestonePlanText": "MilestonePlanText 1",
	"PurchasingGroup": "PurchasingGroup 1",
	"PersonResponsible": "PersonResponsible 1",
	"PersonResposibleDescription": "PersonResposibleDescription 1",
	"FactoryCalendar": "FactoryCalendar 1",
	"Criticality": 6,
	"MilestonePlanStatus": "MilestonePlanStatus 1",
	"MilestonePlanStatusDescription": "MilestonePlanStatusDescription 1",
	"CreatedByUser": "CreatedByUser 1",
	"CreatedByUserDescription": "CreatedByUserDescription 1",
	"CreationDate": "/Date(1125468925000)/",
	"LastChangedByUser": "LastChangedByUser 1",
	"LastChangedDescription": "LastChangedDescription 1",
	"LastChangeDate": "/Date(1542176125000)/",
	"LocalLastChangedDateTime": "/Date(967788925000+0000)/",
	"HasDraftEntity": false,
	"DraftEntityCreationDateTime": "/Date(1114236925000+0000)/",
	"DraftEntityLastChangeDateTime": "/Date(1264140925000+0000)/",
	"HasActiveEntity": false,
	"IsActiveEntity": false,
	"__metadata": {
		"uri": "MilestonePlan(MilestonePlanUUID=guid'4302cbe0-06dd-46aa-9cd4-b6555793a310',IsActiveEntity=false)",
		"type": "cds_ui_pps_milestone_plan.MilestonePlanType"
	},
	"DraftAdministrativeData": {
		"__deferred": {
			"uri": "MilestonePlan(MilestonePlanUUID=guid'4302cbe0-06dd-46aa-9cd4-b6555793a310',IsActiveEntity=false)/DraftAdministrativeData"
		}
	},
	"SiblingEntity": {
		"__deferred": {
			"uri": "MilestonePlan(MilestonePlanUUID=guid'4302cbe0-06dd-46aa-9cd4-b6555793a310',IsActiveEntity=false)/SiblingEntity"
		}
	},
	"to_MilestonePlanEvent": {
		"__deferred": {
			"uri": "MilestonePlan(MilestonePlanUUID=guid'4302cbe0-06dd-46aa-9cd4-b6555793a310',IsActiveEntity=false)/to_MilestonePlanEvent"
		}
	}
}, {
	"CopyMilestonePlan_ac": false,
	"Edit_ac": true,
	"Delete_mc": true,
	"Update_mc": true,
	"to_MilestonePlanEvent_oc": true,
	"MilestonePlanUUID": "291c34e8-395a-47c4-a72d-c75335004dd4",
	"MilestonePlanID": "MilestonePlanID 2",
	"MilestonePlanName": "MilestonePlanName 2",
	"MilestoneTemplateID": "MilestoneTemplateID 2",
	"MilestoneTemplateDescription": "MilestoneTemplateDescription 2",
	"MilestoneTemplateType": "MilestoneTemplateType 2",
	"MilestoneTmplTypeDescription": "MilestoneTmplTypeDescription 2",
	"MilestonePlanStartDate": "/Date(1245305725000)/",
	"MilestonePlanEndDate": "/Date(1105856125000)/",
	"MilestonePlanText": "MilestonePlanText 2",
	"PurchasingGroup": "PurchasingGroup 2",
	"PersonResponsible": "PersonResponsible 2",
	"PersonResposibleDescription": "PersonResposibleDescription 2",
	"FactoryCalendar": "FactoryCalendar 2",
	"Criticality": 4,
	"MilestonePlanStatus": "MilestonePlanStatus 2",
	"MilestonePlanStatusDescription": "MilestonePlanStatusDescription 2",
	"CreatedByUser": "CreatedByUser 2",
	"CreatedByUserDescription": "CreatedByUserDescription 2",
	"CreationDate": "/Date(1499148925000)/",
	"LastChangedByUser": "LastChangedByUser 2",
	"LastChangedDescription": "LastChangedDescription 2",
	"LastChangeDate": "/Date(1201068925000)/",
	"LocalLastChangedDateTime": "/Date(1509171325000+0000)/",
	"HasDraftEntity": false,
	"DraftEntityCreationDateTime": "/Date(1149142525000+0000)/",
	"DraftEntityLastChangeDateTime": "/Date(1224656125000+0000)/",
	"HasActiveEntity": false,
	"IsActiveEntity": true,
	"__metadata": {
		"uri": "MilestonePlan(MilestonePlanUUID=guid'291c34e8-395a-47c4-a72d-c75335004dd4',IsActiveEntity=true)",
		"type": "cds_ui_pps_milestone_plan.MilestonePlanType"
	},
	"DraftAdministrativeData": {
		"__deferred": {
			"uri": "MilestonePlan(MilestonePlanUUID=guid'291c34e8-395a-47c4-a72d-c75335004dd4',IsActiveEntity=true)/DraftAdministrativeData"
		}
	},
	"SiblingEntity": {
		"__deferred": {
			"uri": "MilestonePlan(MilestonePlanUUID=guid'291c34e8-395a-47c4-a72d-c75335004dd4',IsActiveEntity=true)/SiblingEntity"
		}
	},
	"to_MilestonePlanEvent": {
		"__deferred": {
			"uri": "MilestonePlan(MilestonePlanUUID=guid'291c34e8-395a-47c4-a72d-c75335004dd4',IsActiveEntity=true)/to_MilestonePlanEvent"
		}
	}
}, {
	"CopyMilestonePlan_ac": false,
	"Edit_ac": false,
	"Delete_mc": false,
	"Update_mc": true,
	"to_MilestonePlanEvent_oc": false,
	"MilestonePlanUUID": "cdc19e81-fbbe-4f70-ad91-e8802adf9e47",
	"MilestonePlanID": "MilestonePlanID 3",
	"MilestonePlanName": "MilestonePlanName 3",
	"MilestoneTemplateID": "MilestoneTemplateID 3",
	"MilestoneTemplateDescription": "MilestoneTemplateDescription 3",
	"MilestoneTemplateType": "MilestoneTemplateType 3",
	"MilestoneTmplTypeDescription": "MilestoneTmplTypeDescription 3",
	"MilestonePlanStartDate": "/Date(1480745725000)/",
	"MilestonePlanEndDate": "/Date(1127024125000)/",
	"MilestonePlanText": "MilestonePlanText 3",
	"PurchasingGroup": "PurchasingGroup 3",
	"PersonResponsible": "PersonResponsible 3",
	"PersonResposibleDescription": "PersonResposibleDescription 3",
	"FactoryCalendar": "FactoryCalendar 3",
	"Criticality": 5,
	"MilestonePlanStatus": "MilestonePlanStatus 3",
	"MilestonePlanStatusDescription": "MilestonePlanStatusDescription 3",
	"CreatedByUser": "CreatedByUser 3",
	"CreatedByUserDescription": "CreatedByUserDescription 3",
	"CreationDate": "/Date(1152425725000)/",
	"LastChangedByUser": "LastChangedByUser 3",
	"LastChangedDescription": "LastChangedDescription 3",
	"LastChangeDate": "/Date(1030342525000)/",
	"LocalLastChangedDateTime": "/Date(1190096125000+0000)/",
	"HasDraftEntity": false,
	"DraftEntityCreationDateTime": "/Date(1157696125000+0000)/",
	"DraftEntityLastChangeDateTime": "/Date(1139206525000+0000)/",
	"HasActiveEntity": true,
	"IsActiveEntity": false,
	"__metadata": {
		"uri": "MilestonePlan(MilestonePlanUUID=guid'cdc19e81-fbbe-4f70-ad91-e8802adf9e47',IsActiveEntity=false)",
		"type": "cds_ui_pps_milestone_plan.MilestonePlanType"
	},
	"DraftAdministrativeData": {
		"__deferred": {
			"uri": "MilestonePlan(MilestonePlanUUID=guid'cdc19e81-fbbe-4f70-ad91-e8802adf9e47',IsActiveEntity=false)/DraftAdministrativeData"
		}
	},
	"SiblingEntity": {
		"__deferred": {
			"uri": "MilestonePlan(MilestonePlanUUID=guid'cdc19e81-fbbe-4f70-ad91-e8802adf9e47',IsActiveEntity=false)/SiblingEntity"
		}
	},
	"to_MilestonePlanEvent": {
		"__deferred": {
			"uri": "MilestonePlan(MilestonePlanUUID=guid'cdc19e81-fbbe-4f70-ad91-e8802adf9e47',IsActiveEntity=false)/to_MilestonePlanEvent"
		}
	}
}, {
	"CopyMilestonePlan_ac": false,
	"Edit_ac": true,
	"Delete_mc": false,
	"Update_mc": true,
	"to_MilestonePlanEvent_oc": false,
	"MilestonePlanUUID": "30fed66c-2729-491a-8d3e-a51f7e3b22bf",
	"MilestonePlanID": "MilestonePlanID 4",
	"MilestonePlanName": "MilestonePlanName 4",
	"MilestoneTemplateID": "MilestoneTemplateID 4",
	"MilestoneTemplateDescription": "MilestoneTemplateDescription 4",
	"MilestoneTemplateType": "MilestoneTemplateType 4",
	"MilestoneTmplTypeDescription": "MilestoneTmplTypeDescription 4",
	"MilestonePlanStartDate": "/Date(1222150525000)/",
	"MilestonePlanEndDate": "/Date(1022480125000)/",
	"MilestonePlanText": "MilestonePlanText 4",
	"PurchasingGroup": "PurchasingGroup 4",
	"PersonResponsible": "PersonResponsible 4",
	"PersonResposibleDescription": "PersonResposibleDescription 4",
	"FactoryCalendar": "FactoryCalendar 4",
	"Criticality": 7,
	"MilestonePlanStatus": "MilestonePlanStatus 4",
	"MilestonePlanStatusDescription": "MilestonePlanStatusDescription 4",
	"CreatedByUser": "CreatedByUser 4",
	"CreatedByUserDescription": "CreatedByUserDescription 4",
	"CreationDate": "/Date(1236579325000)/",
	"LastChangedByUser": "LastChangedByUser 4",
	"LastChangedDescription": "LastChangedDescription 4",
	"LastChangeDate": "/Date(1551593725000)/",
	"LocalLastChangedDateTime": "/Date(1405318525000+0000)/",
	"HasDraftEntity": true,
	"DraftEntityCreationDateTime": "/Date(1301379325000+0000)/",
	"DraftEntityLastChangeDateTime": "/Date(1516083325000+0000)/",
	"HasActiveEntity": false,
	"IsActiveEntity": true,
	"__metadata": {
		"uri": "MilestonePlan(MilestonePlanUUID=guid'30fed66c-2729-491a-8d3e-a51f7e3b22bf',IsActiveEntity=true)",
		"type": "cds_ui_pps_milestone_plan.MilestonePlanType"
	},
	"DraftAdministrativeData": {
		"__deferred": {
			"uri": "MilestonePlan(MilestonePlanUUID=guid'30fed66c-2729-491a-8d3e-a51f7e3b22bf',IsActiveEntity=true)/DraftAdministrativeData"
		}
	},
	"SiblingEntity": {
		"__deferred": {
			"uri": "MilestonePlan(MilestonePlanUUID=guid'30fed66c-2729-491a-8d3e-a51f7e3b22bf',IsActiveEntity=true)/SiblingEntity"
		}
	},
	"to_MilestonePlanEvent": {
		"__deferred": {
			"uri": "MilestonePlan(MilestonePlanUUID=guid'30fed66c-2729-491a-8d3e-a51f7e3b22bf',IsActiveEntity=true)/to_MilestonePlanEvent"
		}
	}
}, {
	"CopyMilestonePlan_ac": false,
	"Edit_ac": true,
	"Delete_mc": false,
	"Update_mc": true,
	"to_MilestonePlanEvent_oc": false,
	"MilestonePlanUUID": "2895d4c5-4b1a-48a9-8f83-9348340b92b7",
	"MilestonePlanID": "MilestonePlanID 5",
	"MilestonePlanName": "MilestonePlanName 5",
	"MilestoneTemplateID": "MilestoneTemplateID 5",
	"MilestoneTemplateDescription": "MilestoneTemplateDescription 5",
	"MilestoneTemplateType": "MilestoneTemplateType 5",
	"MilestoneTmplTypeDescription": "MilestoneTmplTypeDescription 5",
	"MilestonePlanStartDate": "/Date(1565244925000)/",
	"MilestonePlanEndDate": "/Date(1375078525000)/",
	"MilestonePlanText": "MilestonePlanText 5",
	"PurchasingGroup": "PurchasingGroup 5",
	"PersonResponsible": "PersonResponsible 5",
	"PersonResposibleDescription": "PersonResposibleDescription 5",
	"FactoryCalendar": "FactoryCalendar 5",
	"Criticality": 8,
	"MilestonePlanStatus": "MilestonePlanStatus 5",
	"MilestonePlanStatusDescription": "MilestonePlanStatusDescription 5",
	"CreatedByUser": "CreatedByUser 5",
	"CreatedByUserDescription": "CreatedByUserDescription 5",
	"CreationDate": "/Date(1325744125000)/",
	"LastChangedByUser": "LastChangedByUser 5",
	"LastChangedDescription": "LastChangedDescription 5",
	"LastChangeDate": "/Date(1100585725000)/",
	"LocalLastChangedDateTime": "/Date(1274163325000+0000)/",
	"HasDraftEntity": false,
	"DraftEntityCreationDateTime": "/Date(990252925000+0000)/",
	"DraftEntityLastChangeDateTime": "/Date(1532326525000+0000)/",
	"HasActiveEntity": true,
	"IsActiveEntity": false,
	"__metadata": {
		"uri": "MilestonePlan(MilestonePlanUUID=guid'2895d4c5-4b1a-48a9-8f83-9348340b92b7',IsActiveEntity=false)",
		"type": "cds_ui_pps_milestone_plan.MilestonePlanType"
	},
	"DraftAdministrativeData": {
		"__deferred": {
			"uri": "MilestonePlan(MilestonePlanUUID=guid'2895d4c5-4b1a-48a9-8f83-9348340b92b7',IsActiveEntity=false)/DraftAdministrativeData"
		}
	},
	"SiblingEntity": {
		"__deferred": {
			"uri": "MilestonePlan(MilestonePlanUUID=guid'2895d4c5-4b1a-48a9-8f83-9348340b92b7',IsActiveEntity=false)/SiblingEntity"
		}
	},
	"to_MilestonePlanEvent": {
		"__deferred": {
			"uri": "MilestonePlan(MilestonePlanUUID=guid'2895d4c5-4b1a-48a9-8f83-9348340b92b7',IsActiveEntity=false)/to_MilestonePlanEvent"
		}
	}
}, {
	"CopyMilestonePlan_ac": false,
	"Edit_ac": false,
	"Delete_mc": false,
	"Update_mc": false,
	"to_MilestonePlanEvent_oc": true,
	"MilestonePlanUUID": "df442e52-c847-4903-9b1a-6c129bc3dcbf",
	"MilestonePlanID": "MilestonePlanID 6",
	"MilestonePlanName": "MilestonePlanName 6",
	"MilestoneTemplateID": "MilestoneTemplateID 6",
	"MilestoneTemplateDescription": "MilestoneTemplateDescription 6",
	"MilestoneTemplateType": "MilestoneTemplateType 6",
	"MilestoneTmplTypeDescription": "MilestoneTmplTypeDescription 6",
	"MilestonePlanStartDate": "/Date(1486620925000)/",
	"MilestonePlanEndDate": "/Date(959580925000)/",
	"MilestonePlanText": "MilestonePlanText 6",
	"PurchasingGroup": "PurchasingGroup 6",
	"PersonResponsible": "PersonResponsible 6",
	"PersonResposibleDescription": "PersonResposibleDescription 6",
	"FactoryCalendar": "FactoryCalendar 6",
	"Criticality": 2,
	"MilestonePlanStatus": "MilestonePlanStatus 6",
	"MilestonePlanStatusDescription": "MilestonePlanStatusDescription 6",
	"CreatedByUser": "CreatedByUser 6",
	"CreatedByUserDescription": "CreatedByUserDescription 6",
	"CreationDate": "/Date(1056435325000)/",
	"LastChangedByUser": "LastChangedByUser 6",
	"LastChangedDescription": "LastChangedDescription 6",
	"LastChangeDate": "/Date(1552803325000)/",
	"LocalLastChangedDateTime": "/Date(1210140925000+0000)/",
	"HasDraftEntity": false,
	"DraftEntityCreationDateTime": "/Date(1539929725000+0000)/",
	"DraftEntityLastChangeDateTime": "/Date(1555481725000+0000)/",
	"HasActiveEntity": false,
	"IsActiveEntity": false,
	"__metadata": {
		"uri": "MilestonePlan(MilestonePlanUUID=guid'df442e52-c847-4903-9b1a-6c129bc3dcbf',IsActiveEntity=false)",
		"type": "cds_ui_pps_milestone_plan.MilestonePlanType"
	},
	"DraftAdministrativeData": {
		"__deferred": {
			"uri": "MilestonePlan(MilestonePlanUUID=guid'df442e52-c847-4903-9b1a-6c129bc3dcbf',IsActiveEntity=false)/DraftAdministrativeData"
		}
	},
	"SiblingEntity": {
		"__deferred": {
			"uri": "MilestonePlan(MilestonePlanUUID=guid'df442e52-c847-4903-9b1a-6c129bc3dcbf',IsActiveEntity=false)/SiblingEntity"
		}
	},
	"to_MilestonePlanEvent": {
		"__deferred": {
			"uri": "MilestonePlan(MilestonePlanUUID=guid'df442e52-c847-4903-9b1a-6c129bc3dcbf',IsActiveEntity=false)/to_MilestonePlanEvent"
		}
	}
}, {
	"CopyMilestonePlan_ac": true,
	"Edit_ac": false,
	"Delete_mc": true,
	"Update_mc": false,
	"to_MilestonePlanEvent_oc": true,
	"MilestonePlanUUID": "f32d9680-15db-4121-8acf-f06f3e1deb10",
	"MilestonePlanID": "MilestonePlanID 7",
	"MilestonePlanName": "MilestonePlanName 7",
	"MilestoneTemplateID": "MilestoneTemplateID 7",
	"MilestoneTemplateDescription": "MilestoneTemplateDescription 7",
	"MilestoneTemplateType": "MilestoneTemplateType 7",
	"MilestoneTmplTypeDescription": "MilestoneTmplTypeDescription 7",
	"MilestonePlanStartDate": "/Date(1238220925000)/",
	"MilestonePlanEndDate": "/Date(1095833725000)/",
	"MilestonePlanText": "MilestonePlanText 7",
	"PurchasingGroup": "PurchasingGroup 7",
	"PersonResponsible": "PersonResponsible 7",
	"PersonResposibleDescription": "PersonResposibleDescription 7",
	"FactoryCalendar": "FactoryCalendar 7",
	"Criticality": 7,
	"MilestonePlanStatus": "MilestonePlanStatus 7",
	"MilestonePlanStatusDescription": "MilestonePlanStatusDescription 7",
	"CreatedByUser": "CreatedByUser 7",
	"CreatedByUserDescription": "CreatedByUserDescription 7",
	"CreationDate": "/Date(1370240125000)/",
	"LastChangedByUser": "LastChangedByUser 7",
	"LastChangedDescription": "LastChangedDescription 7",
	"LastChangeDate": "/Date(1531635325000)/",
	"LocalLastChangedDateTime": "/Date(1039414525000+0000)/",
	"HasDraftEntity": false,
	"DraftEntityCreationDateTime": "/Date(1239344125000+0000)/",
	"DraftEntityLastChangeDateTime": "/Date(1268374525000+0000)/",
	"HasActiveEntity": false,
	"IsActiveEntity": true,
	"__metadata": {
		"uri": "MilestonePlan(MilestonePlanUUID=guid'f32d9680-15db-4121-8acf-f06f3e1deb10',IsActiveEntity=true)",
		"type": "cds_ui_pps_milestone_plan.MilestonePlanType"
	},
	"DraftAdministrativeData": {
		"__deferred": {
			"uri": "MilestonePlan(MilestonePlanUUID=guid'f32d9680-15db-4121-8acf-f06f3e1deb10',IsActiveEntity=true)/DraftAdministrativeData"
		}
	},
	"SiblingEntity": {
		"__deferred": {
			"uri": "MilestonePlan(MilestonePlanUUID=guid'f32d9680-15db-4121-8acf-f06f3e1deb10',IsActiveEntity=true)/SiblingEntity"
		}
	},
	"to_MilestonePlanEvent": {
		"__deferred": {
			"uri": "MilestonePlan(MilestonePlanUUID=guid'f32d9680-15db-4121-8acf-f06f3e1deb10',IsActiveEntity=true)/to_MilestonePlanEvent"
		}
	}
}, {
	"CopyMilestonePlan_ac": false,
	"Edit_ac": true,
	"Delete_mc": false,
	"Update_mc": true,
	"to_MilestonePlanEvent_oc": true,
	"MilestonePlanUUID": "9481a6fc-f452-40ea-ac4f-884331db9071",
	"MilestonePlanID": "MilestonePlanID 8",
	"MilestonePlanName": "MilestonePlanName 8",
	"MilestoneTemplateID": "MilestoneTemplateID 8",
	"MilestoneTemplateDescription": "MilestoneTemplateDescription 8",
	"MilestoneTemplateType": "MilestoneTemplateType 8",
	"MilestoneTmplTypeDescription": "MilestoneTmplTypeDescription 8",
	"MilestonePlanStartDate": "/Date(1486620925000)/",
	"MilestonePlanEndDate": "/Date(1349244925000)/",
	"MilestonePlanText": "MilestonePlanText 8",
	"PurchasingGroup": "PurchasingGroup 8",
	"PersonResponsible": "PersonResponsible 8",
	"PersonResposibleDescription": "PersonResposibleDescription 8",
	"FactoryCalendar": "FactoryCalendar 8",
	"Criticality": 5,
	"MilestonePlanStatus": "MilestonePlanStatus 8",
	"MilestonePlanStatusDescription": "MilestonePlanStatusDescription 8",
	"CreatedByUser": "CreatedByUser 8",
	"CreatedByUserDescription": "CreatedByUserDescription 8",
	"CreationDate": "/Date(1524291325000)/",
	"LastChangedByUser": "LastChangedByUser 8",
	"LastChangedDescription": "LastChangedDescription 8",
	"LastChangeDate": "/Date(1573971325000)/",
	"LocalLastChangedDateTime": "/Date(1490595325000+0000)/",
	"HasDraftEntity": true,
	"DraftEntityCreationDateTime": "/Date(1133417725000+0000)/",
	"DraftEntityLastChangeDateTime": "/Date(1184307325000+0000)/",
	"HasActiveEntity": false,
	"IsActiveEntity": true,
	"__metadata": {
		"uri": "MilestonePlan(MilestonePlanUUID=guid'9481a6fc-f452-40ea-ac4f-884331db9071',IsActiveEntity=true)",
		"type": "cds_ui_pps_milestone_plan.MilestonePlanType"
	},
	"DraftAdministrativeData": {
		"__deferred": {
			"uri": "MilestonePlan(MilestonePlanUUID=guid'9481a6fc-f452-40ea-ac4f-884331db9071',IsActiveEntity=true)/DraftAdministrativeData"
		}
	},
	"SiblingEntity": {
		"__deferred": {
			"uri": "MilestonePlan(MilestonePlanUUID=guid'9481a6fc-f452-40ea-ac4f-884331db9071',IsActiveEntity=true)/SiblingEntity"
		}
	},
	"to_MilestonePlanEvent": {
		"__deferred": {
			"uri": "MilestonePlan(MilestonePlanUUID=guid'9481a6fc-f452-40ea-ac4f-884331db9071',IsActiveEntity=true)/to_MilestonePlanEvent"
		}
	}
}, {
	"CopyMilestonePlan_ac": true,
	"Edit_ac": false,
	"Delete_mc": true,
	"Update_mc": false,
	"to_MilestonePlanEvent_oc": true,
	"MilestonePlanUUID": "e5da5f8d-890c-47f4-bb8f-781aa4b0bf37",
	"MilestonePlanID": "MilestonePlanID 9",
	"MilestonePlanName": "MilestonePlanName 9",
	"MilestoneTemplateID": "MilestoneTemplateID 9",
	"MilestoneTemplateDescription": "MilestoneTemplateDescription 9",
	"MilestoneTemplateType": "MilestoneTemplateType 9",
	"MilestoneTmplTypeDescription": "MilestoneTmplTypeDescription 9",
	"MilestonePlanStartDate": "/Date(1501049725000)/",
	"MilestonePlanEndDate": "/Date(1354428925000)/",
	"MilestonePlanText": "MilestonePlanText 9",
	"PurchasingGroup": "PurchasingGroup 9",
	"PersonResponsible": "PersonResponsible 9",
	"PersonResposibleDescription": "PersonResposibleDescription 9",
	"FactoryCalendar": "FactoryCalendar 9",
	"Criticality": 4,
	"MilestonePlanStatus": "MilestonePlanStatus 9",
	"MilestonePlanStatusDescription": "MilestonePlanStatusDescription 9",
	"CreatedByUser": "CreatedByUser 9",
	"CreatedByUserDescription": "CreatedByUserDescription 9",
	"CreationDate": "/Date(1059891325000)/",
	"LastChangedByUser": "LastChangedByUser 9",
	"LastChangedDescription": "LastChangedDescription 9",
	"LastChangeDate": "/Date(1096092925000)/",
	"LocalLastChangedDateTime": "/Date(978329725000+0000)/",
	"HasDraftEntity": false,
	"DraftEntityCreationDateTime": "/Date(1011680125000+0000)/",
	"DraftEntityLastChangeDateTime": "/Date(1538374525000+0000)/",
	"HasActiveEntity": false,
	"IsActiveEntity": true,
	"__metadata": {
		"uri": "MilestonePlan(MilestonePlanUUID=guid'e5da5f8d-890c-47f4-bb8f-781aa4b0bf37',IsActiveEntity=true)",
		"type": "cds_ui_pps_milestone_plan.MilestonePlanType"
	},
	"DraftAdministrativeData": {
		"__deferred": {
			"uri": "MilestonePlan(MilestonePlanUUID=guid'e5da5f8d-890c-47f4-bb8f-781aa4b0bf37',IsActiveEntity=true)/DraftAdministrativeData"
		}
	},
	"SiblingEntity": {
		"__deferred": {
			"uri": "MilestonePlan(MilestonePlanUUID=guid'e5da5f8d-890c-47f4-bb8f-781aa4b0bf37',IsActiveEntity=true)/SiblingEntity"
		}
	},
	"to_MilestonePlanEvent": {
		"__deferred": {
			"uri": "MilestonePlan(MilestonePlanUUID=guid'e5da5f8d-890c-47f4-bb8f-781aa4b0bf37',IsActiveEntity=true)/to_MilestonePlanEvent"
		}
	}
}, {
	"CopyMilestonePlan_ac": true,
	"Edit_ac": false,
	"Delete_mc": false,
	"Update_mc": true,
	"to_MilestonePlanEvent_oc": false,
	"MilestonePlanUUID": "6ae26e67-91fd-48c4-8eb7-01d7eeaf1330",
	"MilestonePlanID": "MilestonePlanID 10",
	"MilestonePlanName": "MilestonePlanName 10",
	"MilestoneTemplateID": "MilestoneTemplateID 10",
	"MilestoneTemplateDescription": "MilestoneTemplateDescription 10",
	"MilestoneTemplateType": "MilestoneTemplateType 10",
	"MilestoneTmplTypeDescription": "MilestoneTmplTypeDescription 10",
	"MilestonePlanStartDate": "/Date(953273725000)/",
	"MilestonePlanEndDate": "/Date(1310969725000)/",
	"MilestonePlanText": "MilestonePlanText 10",
	"PurchasingGroup": "PurchasingGroup 10",
	"PersonResponsible": "PersonResponsible 10",
	"PersonResposibleDescription": "PersonResposibleDescription 10",
	"FactoryCalendar": "FactoryCalendar 10",
	"Criticality": 7,
	"MilestonePlanStatus": "MilestonePlanStatus 10",
	"MilestonePlanStatusDescription": "MilestonePlanStatusDescription 10",
	"CreatedByUser": "CreatedByUser 10",
	"CreatedByUserDescription": "CreatedByUserDescription 10",
	"CreationDate": "/Date(996214525000)/",
	"LastChangedByUser": "LastChangedByUser 10",
	"LastChangedDescription": "LastChangedDescription 10",
	"LastChangeDate": "/Date(1034835325000)/",
	"LocalLastChangedDateTime": "/Date(1070518525000+0000)/",
	"HasDraftEntity": false,
	"DraftEntityCreationDateTime": "/Date(1136096125000+0000)/",
	"DraftEntityLastChangeDateTime": "/Date(1090736125000+0000)/",
	"HasActiveEntity": false,
	"IsActiveEntity": false,
	"__metadata": {
		"uri": "MilestonePlan(MilestonePlanUUID=guid'6ae26e67-91fd-48c4-8eb7-01d7eeaf1330',IsActiveEntity=false)",
		"type": "cds_ui_pps_milestone_plan.MilestonePlanType"
	},
	"DraftAdministrativeData": {
		"__deferred": {
			"uri": "MilestonePlan(MilestonePlanUUID=guid'6ae26e67-91fd-48c4-8eb7-01d7eeaf1330',IsActiveEntity=false)/DraftAdministrativeData"
		}
	},
	"SiblingEntity": {
		"__deferred": {
			"uri": "MilestonePlan(MilestonePlanUUID=guid'6ae26e67-91fd-48c4-8eb7-01d7eeaf1330',IsActiveEntity=false)/SiblingEntity"
		}
	},
	"to_MilestonePlanEvent": {
		"__deferred": {
			"uri": "MilestonePlan(MilestonePlanUUID=guid'6ae26e67-91fd-48c4-8eb7-01d7eeaf1330',IsActiveEntity=false)/to_MilestonePlanEvent"
		}
	}
}]