{

	"RequestType": [{
		"ekgrp": "101",
		"category": "HARDWARE",
		"Buyer": "Dhriti Sehra"
	}, {
		"ekgrp": "100",
		"category": "SOFTWARE",
		"Buyer": "Garima Srivastava"
	}, {
		"ekgrp": "105",
		"category": "IT PROF.SERVICES",
		"Buyer": "Garima Srivastava"
	}, {
		"ekgrp": "106",
		"category": "CA INFRA",
		"Buyer": "Praneeth N"
	}, {
		"ekgrp": "107",
		"category": "MARKETING",
		"Buyer": "Praneeth N"
	}, {
		"ekgrp": "108",
		"category": "FACILITIES",
		"Buyer": "Praneeth N"
	}, {
		"ekgrp": "110",
		"category": "MECHATRONICS",
		"Buyer": "Sreenivasulu D"
	}, {
		"ekgrp": "115",
		"category": "CONTINGENT HIRES",
		"Buyer": "Vijay Bhasker"
	}, {
		"ekgrp": "111",
		"category": "OFFICE EQUIPMENT",
		"Buyer": "Vijay Bhasker"
	}, {
		"ekgrp": "114",
		"category": "NON IT PROF SERVICES",
		"Buyer": "Vijay Bhasker"
	}, {
		"ekgrp": "153",
		"category": "UK GEO",
		"Buyer": "UK Purchase Grp"
	}, {
		"ekgrp": "155",
		"category": "GERMANY",
		"Buyer": "Germany Purchase"
	}, {
		"ekgrp": "156",
		"category": "NAM GEO",
		"Buyer": "US Purchase Grp"
	}]

}