{

	"contactsSet": [{

		"EmpNo": "1001",
		"FirstName": "Abhi",
		"employeeAdd": "macharla"

	}, {
		"EmpNo": "1002",
		"FirstName": "Sabji",
		"employeeAdd": "dsatat"
	}, {
		"EmpNo": "1003",
		"FirstName": "Ravi",
		"employeeAdd": "kingoo"
	}, {
		"EmpNo": "1004",
		"FirstName": "Craaz",
		"employeeAdd": "Yanuma"
	}, {
		"EmpNo": "1005",
		"FirstName": "Krishan",
		"employeeAdd": "Rykak"
	}, {
		"EmpNo": "1006",
		"FirstName": "Hershi",
		"employeeAdd": "Naidu"
	}]
}