<core:FragmentDefinition height="35px" xmlns="sap.m" xmlns:core="sap.ui.core" xmlns:l="sap.ui.layout" xmlns:f="sap.ui.layout.form"
	stretch="sap.ui.Device.system.phone">
	<Dialog title="Change Stock Information" id="od1">
		<!--	<VBox class="sapUiSmallMargin">-->
		<VBox class="sapUiSmallMargin">
			<f:SimpleForm id="SimpleFormC" editable="false" layout="ResponsiveGridLayout" title="" labelSpanXL="3" labelSpanL="3" labelSpanM="3"
				labelSpanS="12" adjustLabelSpan="false" emptySpanXL="4" emptySpanL="4" emptySpanM="4" emptySpanS="0" columnsXL="1" columnsL="1" columnsM="1"
				singleContainerFullSize="false">
				<f:content>
					<Label text="{i18n>S/No}"/>
					<Input id="oSerialno" value=""/>
					<Label text="{i18n>Nofserialno/Qty}"/>
					<Input value="" id="oQnty"></Input>
				</f:content>
			</f:SimpleForm>
		</VBox>
		<Toolbar id="otbFooter">
			<ToolbarSpacer/>
			<Button tooltip="Save" type="Emphasized" text="{i18n>Save}" icon="sap-icon://save" press="onSave2"/>
			<Button tooltip="Clear" type="Emphasized" text="{i18n>Clear}" icon="sap-icon://sys-cancel" press="onClear"/>
			<Button tooltip="Back" type="Emphasized" text="{i18n>Back}" icon="sap-icon://nav-back" press="onBack"/>
		</Toolbar>
	</Dialog>
</core:FragmentDefinition>