<?xml version="1.0" encoding="utf-8"?>
<edmx:Edmx Version="1.0" xmlns:edmx="http://schemas.microsoft.com/ado/2007/06/edmx"
	xmlns:m="http://schemas.microsoft.com/ado/2007/08/dataservices/metadata" xmlns:sap="http://www.sap.com/Protocols/SAPData">
	<edmx:Reference
		Uri="https://webidecp-fiori.dispatcher.int.sap.eu2.hana.ondemand.com/destinations/UYTCLNT718/sap/opu/odata/iwfnd/catalogservice;v=2/Vocabularies(TechnicalName='%2FIWBEP%2FVOC_AGGREGATION',Version='0001',SAP__Origin='EDECLNT038')/$value"
		xmlns:edmx="http://docs.oasis-open.org/odata/ns/edmx"><edmx:Include Namespace="Org.OData.Aggregation.V1" Alias="Aggregation"/></edmx:Reference>
	<edmx:Reference
		Uri="https://webidecp-fiori.dispatcher.int.sap.eu2.hana.ondemand.com/destinations/UYTCLNT718/sap/opu/odata/iwfnd/catalogservice;v=2/Vocabularies(TechnicalName='%2FIWBEP%2FVOC_ANALYTICS',Version='0001',SAP__Origin='EDECLNT038')/$value"
		xmlns:edmx="http://docs.oasis-open.org/odata/ns/edmx"><edmx:Include Namespace="com.sap.vocabularies.Analytics.v1" Alias="Analytics"/></edmx:Reference>
	<edmx:Reference
		Uri="https://webidecp-fiori.dispatcher.int.sap.eu2.hana.ondemand.com/destinations/UYTCLNT718/sap/opu/odata/iwfnd/catalogservice;v=2/Vocabularies(TechnicalName='%2FIWBEP%2FVOC_CAPABILITIES',Version='0001',SAP__Origin='EDECLNT038')/$value"
		xmlns:edmx="http://docs.oasis-open.org/odata/ns/edmx"><edmx:Include Namespace="Org.OData.Capabilities.V1" Alias="Capabilities"/></edmx:Reference>
	<edmx:Reference
		Uri="https://webidecp-fiori.dispatcher.int.sap.eu2.hana.ondemand.com/destinations/UYTCLNT718/sap/opu/odata/iwfnd/catalogservice;v=2/Vocabularies(TechnicalName='%2FIWBEP%2FVOC_CODELIST',Version='0001',SAP__Origin='EDECLNT038')/$value"
		xmlns:edmx="http://docs.oasis-open.org/odata/ns/edmx"><edmx:Include Namespace="com.sap.vocabularies.CodeList.v1" Alias="SAP__CodeList"/></edmx:Reference>
	<edmx:Reference
		Uri="https://webidecp-fiori.dispatcher.int.sap.eu2.hana.ondemand.com/destinations/UYTCLNT718/sap/opu/odata/iwfnd/catalogservice;v=2/Vocabularies(TechnicalName='%2FIWBEP%2FVOC_COMMON',Version='0001',SAP__Origin='EDECLNT038')/$value"
		xmlns:edmx="http://docs.oasis-open.org/odata/ns/edmx"><edmx:Include Namespace="com.sap.vocabularies.Common.v1" Alias="Common"/><edmx:Include Namespace="com.sap.vocabularies.Common.v1" Alias="SAP__common"/></edmx:Reference>
	<edmx:Reference
		Uri="https://webidecp-fiori.dispatcher.int.sap.eu2.hana.ondemand.com/destinations/UYTCLNT718/sap/opu/odata/iwfnd/catalogservice;v=2/Vocabularies(TechnicalName='%2FIWBEP%2FVOC_COMMUNICATION',Version='0001',SAP__Origin='EDECLNT038')/$value"
		xmlns:edmx="http://docs.oasis-open.org/odata/ns/edmx"><edmx:Include Namespace="com.sap.vocabularies.Communication.v1" Alias="Communication"/></edmx:Reference>
	<edmx:Reference
		Uri="https://webidecp-fiori.dispatcher.int.sap.eu2.hana.ondemand.com/destinations/UYTCLNT718/sap/opu/odata/iwfnd/catalogservice;v=2/Vocabularies(TechnicalName='%2FIWBEP%2FVOC_CORE',Version='0001',SAP__Origin='EDECLNT038')/$value"
		xmlns:edmx="http://docs.oasis-open.org/odata/ns/edmx"><edmx:Include Namespace="Org.OData.Core.V1" Alias="SAP__core"/></edmx:Reference>
	<edmx:Reference
		Uri="https://webidecp-fiori.dispatcher.int.sap.eu2.hana.ondemand.com/destinations/UYTCLNT718/sap/opu/odata/iwfnd/catalogservice;v=2/Vocabularies(TechnicalName='%2FIWBEP%2FVOC_MEASURES',Version='0001',SAP__Origin='EDECLNT038')/$value"
		xmlns:edmx="http://docs.oasis-open.org/odata/ns/edmx"><edmx:Include Namespace="Org.OData.Measures.V1" Alias="Measures"/></edmx:Reference>
	<edmx:Reference
		Uri="https://webidecp-fiori.dispatcher.int.sap.eu2.hana.ondemand.com/destinations/UYTCLNT718/sap/opu/odata/iwfnd/catalogservice;v=2/Vocabularies(TechnicalName='%2FIWBEP%2FVOC_PERSONALDATA',Version='0001',SAP__Origin='EDECLNT038')/$value"
		xmlns:edmx="http://docs.oasis-open.org/odata/ns/edmx"><edmx:Include Namespace="com.sap.vocabularies.PersonalData.v1" Alias="PersonalData"/></edmx:Reference>
	<edmx:Reference
		Uri="https://webidecp-fiori.dispatcher.int.sap.eu2.hana.ondemand.com/destinations/UYTCLNT718/sap/opu/odata/iwfnd/catalogservice;v=2/Vocabularies(TechnicalName='%2FIWBEP%2FVOC_UI',Version='0001',SAP__Origin='EDECLNT038')/$value"
		xmlns:edmx="http://docs.oasis-open.org/odata/ns/edmx"><edmx:Include Namespace="com.sap.vocabularies.UI.v1" Alias="UI"/></edmx:Reference>
	<edmx:Reference
		Uri="https://webidecp-fiori.dispatcher.int.sap.eu2.hana.ondemand.com/destinations/UYTCLNT718/sap/opu/odata/iwfnd/catalogservice;v=2/Vocabularies(TechnicalName='%2FIWBEP%2FVOC_VALIDATION',Version='0001',SAP__Origin='EDECLNT038')/$value"
		xmlns:edmx="http://docs.oasis-open.org/odata/ns/edmx"><edmx:Include Namespace="Org.OData.Validation.V1" Alias="Validation"/></edmx:Reference>
	<edmx:DataServices m:DataServiceVersion="2.0">
		<Schema Namespace="cds_ui_pps_milestone_template" xml:lang="en" sap:schema-version="1" xmlns="http://schemas.microsoft.com/ado/2008/09/edm"><Annotation Term="Core.SchemaVersion" String="1.0.0" xmlns="http://docs.oasis-open.org/odata/ns/edm"/>
			<EntityType Name="MilestoneTemplateType" sap:label="Milestone Template Consumption view" sap:content-version="1">
				<Key><PropertyRef Name="MilestoneTemplateUUID"/><PropertyRef Name="IsActiveEntity"/></Key><Property Name="copy_ac" Type="Edm.Boolean" sap:label="Dyn. Action Control" sap:creatable="false" sap:updatable="false" sap:sortable="false"
					sap:filterable="false"/><Property Name="delete_h_ac" Type="Edm.Boolean" sap:label="Dyn. Action Control" sap:creatable="false" sap:updatable="false"
					sap:sortable="false" sap:filterable="false"/><Property Name="Edit_ac" Type="Edm.Boolean" sap:label="Dyn. Action Control" sap:creatable="false" sap:updatable="false" sap:sortable="false"
					sap:filterable="false"/><Property Name="Update_mc" Type="Edm.Boolean" sap:label="Dyn. Method Control" sap:creatable="false" sap:updatable="false"
					sap:sortable="false" sap:filterable="false"/><Property Name="to_MilestonePlanTemplateDet_oc" Type="Edm.Boolean" sap:label="Dynamic CbA-Control" sap:creatable="false"
					sap:updatable="false" sap:sortable="false" sap:filterable="false"/><Property Name="MilestoneTemplateUUID" Type="Edm.Guid" Nullable="false" sap:label="UUID"
					sap:quickinfo="16 Byte UUID in 16 Bytes (Raw Format)" sap:creatable="false" sap:updatable="false"/><Property Name="MilestoneTemplate" Type="Edm.String" MaxLength="20" sap:display-format="UpperCase" sap:label="Milestone Template#"
					sap:quickinfo="Milestone Procurement Template"/><Property Name="MilestoneTemplateDesc" Type="Edm.String" MaxLength="40" sap:label="Name" sap:quickinfo="MP Template Description"/><Property Name="MilestoneTemplateType" Type="Edm.String" MaxLength="4" sap:display-format="UpperCase" sap:label="Template Type"
					sap:quickinfo="MP Template Type" sap:value-list="fixed-values"/><Property Name="MilestoneTemplateStatus" Type="Edm.String" MaxLength="5" sap:display-format="UpperCase"
					sap:text="MilestoneTmplStatusDescription" sap:label="User Status"/><Property Name="MilestoneTmplStatusDescription" Type="Edm.String" MaxLength="30" sap:label="Text" sap:quickinfo="Text (30 Characters)"
					sap:creatable="false" sap:updatable="false"/><Property Name="PersonResponsible" Type="Edm.String" MaxLength="12" sap:display-format="UpperCase" sap:text="PersonResposibleDescription"
					sap:label="Responsible Person" sap:quickinfo="User Name" sap:value-list="standard"/><Property Name="PersonResposibleDescription" Type="Edm.String" MaxLength="80" sap:label="Description" sap:quickinfo="User Description"
					sap:creatable="false" sap:updatable="false"/><Property Name="LastActualDateFlag" Type="Edm.String" MaxLength="1" sap:display-format="UpperCase" sap:label="Last Actual Date"
					sap:quickinfo="Flag to pick up the last actual date in an event"/><Property Name="Createdby" Type="Edm.String" MaxLength="12" sap:display-format="UpperCase" sap:text="CreatedByDescription"
					sap:label="Created By" sap:quickinfo="Created By User" sap:creatable="false" sap:updatable="false"/><Property Name="CreatedByDescription" Type="Edm.String" MaxLength="80" sap:label="Created By" sap:quickinfo="User Description"
					sap:creatable="false" sap:updatable="false"/><Property Name="Creationdate" Type="Edm.DateTime" Precision="0" sap:display-format="Date" sap:creatable="false" sap:updatable="false"/><Property Name="Lastchangedby" Type="Edm.String" MaxLength="12" sap:display-format="UpperCase" sap:text="LastChangedDescription"
					sap:label="Changed By" sap:quickinfo="Last Changed By User" sap:creatable="false" sap:updatable="false"/><Property Name="LastChangedDescription" Type="Edm.String" MaxLength="80" sap:label="Description" sap:quickinfo="User Description"
					sap:creatable="false" sap:updatable="false"/><Property Name="Lastchangeddate" Type="Edm.DateTime" Precision="0" sap:display-format="Date" sap:creatable="false" sap:updatable="false"/><Property Name="LocalLastchangedby" Type="Edm.String" MaxLength="12" sap:display-format="UpperCase" sap:label="Changed By"
					sap:quickinfo="Local Instance Last Changed By User" sap:creatable="false" sap:updatable="false"/><Property Name="LocalLastchangedat" Type="Edm.DateTimeOffset" Precision="7" sap:label="Changed On"
					sap:quickinfo="Local Instance Last Change Date Time" sap:creatable="false" sap:updatable="false"/><Property Name="criticality" Type="Edm.Byte"/><Property Name="HasDraftEntity" Type="Edm.Boolean" sap:display-format="UpperCase" sap:label="Has Draft" sap:creatable="false"
					sap:updatable="false"/><Property Name="DraftEntityCreationDateTime" Type="Edm.DateTimeOffset" Precision="7" sap:label="Draft Created On" sap:creatable="false"
					sap:updatable="false"/><Property Name="DraftEntityLastChangeDateTime" Type="Edm.DateTimeOffset" Precision="7" sap:label="Draft Last Changed On"
					sap:creatable="false" sap:updatable="false"/><Property Name="HasActiveEntity" Type="Edm.Boolean" sap:display-format="UpperCase" sap:label="Has active" sap:creatable="false"
					sap:updatable="false"/><Property Name="IsActiveEntity" Type="Edm.Boolean" Nullable="false" sap:display-format="UpperCase" sap:label="Is active"
					sap:creatable="false" sap:updatable="false"/><NavigationProperty Name="DraftAdministrativeData" Relationship="cds_ui_pps_milestone_template.assoc_3D9C84214A84C20C819BB9157A2B80E0"
					FromRole="FromRole_assoc_3D9C84214A84C20C819BB9157A2B80E0" ToRole="ToRole_assoc_3D9C84214A84C20C819BB9157A2B80E0"/><NavigationProperty Name="SiblingEntity" Relationship="cds_ui_pps_milestone_template.assoc_45C81985353304E09F53B4B0F5899CFD"
					FromRole="FromRole_assoc_45C81985353304E09F53B4B0F5899CFD" ToRole="ToRole_assoc_45C81985353304E09F53B4B0F5899CFD"/><NavigationProperty Name="to_MilestonePlanTemplateDet" Relationship="cds_ui_pps_milestone_template.assoc_A7376A3D2BCBF84FA5DF8E127EACF27F"
					FromRole="FromRole_assoc_A7376A3D2BCBF84FA5DF8E127EACF27F" ToRole="ToRole_assoc_A7376A3D2BCBF84FA5DF8E127EACF27F"/></EntityType>
			<EntityType Name="MilestoneTemplateDetailsType" sap:label="MilestonePlan view" sap:content-version="1">
				<Key><PropertyRef Name="MilestonePlanDetUUID"/><PropertyRef Name="IsActiveEntity"/></Key><Property Name="Copy_mls_event_ac" Type="Edm.Boolean" sap:label="Dyn. Action Control" sap:creatable="false" sap:updatable="false"
					sap:sortable="false" sap:filterable="false"/><Property Name="Update_mc" Type="Edm.Boolean" sap:label="Dyn. Method Control" sap:creatable="false" sap:updatable="false"
					sap:sortable="false" sap:filterable="false"/><Property Name="MilestonePlanDetUUID" Type="Edm.Guid" Nullable="false" sap:label="UUID"
					sap:quickinfo="16 Byte UUID in 16 Bytes (Raw Format)" sap:creatable="false" sap:updatable="false"/><Property Name="MilestoneTemplateUUID" Type="Edm.Guid" sap:label="UUID" sap:quickinfo="16 Byte UUID in 16 Bytes (Raw Format)"
					sap:creatable="false" sap:updatable="false"/><Property Name="MilestonePlanEventNumber" Type="Edm.String" MaxLength="3" sap:display-format="NonNegative" sap:label="Step #"
					sap:quickinfo="Milestone Event Position Template"/><Property Name="MilestonePlanID" Type="Edm.String" MaxLength="4" sap:display-format="UpperCase" sap:label="Milestone ID"
					sap:quickinfo="Milestone Plan ID"/><Property Name="MilestonePlanEventID" Type="Edm.String" MaxLength="20" sap:display-format="UpperCase" sap:label="Mile Event ID"
					sap:quickinfo="Milestone Event ID" sap:creatable="false" sap:updatable="false"/><Property Name="MilestonePlanEventDuration" Type="Edm.String" MaxLength="4" sap:display-format="NonNegative" sap:label="Duration (days)"
					sap:quickinfo="Milestone Event Duration"/><Property Name="MilestonePlanEventAlertSchema" Type="Edm.String" MaxLength="3" sap:display-format="UpperCase" sap:label="EVT Schema"
					sap:quickinfo="Alert Schema"/><Property Name="IsEventMandatory" Type="Edm.Boolean" sap:display-format="UpperCase" sap:label="Mandatory"
					sap:quickinfo="Flag To Indicate Mandatory Event"/><Property Name="Tolerance" Type="Edm.Int32" sap:label="Tolerance(days)"/><Property Name="Createdby" Type="Edm.String" MaxLength="12" sap:display-format="UpperCase" sap:label="Created By"
					sap:quickinfo="Created By User" sap:creatable="false" sap:updatable="false"/><Property Name="Createdat" Type="Edm.DateTimeOffset" Precision="7" sap:label="Created At" sap:quickinfo="Creation Date Time"
					sap:creatable="false" sap:updatable="false"/><Property Name="Lastchangedby" Type="Edm.String" MaxLength="12" sap:display-format="UpperCase" sap:label="Last Changed By"
					sap:quickinfo="Last Changed By User" sap:creatable="false" sap:updatable="false"/><Property Name="Lastchangedat" Type="Edm.DateTimeOffset" Precision="7" sap:label="Last Changed At" sap:quickinfo="Last Change Date Time"
					sap:creatable="false" sap:updatable="false"/><Property Name="LocalLastchangedby" Type="Edm.String" MaxLength="12" sap:display-format="UpperCase" sap:label="Changed By"
					sap:quickinfo="Local Instance Last Changed By User" sap:creatable="false" sap:updatable="false"/><Property Name="LocalLastchangedat" Type="Edm.DateTimeOffset" Precision="7" sap:label="Changed On"
					sap:quickinfo="Local Instance Last Change Date Time" sap:creatable="false" sap:updatable="false"/><Property Name="EventGroup" Type="Edm.String" MaxLength="20" sap:label="Group" sap:creatable="false" sap:updatable="false"/><Property Name="EventDescription" Type="Edm.String" MaxLength="40" sap:text="EventDescription" sap:label="Event Description"
					sap:creatable="false" sap:updatable="false"/><Property Name="EventID" Type="Edm.String" MaxLength="20" sap:display-format="UpperCase" sap:label="Event ID"
					sap:quickinfo="Milestone Event ID" sap:creatable="false" sap:updatable="false"/><Property Name="HasDraftEntity" Type="Edm.Boolean" sap:display-format="UpperCase" sap:label="Has Draft" sap:creatable="false"
					sap:updatable="false"/><Property Name="DraftEntityCreationDateTime" Type="Edm.DateTimeOffset" Precision="7" sap:label="Draft Created On" sap:creatable="false"
					sap:updatable="false"/><Property Name="DraftEntityLastChangeDateTime" Type="Edm.DateTimeOffset" Precision="7" sap:label="Draft Last Changed On"
					sap:creatable="false" sap:updatable="false"/><Property Name="HasActiveEntity" Type="Edm.Boolean" sap:display-format="UpperCase" sap:label="Has active" sap:creatable="false"
					sap:updatable="false"/><Property Name="IsActiveEntity" Type="Edm.Boolean" Nullable="false" sap:display-format="UpperCase" sap:label="Is active"
					sap:creatable="false" sap:updatable="false"/><NavigationProperty Name="to_MilestonePlanTemplate" Relationship="cds_ui_pps_milestone_template.assoc_A7376A3D2BCBF84FA5DF8E127EACF27F"
					FromRole="ToRole_assoc_A7376A3D2BCBF84FA5DF8E127EACF27F" ToRole="FromRole_assoc_A7376A3D2BCBF84FA5DF8E127EACF27F"/><NavigationProperty Name="DraftAdministrativeData" Relationship="cds_ui_pps_milestone_template.assoc_2A1622C95960A24B1E6703C3CCA0E39D"
					FromRole="FromRole_assoc_2A1622C95960A24B1E6703C3CCA0E39D" ToRole="ToRole_assoc_2A1622C95960A24B1E6703C3CCA0E39D"/><NavigationProperty Name="SiblingEntity" Relationship="cds_ui_pps_milestone_template.assoc_90370FD4C538C642EA1BA6A527DFC3F1"
					FromRole="FromRole_assoc_90370FD4C538C642EA1BA6A527DFC3F1" ToRole="ToRole_assoc_90370FD4C538C642EA1BA6A527DFC3F1"/></EntityType>
			<EntityType Name="C_PPS_UserDescriptionVHType" sap:label="User Description Value Help" sap:value-list="true" sap:content-version="1">
				<Key><PropertyRef Name="UserID"/></Key><Property Name="UserID" Type="Edm.String" Nullable="false" MaxLength="12" sap:display-format="UpperCase" sap:label="User ID"/><Property Name="UserDescription" Type="Edm.String" MaxLength="80" sap:label="Description" sap:quickinfo="User Description"/></EntityType>
			<EntityType Name="I_DraftAdministrativeDataType" sap:label="Draft Administration Data" sap:content-version="1">
				<Key><PropertyRef Name="DraftUUID"/><PropertyRef Name="DraftEntityType"/></Key><Property Name="DraftUUID" Type="Edm.Guid" Nullable="false" sap:label="Draft (Technical ID)"/><Property Name="DraftEntityType" Type="Edm.String" Nullable="false" MaxLength="30" sap:display-format="UpperCase"
					sap:label="Draft Entity ID"/><Property Name="CreationDateTime" Type="Edm.DateTimeOffset" Precision="7" sap:label="Draft Created On"/><Property Name="CreatedByUser" Type="Edm.String" MaxLength="12" sap:display-format="UpperCase" sap:text="CreatedByUserDescription"
					sap:label="Draft Created By"/><Property Name="LastChangeDateTime" Type="Edm.DateTimeOffset" Precision="7" sap:label="Draft Last Changed On"/><Property Name="LastChangedByUser" Type="Edm.String" MaxLength="12" sap:display-format="UpperCase" sap:text="LastChangedByUserDescription"
					sap:label="Draft Last Changed By"/><Property Name="DraftAccessType" Type="Edm.String" MaxLength="1" sap:display-format="UpperCase" sap:label="Draft Access Type"/><Property Name="ProcessingStartDateTime" Type="Edm.DateTimeOffset" Precision="7" sap:label="Draft In Process Since"/><Property Name="InProcessByUser" Type="Edm.String" MaxLength="12" sap:display-format="UpperCase" sap:text="InProcessByUserDescription"
					sap:label="Draft In Process By"/><Property Name="DraftIsKeptByUser" Type="Edm.Boolean" sap:display-format="UpperCase" sap:label="Draft Is Kept By User"/><Property Name="EnqueueStartDateTime" Type="Edm.DateTimeOffset" Precision="7" sap:label="Draft Locked Since"/><Property Name="DraftIsCreatedByMe" Type="Edm.Boolean" sap:display-format="UpperCase" sap:label="Draft Created By Me"/><Property Name="DraftIsLastChangedByMe" Type="Edm.Boolean" sap:display-format="UpperCase" sap:label="Draft Last Changed By Me"/><Property Name="DraftIsProcessedByMe" Type="Edm.Boolean" sap:display-format="UpperCase" sap:label="Draft In Process By Me"/><Property Name="CreatedByUserDescription" Type="Edm.String" MaxLength="80" sap:label="Draft Created By (Description)"/><Property Name="LastChangedByUserDescription" Type="Edm.String" MaxLength="80" sap:label="Draft Last Changed By (Description)"/><Property Name="InProcessByUserDescription" Type="Edm.String" MaxLength="80" sap:label="Draft In Process By (Description)"/></EntityType>
			<EntityType Name="I_PPS_STATUS_VHType" sap:label="RESPONSOIBLE PERSON VIEW" sap:value-list="true" sap:content-version="1">
				<Key><PropertyRef Name="MpTempType"/></Key><Property Name="MpTempType" Type="Edm.String" Nullable="false" MaxLength="4" sap:display-format="UpperCase" sap:label="MP Template Type"/></EntityType>
			<EntityType Name="SAP__Currency" sap:content-version="1">
				<Key><PropertyRef Name="CurrencyCode"/></Key><Property Name="CurrencyCode" Type="Edm.String" Nullable="false" MaxLength="5" sap:label="Currency" sap:semantics="currency-code"/><Property Name="ISOCode" Type="Edm.String" Nullable="false" MaxLength="3" sap:label="ISO code"/><Property Name="Text" Type="Edm.String" Nullable="false" MaxLength="15" sap:label="Short text"/><Property Name="DecimalPlaces" Type="Edm.Byte" Nullable="false" sap:label="Decimals"/></EntityType>
			<EntityType Name="SAP__UnitOfMeasure" sap:content-version="1">
				<Key><PropertyRef Name="UnitCode"/></Key><Property Name="UnitCode" Type="Edm.String" Nullable="false" MaxLength="3" sap:label="Internal UoM" sap:semantics="unit-of-measure"/><Property Name="ISOCode" Type="Edm.String" Nullable="false" MaxLength="3" sap:label="ISO Code"/><Property Name="ExternalCode" Type="Edm.String" Nullable="false" MaxLength="3" sap:label="Commercial"/><Property Name="Text" Type="Edm.String" Nullable="false" MaxLength="30" sap:label="Measurement Unit Txt"/><Property Name="DecimalPlaces" Type="Edm.Int16" sap:label="Decimal Places"/></EntityType>
			<EntityType Name="SAP__DocumentDescription" sap:content-version="1">
				<Key><PropertyRef Name="Id"/></Key><Property Name="Id" Type="Edm.Guid" Nullable="false" sap:label="UUID"/><Property Name="CreatedBy" Type="Edm.String" Nullable="false" MaxLength="12"/><Property Name="CreatedAt" Type="Edm.DateTime" Nullable="false" Precision="0" sap:label="Time Stamp"/><Property Name="FileName" Type="Edm.String" Nullable="false" MaxLength="256"/><Property Name="Title" Type="Edm.String" Nullable="false" MaxLength="256"/><NavigationProperty Name="Format" Relationship="cds_ui_pps_milestone_template.to_format" FromRole="FromRole_to_format"
					ToRole="ToRole_to_format"/><NavigationProperty Name="TableColumns" Relationship="cds_ui_pps_milestone_template.to_tablecolumns" FromRole="FromRole_to_tablecolumns"
					ToRole="ToRole_to_tablecolumns"/><NavigationProperty Name="CoverPage" Relationship="cds_ui_pps_milestone_template.to_coverpage" FromRole="FromRole_to_coverpage"
					ToRole="ToRole_to_coverpage"/><NavigationProperty Name="Signature" Relationship="cds_ui_pps_milestone_template.to_signature" FromRole="FromRole_to_signature"
					ToRole="ToRole_to_signature"/></EntityType>
			<EntityType Name="SAP__Format" sap:content-version="1">
				<Key><PropertyRef Name="Id"/></Key><Property Name="Id" Type="Edm.Guid" Nullable="false" sap:label="UUID" sap:creatable="false" sap:updatable="false" sap:sortable="false"
					sap:filterable="false"/><Property Name="DoEnableAccessibility" Type="Edm.Boolean" Nullable="false" sap:label="Indicator" sap:creatable="false" sap:updatable="false"
					sap:sortable="false" sap:filterable="false"/><Property Name="FontSize" Type="Edm.Int32" Nullable="false" sap:creatable="false" sap:updatable="false" sap:sortable="false"
					sap:filterable="false"/><Property Name="Orientation" Type="Edm.String" Nullable="false" MaxLength="10" sap:creatable="false" sap:updatable="false"
					sap:sortable="false" sap:filterable="false"/><Property Name="PaperSize" Type="Edm.String" Nullable="false" MaxLength="10" sap:creatable="false" sap:updatable="false"
					sap:sortable="false" sap:filterable="false"/></EntityType>
			<EntityType Name="SAP__TableColumns" sap:content-version="1">
				<Key><PropertyRef Name="Id"/><PropertyRef Name="Name"/><PropertyRef Name="Header"/></Key><Property Name="Id" Type="Edm.Guid" Nullable="false" sap:label="UUID" sap:creatable="false" sap:updatable="false" sap:sortable="false"
					sap:filterable="false"/><Property Name="Name" Type="Edm.String" Nullable="false" MaxLength="256" sap:creatable="false" sap:updatable="false" sap:sortable="false"
					sap:filterable="false"/><Property Name="Header" Type="Edm.String" Nullable="false" MaxLength="256" sap:creatable="false" sap:updatable="false" sap:sortable="false"
					sap:filterable="false"/><Property Name="HorizontalAlignment" Type="Edm.String" Nullable="false" MaxLength="10" sap:creatable="false" sap:updatable="false"
					sap:sortable="false" sap:filterable="false"/></EntityType>
			<EntityType Name="SAP__CoverPage" sap:content-version="1">
				<Key><PropertyRef Name="Title"/><PropertyRef Name="Id"/><PropertyRef Name="Name"/></Key><Property Name="Title" Type="Edm.String" Nullable="false" MaxLength="256" sap:creatable="false" sap:updatable="false" sap:sortable="false"
					sap:filterable="false"/><Property Name="Id" Type="Edm.Guid" Nullable="false" sap:label="UUID" sap:creatable="false" sap:updatable="false" sap:sortable="false"
					sap:filterable="false"/><Property Name="Name" Type="Edm.String" Nullable="false" MaxLength="256" sap:creatable="false" sap:updatable="false" sap:sortable="false"
					sap:filterable="false"/><Property Name="Value" Type="Edm.String" Nullable="false" MaxLength="256" sap:creatable="false" sap:updatable="false" sap:sortable="false"
					sap:filterable="false"/></EntityType>
			<EntityType Name="SAP__Signature" sap:content-version="1">
				<Key><PropertyRef Name="Id"/></Key><Property Name="Id" Type="Edm.Guid" Nullable="false" sap:label="UUID" sap:creatable="false" sap:updatable="false" sap:sortable="false"
					sap:filterable="false"/><Property Name="DoSign" Type="Edm.Boolean" Nullable="false" sap:label="Indicator" sap:creatable="false" sap:updatable="false"
					sap:sortable="false" sap:filterable="false"/><Property Name="Reason" Type="Edm.String" Nullable="false" MaxLength="256" sap:creatable="false" sap:updatable="false" sap:sortable="false"
					sap:filterable="false"/></EntityType>
			<ComplexType Name="DummyFunctionImportResult"><Property Name="IsInvalid" Type="Edm.Boolean" sap:label="TRUE"/></ComplexType>
			<Association Name="assoc_2A1622C95960A24B1E6703C3CCA0E39D" sap:content-version="1"><End Type="cds_ui_pps_milestone_template.MilestoneTemplateDetailsType" Multiplicity="1"
				Role="FromRole_assoc_2A1622C95960A24B1E6703C3CCA0E39D"/><End Type="cds_ui_pps_milestone_template.I_DraftAdministrativeDataType" Multiplicity="0..1"
				Role="ToRole_assoc_2A1622C95960A24B1E6703C3CCA0E39D"/></Association>
			<Association Name="assoc_90370FD4C538C642EA1BA6A527DFC3F1" sap:content-version="1"><End Type="cds_ui_pps_milestone_template.MilestoneTemplateDetailsType" Multiplicity="1"
				Role="FromRole_assoc_90370FD4C538C642EA1BA6A527DFC3F1"/><End Type="cds_ui_pps_milestone_template.MilestoneTemplateDetailsType" Multiplicity="0..1"
				Role="ToRole_assoc_90370FD4C538C642EA1BA6A527DFC3F1"/></Association>
			<Association Name="assoc_45C81985353304E09F53B4B0F5899CFD" sap:content-version="1"><End Type="cds_ui_pps_milestone_template.MilestoneTemplateType" Multiplicity="1" Role="FromRole_assoc_45C81985353304E09F53B4B0F5899CFD"/><End Type="cds_ui_pps_milestone_template.MilestoneTemplateType" Multiplicity="0..1" Role="ToRole_assoc_45C81985353304E09F53B4B0F5899CFD"/></Association>
			<Association Name="assoc_A7376A3D2BCBF84FA5DF8E127EACF27F" sap:content-version="1">
				<End Type="cds_ui_pps_milestone_template.MilestoneTemplateType" Multiplicity="1" Role="FromRole_assoc_A7376A3D2BCBF84FA5DF8E127EACF27F"><OnDelete Action="Cascade"/></End><End Type="cds_ui_pps_milestone_template.MilestoneTemplateDetailsType" Multiplicity="*" Role="ToRole_assoc_A7376A3D2BCBF84FA5DF8E127EACF27F"/>
				<ReferentialConstraint>
					<Principal Role="FromRole_assoc_A7376A3D2BCBF84FA5DF8E127EACF27F"><PropertyRef Name="MilestoneTemplateUUID"/></Principal>
					<Dependent Role="ToRole_assoc_A7376A3D2BCBF84FA5DF8E127EACF27F"><PropertyRef Name="MilestoneTemplateUUID"/></Dependent>
				</ReferentialConstraint>
			</Association>
			<Association Name="assoc_3D9C84214A84C20C819BB9157A2B80E0" sap:content-version="1"><End Type="cds_ui_pps_milestone_template.MilestoneTemplateType" Multiplicity="1" Role="FromRole_assoc_3D9C84214A84C20C819BB9157A2B80E0"/><End Type="cds_ui_pps_milestone_template.I_DraftAdministrativeDataType" Multiplicity="0..1"
				Role="ToRole_assoc_3D9C84214A84C20C819BB9157A2B80E0"/></Association>
			<Association Name="to_format" sap:content-version="1"><End Type="cds_ui_pps_milestone_template.SAP__DocumentDescription" Multiplicity="1" Role="FromRole_to_format"/><End Type="cds_ui_pps_milestone_template.SAP__Format" Multiplicity="1" Role="ToRole_to_format"/>
				<ReferentialConstraint>
					<Principal Role="FromRole_to_format"><PropertyRef Name="Id"/></Principal>
					<Dependent Role="ToRole_to_format"><PropertyRef Name="Id"/></Dependent>
				</ReferentialConstraint>
			</Association>
			<Association Name="to_tablecolumns" sap:content-version="1"><End Type="cds_ui_pps_milestone_template.SAP__DocumentDescription" Multiplicity="1" Role="FromRole_to_tablecolumns"/><End Type="cds_ui_pps_milestone_template.SAP__TableColumns" Multiplicity="*" Role="ToRole_to_tablecolumns"/>
				<ReferentialConstraint>
					<Principal Role="FromRole_to_tablecolumns"><PropertyRef Name="Id"/></Principal>
					<Dependent Role="ToRole_to_tablecolumns"><PropertyRef Name="Id"/></Dependent>
				</ReferentialConstraint>
			</Association>
			<Association Name="to_coverpage" sap:content-version="1"><End Type="cds_ui_pps_milestone_template.SAP__DocumentDescription" Multiplicity="1" Role="FromRole_to_coverpage"/><End Type="cds_ui_pps_milestone_template.SAP__CoverPage" Multiplicity="*" Role="ToRole_to_coverpage"/>
				<ReferentialConstraint>
					<Principal Role="FromRole_to_coverpage"><PropertyRef Name="Id"/></Principal>
					<Dependent Role="ToRole_to_coverpage"><PropertyRef Name="Id"/></Dependent>
				</ReferentialConstraint>
			</Association>
			<Association Name="to_signature" sap:content-version="1"><End Type="cds_ui_pps_milestone_template.SAP__DocumentDescription" Multiplicity="1" Role="FromRole_to_signature"/><End Type="cds_ui_pps_milestone_template.SAP__Signature" Multiplicity="1" Role="ToRole_to_signature"/>
				<ReferentialConstraint>
					<Principal Role="FromRole_to_signature"><PropertyRef Name="Id"/></Principal>
					<Dependent Role="ToRole_to_signature"><PropertyRef Name="Id"/></Dependent>
				</ReferentialConstraint>
			</Association>
			<EntityContainer Name="cds_ui_pps_milestone_template_Entities" m:IsDefaultEntityContainer="true" sap:message-scope-supported="true"
				sap:supported-formats="atom json xlsx"><EntitySet Name="SAP__Currencies" EntityType="cds_ui_pps_milestone_template.SAP__Currency" sap:content-version="1"/><EntitySet Name="SAP__UnitsOfMeasure" EntityType="cds_ui_pps_milestone_template.SAP__UnitOfMeasure" sap:content-version="1"/><EntitySet Name="SAP__MyDocumentDescriptions" EntityType="cds_ui_pps_milestone_template.SAP__DocumentDescription" sap:content-version="1"/><EntitySet Name="SAP__FormatSet" EntityType="cds_ui_pps_milestone_template.SAP__Format" sap:creatable="false" sap:updatable="false"
				sap:deletable="false" sap:pageable="false" sap:addressable="false" sap:content-version="1"/><EntitySet Name="SAP__TableColumnsSet" EntityType="cds_ui_pps_milestone_template.SAP__TableColumns" sap:creatable="false"
				sap:updatable="false" sap:deletable="false" sap:pageable="false" sap:addressable="false" sap:content-version="1"/><EntitySet Name="SAP__CoverPageSet" EntityType="cds_ui_pps_milestone_template.SAP__CoverPage" sap:creatable="false" sap:updatable="false"
				sap:deletable="false" sap:pageable="false" sap:addressable="false" sap:content-version="1"/><EntitySet Name="SAP__SignatureSet" EntityType="cds_ui_pps_milestone_template.SAP__Signature" sap:creatable="false" sap:updatable="false"
				sap:deletable="false" sap:pageable="false" sap:addressable="false" sap:content-version="1"/><EntitySet Name="MilestoneTemplate" EntityType="cds_ui_pps_milestone_template.MilestoneTemplateType" sap:deletable="false"
				sap:searchable="true" sap:content-version="1" sap:updatable-path="Update_mc"/><EntitySet Name="MilestoneTemplateDetails" EntityType="cds_ui_pps_milestone_template.MilestoneTemplateDetailsType" sap:deletable="false"
				sap:searchable="true" sap:content-version="1" sap:updatable-path="Update_mc"/><EntitySet Name="C_PPS_UserDescriptionVH" EntityType="cds_ui_pps_milestone_template.C_PPS_UserDescriptionVHType" sap:creatable="false"
				sap:updatable="false" sap:deletable="false" sap:content-version="1"/><EntitySet Name="I_DraftAdministrativeData" EntityType="cds_ui_pps_milestone_template.I_DraftAdministrativeDataType" sap:creatable="false"
				sap:updatable="false" sap:deletable="false" sap:searchable="true" sap:addressable="false" sap:content-version="1"/><EntitySet Name="I_PPS_STATUS_VH" EntityType="cds_ui_pps_milestone_template.I_PPS_STATUS_VHType" sap:creatable="false" sap:updatable="false"
				sap:deletable="false" sap:searchable="true" sap:content-version="1"/>
				<AssociationSet Name="to_formatSet" Association="cds_ui_pps_milestone_template.to_format" sap:creatable="false" sap:updatable="false"
					sap:deletable="false" sap:content-version="1"><End EntitySet="SAP__MyDocumentDescriptions" Role="FromRole_to_format"/><End EntitySet="SAP__FormatSet" Role="ToRole_to_format"/></AssociationSet>
				<AssociationSet Name="assoc_3D9C84214A84C20C819BB9157A2B80E0"
					Association="cds_ui_pps_milestone_template.assoc_3D9C84214A84C20C819BB9157A2B80E0" sap:creatable="false" sap:updatable="false"
					sap:deletable="false" sap:content-version="1"><End EntitySet="MilestoneTemplate" Role="FromRole_assoc_3D9C84214A84C20C819BB9157A2B80E0"/><End EntitySet="I_DraftAdministrativeData" Role="ToRole_assoc_3D9C84214A84C20C819BB9157A2B80E0"/></AssociationSet>
				<AssociationSet Name="assoc_A7376A3D2BCBF84FA5DF8E127EACF27F"
					Association="cds_ui_pps_milestone_template.assoc_A7376A3D2BCBF84FA5DF8E127EACF27F" sap:creatable="false" sap:updatable="false"
					sap:deletable="false" sap:content-version="1"><End EntitySet="MilestoneTemplate" Role="FromRole_assoc_A7376A3D2BCBF84FA5DF8E127EACF27F"/><End EntitySet="MilestoneTemplateDetails" Role="ToRole_assoc_A7376A3D2BCBF84FA5DF8E127EACF27F"/></AssociationSet>
				<AssociationSet Name="assoc_90370FD4C538C642EA1BA6A527DFC3F1"
					Association="cds_ui_pps_milestone_template.assoc_90370FD4C538C642EA1BA6A527DFC3F1" sap:creatable="false" sap:updatable="false"
					sap:deletable="false" sap:content-version="1"><End EntitySet="MilestoneTemplateDetails" Role="FromRole_assoc_90370FD4C538C642EA1BA6A527DFC3F1"/><End EntitySet="MilestoneTemplateDetails" Role="ToRole_assoc_90370FD4C538C642EA1BA6A527DFC3F1"/></AssociationSet>
				<AssociationSet Name="to_tablecolumnsSet" Association="cds_ui_pps_milestone_template.to_tablecolumns" sap:creatable="false"
					sap:updatable="false" sap:deletable="false" sap:content-version="1"><End EntitySet="SAP__MyDocumentDescriptions" Role="FromRole_to_tablecolumns"/><End EntitySet="SAP__TableColumnsSet" Role="ToRole_to_tablecolumns"/></AssociationSet>
				<AssociationSet Name="to_signatureSet" Association="cds_ui_pps_milestone_template.to_signature" sap:creatable="false" sap:updatable="false"
					sap:deletable="false" sap:content-version="1"><End EntitySet="SAP__MyDocumentDescriptions" Role="FromRole_to_signature"/><End EntitySet="SAP__SignatureSet" Role="ToRole_to_signature"/></AssociationSet>
				<AssociationSet Name="assoc_2A1622C95960A24B1E6703C3CCA0E39D"
					Association="cds_ui_pps_milestone_template.assoc_2A1622C95960A24B1E6703C3CCA0E39D" sap:creatable="false" sap:updatable="false"
					sap:deletable="false" sap:content-version="1"><End EntitySet="MilestoneTemplateDetails" Role="FromRole_assoc_2A1622C95960A24B1E6703C3CCA0E39D"/><End EntitySet="I_DraftAdministrativeData" Role="ToRole_assoc_2A1622C95960A24B1E6703C3CCA0E39D"/></AssociationSet>
				<AssociationSet Name="assoc_45C81985353304E09F53B4B0F5899CFD"
					Association="cds_ui_pps_milestone_template.assoc_45C81985353304E09F53B4B0F5899CFD" sap:creatable="false" sap:updatable="false"
					sap:deletable="false" sap:content-version="1"><End EntitySet="MilestoneTemplate" Role="FromRole_assoc_45C81985353304E09F53B4B0F5899CFD"/><End EntitySet="MilestoneTemplate" Role="ToRole_assoc_45C81985353304E09F53B4B0F5899CFD"/></AssociationSet>
				<AssociationSet Name="to_coverpageSet" Association="cds_ui_pps_milestone_template.to_coverpage" sap:creatable="false" sap:updatable="false"
					sap:deletable="false" sap:content-version="1"><End EntitySet="SAP__MyDocumentDescriptions" Role="FromRole_to_coverpage"/><End EntitySet="SAP__CoverPageSet" Role="ToRole_to_coverpage"/></AssociationSet>
				<FunctionImport Name="MilestoneTemplateActivate" ReturnType="cds_ui_pps_milestone_template.MilestoneTemplateType"
					EntitySet="MilestoneTemplate" m:HttpMethod="POST" sap:action-for="cds_ui_pps_milestone_template.MilestoneTemplateType"><Parameter Name="MilestoneTemplateUUID" Type="Edm.Guid" Mode="In" sap:label="UUID"/><Parameter Name="IsActiveEntity" Type="Edm.Boolean" Mode="In" sap:label="Is active"/></FunctionImport>
				<FunctionImport Name="copy" ReturnType="cds_ui_pps_milestone_template.MilestoneTemplateType" EntitySet="MilestoneTemplate"
					m:HttpMethod="POST" sap:action-for="cds_ui_pps_milestone_template.MilestoneTemplateType" sap:applicable-path="copy_ac"><Parameter Name="MilestoneTemplateUUID" Type="Edm.Guid" Mode="In" sap:label="UUID"/><Parameter Name="IsActiveEntity" Type="Edm.Boolean" Mode="In" sap:label="Is active"/></FunctionImport>
				<FunctionImport Name="delete_h" ReturnType="cds_ui_pps_milestone_template.MilestoneTemplateType" EntitySet="MilestoneTemplate"
					m:HttpMethod="POST" sap:action-for="cds_ui_pps_milestone_template.MilestoneTemplateType" sap:applicable-path="delete_h_ac"><Parameter Name="MilestoneTemplateUUID" Type="Edm.Guid" Mode="In" sap:label="UUID"/><Parameter Name="IsActiveEntity" Type="Edm.Boolean" Mode="In" sap:label="Is active"/></FunctionImport>
				<FunctionImport Name="MilestoneTemplateDiscard" ReturnType="cds_ui_pps_milestone_template.DummyFunctionImportResult" m:HttpMethod="POST"
					sap:action-for="cds_ui_pps_milestone_template.MilestoneTemplateType"><Parameter Name="MilestoneTemplateUUID" Type="Edm.Guid" Mode="In" sap:label="UUID"/><Parameter Name="IsActiveEntity" Type="Edm.Boolean" Mode="In" sap:label="Is active"/></FunctionImport>
				<FunctionImport Name="MilestoneTemplateEdit" ReturnType="cds_ui_pps_milestone_template.MilestoneTemplateType" EntitySet="MilestoneTemplate"
					m:HttpMethod="POST" sap:action-for="cds_ui_pps_milestone_template.MilestoneTemplateType" sap:applicable-path="Edit_ac"><Parameter Name="MilestoneTemplateUUID" Type="Edm.Guid" Mode="In" sap:label="UUID"/><Parameter Name="IsActiveEntity" Type="Edm.Boolean" Mode="In" sap:label="Is active"/><Parameter Name="PreserveChanges" Type="Edm.Boolean" Mode="In" Nullable="true" sap:label="TRUE"/></FunctionImport>
				<FunctionImport Name="MilestoneTemplatePrepare" ReturnType="cds_ui_pps_milestone_template.DummyFunctionImportResult" m:HttpMethod="POST"
					sap:action-for="cds_ui_pps_milestone_template.MilestoneTemplateType"><Parameter Name="MilestoneTemplateUUID" Type="Edm.Guid" Mode="In" sap:label="UUID"/><Parameter Name="IsActiveEntity" Type="Edm.Boolean" Mode="In" sap:label="Is active"/></FunctionImport>
				<FunctionImport Name="MilestoneTemplateResume" ReturnType="cds_ui_pps_milestone_template.DummyFunctionImportResult" m:HttpMethod="POST"
					sap:action-for="cds_ui_pps_milestone_template.MilestoneTemplateType"><Parameter Name="MilestoneTemplateUUID" Type="Edm.Guid" Mode="In" sap:label="UUID"/><Parameter Name="IsActiveEntity" Type="Edm.Boolean" Mode="In" sap:label="Is active"/></FunctionImport>
				<FunctionImport Name="Copy_mls_event" ReturnType="cds_ui_pps_milestone_template.MilestoneTemplateDetailsType"
					EntitySet="MilestoneTemplateDetails" m:HttpMethod="POST" sap:action-for="cds_ui_pps_milestone_template.MilestoneTemplateDetailsType"
					sap:applicable-path="Copy_mls_event_ac"><Parameter Name="MilestonePlanDetUUID" Type="Edm.Guid" Mode="In" sap:label="UUID"/><Parameter Name="IsActiveEntity" Type="Edm.Boolean" Mode="In" sap:label="Is active"/><Parameter Name="ResultIsActiveEntity" Type="Edm.Boolean" Mode="In" Nullable="true" sap:label="Result is active"/></FunctionImport>
			</EntityContainer>
			<Annotations Target="cds_ui_pps_milestone_template.cds_ui_pps_milestone_template_Entities/MilestoneTemplate"
				xmlns="http://docs.oasis-open.org/odata/ns/edm">
				<Annotation Term="Common.DraftRoot">
					<Record><PropertyValue Property="ActivationAction"
						String="cds_ui_pps_milestone_template.cds_ui_pps_milestone_template_Entities/MilestoneTemplateActivate"/><PropertyValue Property="DiscardAction"
						String="cds_ui_pps_milestone_template.cds_ui_pps_milestone_template_Entities/MilestoneTemplateDiscard"/><PropertyValue Property="EditAction" String="cds_ui_pps_milestone_template.cds_ui_pps_milestone_template_Entities/MilestoneTemplateEdit"/><PropertyValue Property="PreparationAction"
						String="cds_ui_pps_milestone_template.cds_ui_pps_milestone_template_Entities/MilestoneTemplatePrepare"/></Record>
				</Annotation>
				<Annotation Term="Capabilities.FilterRestrictions">
					<Record>
						<PropertyValue Property="NonFilterableProperties">
							<Collection>
								<PropertyPath>copy_ac</PropertyPath>
								<PropertyPath>delete_h_ac</PropertyPath>
								<PropertyPath>Edit_ac</PropertyPath>
								<PropertyPath>Update_mc</PropertyPath>
								<PropertyPath>to_MilestonePlanTemplateDet_oc</PropertyPath>
							</Collection>
						</PropertyValue>
					</Record>
				</Annotation>
				<Annotation Term="Capabilities.NavigationRestrictions">
					<Record>
						<PropertyValue Property="RestrictedProperties">
							<Collection>
								<Record><PropertyValue Property="NavigationProperty" NavigationPropertyPath="DraftAdministrativeData"/>
									<PropertyValue Property="InsertRestrictions">
										<Record><PropertyValue Property="Insertable" Bool="false"/></Record>
									</PropertyValue>
								</Record>
								<Record><PropertyValue Property="NavigationProperty" NavigationPropertyPath="SiblingEntity"/>
									<PropertyValue Property="InsertRestrictions">
										<Record><PropertyValue Property="Insertable" Bool="false"/></Record>
									</PropertyValue>
								</Record>
								<Record><PropertyValue Property="NavigationProperty" NavigationPropertyPath="to_MilestonePlanTemplateDet"/>
									<PropertyValue Property="InsertRestrictions">
										<Record><PropertyValue Property="Insertable" Path="to_MilestonePlanTemplateDet_oc"/></Record>
									</PropertyValue>
								</Record>
							</Collection>
						</PropertyValue>
					</Record>
				</Annotation>
				<Annotation Term="SAP__core.OptimisticConcurrency"><Collection/></Annotation>
				<Annotation Term="Capabilities.SortRestrictions">
					<Record>
						<PropertyValue Property="NonSortableProperties">
							<Collection>
								<PropertyPath>copy_ac</PropertyPath>
								<PropertyPath>delete_h_ac</PropertyPath>
								<PropertyPath>Edit_ac</PropertyPath>
								<PropertyPath>Update_mc</PropertyPath>
								<PropertyPath>to_MilestonePlanTemplateDet_oc</PropertyPath>
							</Collection>
						</PropertyValue>
					</Record>
				</Annotation>
			</Annotations>
			<Annotations Target="cds_ui_pps_milestone_template.cds_ui_pps_milestone_template_Entities/MilestoneTemplateDetails"
				xmlns="http://docs.oasis-open.org/odata/ns/edm">
				<Annotation Term="Common.DraftNode"><Record/></Annotation>
				<Annotation Term="Common.DraftActivationVia">
					<Collection>
						<String>cds_ui_pps_milestone_template.cds_ui_pps_milestone_template_Entities/MilestoneTemplate</String>
					</Collection>
				</Annotation>
				<Annotation Term="Capabilities.FilterRestrictions">
					<Record>
						<PropertyValue Property="NonFilterableProperties">
							<Collection>
								<PropertyPath>Copy_mls_event_ac</PropertyPath>
								<PropertyPath>Update_mc</PropertyPath>
							</Collection>
						</PropertyValue>
					</Record>
				</Annotation>
				<Annotation Term="Capabilities.NavigationRestrictions">
					<Record>
						<PropertyValue Property="RestrictedProperties">
							<Collection>
								<Record><PropertyValue Property="NavigationProperty" NavigationPropertyPath="DraftAdministrativeData"/>
									<PropertyValue Property="InsertRestrictions">
										<Record><PropertyValue Property="Insertable" Bool="false"/></Record>
									</PropertyValue>
								</Record>
								<Record><PropertyValue Property="NavigationProperty" NavigationPropertyPath="SiblingEntity"/>
									<PropertyValue Property="InsertRestrictions">
										<Record><PropertyValue Property="Insertable" Bool="false"/></Record>
									</PropertyValue>
								</Record>
								<Record><PropertyValue Property="NavigationProperty" NavigationPropertyPath="to_MilestonePlanTemplate"/>
									<PropertyValue Property="InsertRestrictions">
										<Record><PropertyValue Property="Insertable" Bool="false"/></Record>
									</PropertyValue>
								</Record>
							</Collection>
						</PropertyValue>
					</Record>
				</Annotation>
				<Annotation Term="SAP__core.OptimisticConcurrency"><Collection/></Annotation>
				<Annotation Term="Capabilities.SortRestrictions">
					<Record>
						<PropertyValue Property="NonSortableProperties">
							<Collection>
								<PropertyPath>Copy_mls_event_ac</PropertyPath>
								<PropertyPath>Update_mc</PropertyPath>
							</Collection>
						</PropertyValue>
					</Record>
				</Annotation>
			</Annotations>
			<Annotations Target="cds_ui_pps_milestone_template.MilestoneTemplateType/MilestoneTemplateType"
				xmlns="http://docs.oasis-open.org/odata/ns/edm">
				<Annotation Term="Common.ValueList">
					<Record><PropertyValue Property="Label" String="MP Template Type"/><PropertyValue Property="CollectionPath" String="I_PPS_STATUS_VH"/><PropertyValue Property="SearchSupported" Bool="true"/>
						<PropertyValue Property="Parameters">
							<Collection>
								<Record Type="Common.ValueListParameterInOut"><PropertyValue Property="LocalDataProperty" PropertyPath="MilestoneTemplateType"/><PropertyValue Property="ValueListProperty" String="MpTempType"/></Record>
							</Collection>
						</PropertyValue>
					</Record>
				</Annotation><Annotation Term="Common.ValueListWithFixedValues"/><Annotation Term="Common.FieldControl" EnumMember="Common.FieldControlType/Mandatory"/></Annotations>
			<Annotations Target="cds_ui_pps_milestone_template.MilestoneTemplateType/PersonResponsible" xmlns="http://docs.oasis-open.org/odata/ns/edm">
				<Annotation Term="Common.ValueList">
					<Record><PropertyValue Property="Label" String="User Name"/><PropertyValue Property="CollectionPath" String="C_PPS_UserDescriptionVH"/><PropertyValue Property="SearchSupported" Bool="false"/>
						<PropertyValue Property="Parameters">
							<Collection>
								<Record Type="Common.ValueListParameterInOut"><PropertyValue Property="LocalDataProperty" PropertyPath="PersonResponsible"/><PropertyValue Property="ValueListProperty" String="UserID"/></Record>
								<Record Type="Common.ValueListParameterDisplayOnly"><PropertyValue Property="ValueListProperty" String="UserDescription"/></Record>
							</Collection>
						</PropertyValue>
					</Record>
				</Annotation>
			</Annotations>
			<Annotations Target="cds_ui_pps_milestone_template.cds_ui_pps_milestone_template_Entities" xmlns="http://docs.oasis-open.org/odata/ns/edm"><Annotation Term="Common.ApplyMultiUnitBehaviorForSortingAndFiltering" Bool="true"/></Annotations>
			<Annotations Target="cds_ui_pps_milestone_template.MilestoneTemplateType/to_MilestonePlanTemplateDet"
				xmlns="http://docs.oasis-open.org/odata/ns/edm"><Annotation Term="Common.Composition"/></Annotations>
			<Annotations Target="cds_ui_pps_milestone_template.MilestoneTemplateDetailsType/MilestonePlanID"
				xmlns="http://docs.oasis-open.org/odata/ns/edm"><Annotation Term="Common.FieldControl" EnumMember="Common.FieldControlType/Mandatory"/></Annotations>
			<Annotations Target="cds_ui_pps_milestone_template.MilestoneTemplateType/MilestoneTemplate" xmlns="http://docs.oasis-open.org/odata/ns/edm"><Annotation Term="Common.FieldControl" EnumMember="Common.FieldControlType/Mandatory"/></Annotations>
			<Annotations Target="cds_ui_pps_milestone_template.MilestoneTemplateType/MilestoneTemplateDesc"
				xmlns="http://docs.oasis-open.org/odata/ns/edm"><Annotation Term="Common.FieldControl" EnumMember="Common.FieldControlType/Mandatory"/></Annotations>
			<Annotations Target="cds_ui_pps_milestone_template.MilestoneTemplateType" xmlns="http://docs.oasis-open.org/odata/ns/edm">
				<Annotation Term="Common.SemanticKey">
					<Collection>
						<PropertyPath>MilestoneTemplate</PropertyPath>
					</Collection>
				</Annotation>
			</Annotations>
			<Annotations Target="cds_ui_pps_milestone_template.cds_ui_pps_milestone_template_Entities" xmlns="http://docs.oasis-open.org/odata/ns/edm">
				<Annotation Term="Org.OData.Capabilities.V1.BatchSupport">
					<Record Type="Org.OData.Capabilities.V1.BatchSupportType"><PropertyValue Property="ReferencesAcrossChangeSetsSupported" Bool="true"/></Record>
				</Annotation>
				<Annotation Term="SAP__CodeList.CurrencyCodes">
					<Record><PropertyValue Property="Url" String="./$metadata"/><PropertyValue Property="CollectionPath" String="SAP__Currencies"/></Record>
				</Annotation>
				<Annotation Term="SAP__CodeList.UnitsOfMeasure">
					<Record><PropertyValue Property="Url" String="./$metadata"/><PropertyValue Property="CollectionPath" String="SAP__UnitsOfMeasure"/></Record>
				</Annotation>
			</Annotations>
			<Annotations Target="cds_ui_pps_milestone_template.SAP__Currency/CurrencyCode" xmlns="http://docs.oasis-open.org/odata/ns/edm"><Annotation Term="SAP__common.Text" Path="Text"/><Annotation Term="SAP__common.UnitSpecificScale" Path="DecimalPlaces"/><Annotation Term="SAP__CodeList.StandardCode" Path="ISOCode"/></Annotations>
			<Annotations Target="cds_ui_pps_milestone_template.SAP__UnitOfMeasure/UnitCode" xmlns="http://docs.oasis-open.org/odata/ns/edm"><Annotation Term="SAP__common.Text" Path="Text"/><Annotation Term="SAP__common.UnitSpecificScale" Path="DecimalPlaces"/><Annotation Term="SAP__CodeList.StandardCode" Path="ISOCode"/><Annotation Term="SAP__CodeList.ExternalCode" Path="ExternalCode"/></Annotations>
			<Annotations Target="cds_ui_pps_milestone_template.SAP__UnitOfMeasure" xmlns="http://docs.oasis-open.org/odata/ns/edm">
				<Annotation Term="SAP__core.AlternateKeys">
					<Collection>
						<Record>
							<PropertyValue Property="Key">
								<Collection>
									<Record><PropertyValue Property="Name" Path="ExternalCode"/><PropertyValue Property="Alias" String="ExternalCode"/></Record>
								</Collection>
							</PropertyValue>
						</Record>
					</Collection>
				</Annotation>
			</Annotations><atom:link rel="self"
				href="https://webidecp-fiori.dispatcher.int.sap.eu2.hana.ondemand.com/destinations/UYTCLNT718/sap/opu/odata/sap/UI_PPS_MILESTONE_TEMPLATE/$metadata"
				xmlns:atom="http://www.w3.org/2005/Atom"/><atom:link rel="latest-version"
				href="https://webidecp-fiori.dispatcher.int.sap.eu2.hana.ondemand.com/destinations/UYTCLNT718/sap/opu/odata/sap/UI_PPS_MILESTONE_TEMPLATE/$metadata"
				xmlns:atom="http://www.w3.org/2005/Atom"/></Schema>
	</edmx:DataServices>
</edmx:Edmx>