<?xml version="1.0" encoding="utf-8"?>
<edmx:Edmx Version="4.0" xmlns:edmx="http://docs.oasis-open.org/odata/ns/edmx">
	<edmx:Reference
		Uri="../../catalogservice;v=2/Vocabularies(TechnicalName='%2FIWBEP%2FVOC_COMMON',Version='0001',SAP__Origin='EDECLNT038')/$value"><edmx:Include Namespace="com.sap.vocabularies.Common.v1" Alias="Common"/></edmx:Reference>
	<edmx:Reference
		Uri="../../catalogservice;v=2/Vocabularies(TechnicalName='%2FIWBEP%2FVOC_UI',Version='0001',SAP__Origin='EDECLNT038')/$value"><edmx:Include Namespace="com.sap.vocabularies.UI.v1" Alias="UI"/></edmx:Reference>
	<edmx:Reference
		Uri="../../catalogservice;v=2/Vocabularies(TechnicalName='%2FIWBEP%2FVOC_COMMUNICATION',Version='0001',SAP__Origin='EDECLNT038')/$value"><edmx:Include Namespace="com.sap.vocabularies.Communication.v1" Alias="Communication"/></edmx:Reference>
	<edmx:Reference
		Uri="../../catalogservice;v=2/Vocabularies(TechnicalName='%2FIWBEP%2FVOC_PERSONALDATA',Version='0001',SAP__Origin='EDECLNT038')/$value"><edmx:Include Namespace="com.sap.vocabularies.PersonalData.v1" Alias="PersonalData"/></edmx:Reference>
	<edmx:Reference
		Uri="../../catalogservice;v=2/Vocabularies(TechnicalName='%2FIWBEP%2FVOC_VALIDATION',Version='0001',SAP__Origin='EDECLNT038')/$value"><edmx:Include Namespace="Org.OData.Validation.V1" Alias="Validation"/></edmx:Reference>
	<edmx:Reference
		Uri="../../catalogservice;v=2/Vocabularies(TechnicalName='%2FIWBEP%2FVOC_ANALYTICS',Version='0001',SAP__Origin='EDECLNT038')/$value"><edmx:Include Namespace="com.sap.vocabularies.Analytics.v1" Alias="Analytics"/></edmx:Reference>
	<edmx:Reference
		Uri="../../catalogservice;v=2/Vocabularies(TechnicalName='%2FIWBEP%2FVOC_HTML5',Version='0001',SAP__Origin='EDECLNT038')/$value"><edmx:Include Namespace="com.sap.vocabularies.HTML5.v1" Alias="HTML5"/></edmx:Reference>
	<edmx:Reference Uri="../../../sap/ui_pps_milestone_template/$metadata"><edmx:Include Namespace="UI_PPS_MILESTONE_TEMPLATE" Alias="SAP"/></edmx:Reference>
	<edmx:DataServices>
		<Schema Namespace="ui_pps_milestone_template_van.v1" xmlns="http://docs.oasis-open.org/odata/ns/edm">
			<Annotations Target="cds_ui_pps_milestone_template.MilestoneTemplateType/MilestoneTemplateDesc"><Annotation Term="UI.HiddenFilter"/></Annotations>
			<Annotations Target="cds_ui_pps_milestone_template.MilestoneTemplateType/PersonResponsible"><Annotation Term="UI.HiddenFilter"/></Annotations>
			<Annotations Target="cds_ui_pps_milestone_template.MilestoneTemplateType/Lastchangedby"><Annotation Term="UI.HiddenFilter"/></Annotations>
			<Annotations Target="cds_ui_pps_milestone_template.MilestoneTemplateType/Lastchangeddate"><Annotation Term="UI.HiddenFilter"/></Annotations>
			<Annotations Target="cds_ui_pps_milestone_template.MilestoneTemplateType/HasDraftEntity"><Annotation Term="UI.HiddenFilter"/><Annotation Term="UI.Hidden"/></Annotations>
			<Annotations Target="cds_ui_pps_milestone_template.MilestoneTemplateType/DraftEntityCreationDateTime"><Annotation Term="UI.HiddenFilter"/><Annotation Term="UI.Hidden"/></Annotations>
			<Annotations Target="cds_ui_pps_milestone_template.MilestoneTemplateType/DraftEntityLastChangeDateTime"><Annotation Term="UI.HiddenFilter"/><Annotation Term="UI.Hidden"/></Annotations>
			<Annotations Target="cds_ui_pps_milestone_template.MilestoneTemplateType/HasActiveEntity"><Annotation Term="UI.HiddenFilter"/><Annotation Term="UI.Hidden"/></Annotations>
			<Annotations Target="cds_ui_pps_milestone_template.MilestoneTemplateType/IsActiveEntity"><Annotation Term="UI.HiddenFilter"/><Annotation Term="UI.Hidden"/></Annotations>
			<Annotations Target="cds_ui_pps_milestone_template.MilestoneTemplateType/MilestoneTemplateUUID"><Annotation Term="UI.Hidden"/></Annotations>
			<Annotations Target="cds_ui_pps_milestone_template.MilestoneTemplateType/MilestoneTemplate"><Annotation Term="UI.Hidden"/></Annotations>
			<Annotations Target="cds_ui_pps_milestone_template.MilestoneTemplateType/copy_ac"><Annotation Term="UI.Hidden"/></Annotations>
			<Annotations Target="cds_ui_pps_milestone_template.MilestoneTemplateType/delete_h_ac"><Annotation Term="UI.Hidden"/></Annotations>
			<Annotations Target="cds_ui_pps_milestone_template.MilestoneTemplateType/Edit_ac"><Annotation Term="UI.Hidden"/></Annotations>
			<Annotations Target="cds_ui_pps_milestone_template.MilestoneTemplateType/Update_mc"><Annotation Term="UI.Hidden"/></Annotations>
			<Annotations Target="cds_ui_pps_milestone_template.MilestoneTemplateType/to_MilestonePlanTemplateDet_oc"><Annotation Term="UI.Hidden"/></Annotations>
			<Annotations Target="cds_ui_pps_milestone_template.MilestoneTemplateType">
				<Annotation Term="UI.HeaderFacets">
					<Collection>
						<Record Type="UI.ReferenceFacet"><PropertyValue Property="ID" String="HeaderOverview1"/><PropertyValue Property="Target" AnnotationPath="@UI.FieldGroup#HeaderOverview1"/></Record>
						<Record Type="UI.ReferenceFacet"><PropertyValue Property="ID" String="HeaderOverview2"/><PropertyValue Property="Target" AnnotationPath="@UI.FieldGroup#HeaderOverview2"/></Record>
						<Record Type="UI.ReferenceFacet"><PropertyValue Property="ID" String="HeaderOverview3"/><PropertyValue Property="Target" AnnotationPath="@UI.FieldGroup#HeaderOverview3"/></Record>
					</Collection>
				</Annotation>
				<Annotation Term="UI.Facets">
					<Collection>
						<Record Type="UI.CollectionFacet"><PropertyValue Property="Label" String="General Information"/><PropertyValue Property="ID" String="MilestonePlanTemplate"/>
							<PropertyValue Property="Facets">
								<Collection>
									<Record Type="UI.ReferenceFacet"><PropertyValue Property="ID" String="GeneralInfoTabGroup1"/><PropertyValue Property="Target" AnnotationPath="@UI.FieldGroup#GeneralInfoGroup1"/></Record>
									<Record Type="UI.ReferenceFacet"><PropertyValue Property="ID" String="GeneralInfoTabGroup2"/><PropertyValue Property="Target" AnnotationPath="@UI.FieldGroup#GeneralInfoGroup2"/></Record>
									<Record Type="UI.ReferenceFacet"><PropertyValue Property="ID" String="GeneralInfoTabGroup3"/><PropertyValue Property="Target" AnnotationPath="@UI.FieldGroup#GeneralInfoGroup3"/></Record>
								</Collection>
							</PropertyValue>
						</Record>
						<Record Type="UI.ReferenceFacet"><PropertyValue Property="Label" String="Milestone Event Data"/><PropertyValue Property="ID" String="MilestonePlanTemplateDet"/><PropertyValue Property="Target" AnnotationPath="to_MilestonePlanTemplateDet/@UI.LineItem"/></Record>
					</Collection>
				</Annotation>
				<Annotation Term="UI.FieldGroup" Qualifier="GeneralInfoGroup1">
					<Record>
						<PropertyValue Property="Data">
							<Collection>
								<Record Type="UI.DataField"><PropertyValue Property="Label" String="Template Type"/><PropertyValue Property="Value" Path="MilestoneTemplateType"/></Record>
								<Record Type="UI.DataField"><PropertyValue Property="Label" String="Name"/><PropertyValue Property="Value" Path="MilestoneTemplateDesc"/></Record>
								<Record Type="UI.DataField"><PropertyValue Property="Label" String="Responsible Person"/><PropertyValue Property="Value" Path="PersonResponsible"/></Record>
							</Collection>
						</PropertyValue>
					</Record>
				</Annotation>
				<Annotation Term="UI.FieldGroup" Qualifier="GeneralInfoGroup2">
					<Record>
						<PropertyValue Property="Data">
							<Collection>
								<Record Type="UI.DataField"><PropertyValue Property="Label" String="Last Changed By"/><PropertyValue Property="Value" Path="Lastchangedby"/></Record>
								<Record Type="UI.DataField"><PropertyValue Property="Label" String="Last Changed At"/><PropertyValue Property="Value" Path="Lastchangeddate"/></Record>
							</Collection>
						</PropertyValue>
					</Record>
				</Annotation>
				<Annotation Term="UI.FieldGroup" Qualifier="HeaderOverview1">
					<Record>
						<PropertyValue Property="Data">
							<Collection>
								<Record Type="UI.DataField"><PropertyValue Property="Label" String="Template Type"/><PropertyValue Property="Value" Path="MilestoneTemplateType"/></Record>
								<Record Type="UI.DataField"><PropertyValue Property="Label" String="Date Created"/><PropertyValue Property="Value" Path="Creationdate"/></Record>
							</Collection>
						</PropertyValue>
					</Record>
				</Annotation>
				<Annotation Term="UI.FieldGroup" Qualifier="HeaderOverview2">
					<Record>
						<PropertyValue Property="Data">
							<Collection>
								<Record Type="UI.DataField"><PropertyValue Property="Label" String="Created By"/><PropertyValue Property="Value" Path="CreatedByDescription"/></Record>
							</Collection>
						</PropertyValue>
					</Record>
				</Annotation>
				<Annotation Term="UI.FieldGroup" Qualifier="HeaderOverview3">
					<Record>
						<PropertyValue Property="Data">
							<Collection>
								<Record Type="UI.DataField"><PropertyValue Property="Label" String="Milestone Template Status"/><PropertyValue Property="Value" Path="MilestoneTemplateStatus"/></Record>
							</Collection>
						</PropertyValue>
					</Record>
				</Annotation>
				<Annotation Term="UI.HeaderInfo">
					<Record><PropertyValue Property="TypeName" String="Milestone Template"/><PropertyValue Property="TypeNamePlural" String="Milestone Templates"/>
						<PropertyValue Property="Title">
							<Record Type="UI.DataField"><PropertyValue Property="Label" String="Milestone Template"/><PropertyValue Property="Value" Path="MilestoneTemplate"/></Record>
						</PropertyValue>
						<PropertyValue Property="Description">
							<Record Type="UI.DataField"><PropertyValue Property="Value" Path="MilestoneTemplateDesc"/></Record>
						</PropertyValue>
					</Record>
				</Annotation>
				<Annotation Term="UI.Identification">
					<Collection>
						<Record Type="UI.DataFieldForAction"><PropertyValue Property="Label" String="Copy"/><PropertyValue Property="Action" String="cds_ui_pps_milestone_template.cds_ui_pps_milestone_template_Entities/copy"/><PropertyValue Property="InvocationGrouping" EnumMember="UI.OperationGroupingType/Isolated"/></Record>
						<Record Type="UI.DataFieldForAction"><PropertyValue Property="Label" String="Delete"/><PropertyValue Property="Action" String="cds_ui_pps_milestone_template.cds_ui_pps_milestone_template_Entities/delete_h"/><PropertyValue Property="InvocationGrouping" EnumMember="UI.OperationGroupingType/Isolated"/></Record>
					</Collection>
				</Annotation>
				<Annotation Term="UI.LineItem">
					<Collection>
						<Record Type="UI.DataField"><PropertyValue Property="Value" Path="MilestoneTemplate"/><Annotation Term="UI.Importance" EnumMember="UI.ImportanceType/High"/>
							<Annotation Term="HTML5.CssDefaults">
								<Record><PropertyValue Property="width" String="17rem"/></Record>
							</Annotation>
						</Record>
						<Record Type="UI.DataField"><PropertyValue Property="Value" Path="MilestoneTemplateDesc"/><Annotation Term="UI.Importance" EnumMember="UI.ImportanceType/High"/>
							<Annotation Term="HTML5.CssDefaults">
								<Record><PropertyValue Property="width" String="17rem"/></Record>
							</Annotation>
						</Record>
						<Record Type="UI.DataField"><PropertyValue Property="Value" Path="MilestoneTemplateType"/><Annotation Term="UI.Importance" EnumMember="UI.ImportanceType/High"/>
							<Annotation Term="HTML5.CssDefaults">
								<Record><PropertyValue Property="width" String="17rem"/></Record>
							</Annotation>
						</Record>
						<Record Type="UI.DataField"><PropertyValue Property="Value" Path="MilestoneTemplateUUID"/><Annotation Term="UI.Importance" EnumMember="UI.ImportanceType/High"/></Record>
						<Record Type="UI.DataField"><PropertyValue Property="Label" String="Created On"/><PropertyValue Property="Value" Path="Creationdate"/><Annotation Term="UI.Importance" EnumMember="UI.ImportanceType/High"/>
							<Annotation Term="HTML5.CssDefaults">
								<Record><PropertyValue Property="width" String="17rem"/></Record>
							</Annotation>
						</Record>
						<Record Type="UI.DataField"><PropertyValue Property="Value" Path="CreatedByDescription"/><Annotation Term="UI.Importance" EnumMember="UI.ImportanceType/High"/>
							<Annotation Term="HTML5.CssDefaults">
								<Record><PropertyValue Property="width" String="17rem"/></Record>
							</Annotation>
						</Record>
						<Record Type="UI.DataField"><PropertyValue Property="Value" Path="MilestoneTemplateUUID"/><Annotation Term="UI.Importance" EnumMember="UI.ImportanceType/High"/></Record>
						<Record Type="UI.DataField"><PropertyValue Property="Criticality" Path="criticality"/><PropertyValue Property="CriticalityRepresentation" EnumMember="UI.CriticalityRepresentationType/WithoutIcon"/><PropertyValue Property="Value" Path="MilestoneTemplateStatus"/><Annotation Term="UI.Importance" EnumMember="UI.ImportanceType/High"/>
							<Annotation Term="HTML5.CssDefaults">
								<Record><PropertyValue Property="width" String="17rem"/></Record>
							</Annotation>
						</Record>
						<Record Type="UI.DataFieldForAction"><PropertyValue Property="Label" String="Delete"/><PropertyValue Property="Action" String="cds_ui_pps_milestone_template.cds_ui_pps_milestone_template_Entities/delete_h"/><PropertyValue Property="InvocationGrouping" EnumMember="UI.OperationGroupingType/Isolated"/></Record>
						<Record Type="UI.DataFieldForAction"><PropertyValue Property="Label" String="Copy"/><PropertyValue Property="Action" String="cds_ui_pps_milestone_template.cds_ui_pps_milestone_template_Entities/copy"/><PropertyValue Property="InvocationGrouping" EnumMember="UI.OperationGroupingType/Isolated"/></Record>
					</Collection>
				</Annotation>
				<Annotation Term="UI.PresentationVariant">
					<Record>
						<PropertyValue Property="SortOrder">
							<Collection>
								<Record Type="Common.SortOrderType"><PropertyValue Property="Property" PropertyPath="MilestoneTemplate"/><PropertyValue Property="Descending" Bool="true"/></Record>
							</Collection>
						</PropertyValue>
						<PropertyValue Property="Visualizations">
							<Collection>
								<AnnotationPath>@UI.LineItem</AnnotationPath>
							</Collection>
						</PropertyValue>
					</Record>
				</Annotation>
				<Annotation Term="UI.SelectionFields">
					<Collection>
						<PropertyPath>MilestoneTemplateType</PropertyPath>
						<PropertyPath>Creationdate</PropertyPath>
						<PropertyPath>CreatedByDescription</PropertyPath>
						<PropertyPath>PersonResponsible</PropertyPath>
						<PropertyPath>MilestoneTemplateDesc</PropertyPath>
						<PropertyPath>MilestoneTemplateStatus</PropertyPath>
					</Collection>
				</Annotation>
			</Annotations>
			<Annotations Target="cds_ui_pps_milestone_template.MilestoneTemplateDetailsType/HasDraftEntity"><Annotation Term="UI.HiddenFilter"/><Annotation Term="UI.Hidden"/></Annotations>
			<Annotations Target="cds_ui_pps_milestone_template.MilestoneTemplateDetailsType/DraftEntityCreationDateTime"><Annotation Term="UI.HiddenFilter"/><Annotation Term="UI.Hidden"/></Annotations>
			<Annotations Target="cds_ui_pps_milestone_template.MilestoneTemplateDetailsType/DraftEntityLastChangeDateTime"><Annotation Term="UI.HiddenFilter"/><Annotation Term="UI.Hidden"/></Annotations>
			<Annotations Target="cds_ui_pps_milestone_template.MilestoneTemplateDetailsType/HasActiveEntity"><Annotation Term="UI.HiddenFilter"/><Annotation Term="UI.Hidden"/></Annotations>
			<Annotations Target="cds_ui_pps_milestone_template.MilestoneTemplateDetailsType/IsActiveEntity"><Annotation Term="UI.HiddenFilter"/><Annotation Term="UI.Hidden"/></Annotations>
			<Annotations Target="cds_ui_pps_milestone_template.MilestoneTemplateDetailsType/MilestonePlanDetUUID"><Annotation Term="UI.Hidden"/></Annotations>
			<Annotations Target="cds_ui_pps_milestone_template.MilestoneTemplateDetailsType/MilestoneTemplateUUID"><Annotation Term="UI.Hidden"/></Annotations>
			<Annotations Target="cds_ui_pps_milestone_template.MilestoneTemplateDetailsType/MilestonePlanEventID"><Annotation Term="UI.Hidden"/></Annotations>
			<Annotations Target="cds_ui_pps_milestone_template.MilestoneTemplateDetailsType/MilestonePlanEventAlertSchema"><Annotation Term="UI.Hidden"/></Annotations>
			<Annotations Target="cds_ui_pps_milestone_template.MilestoneTemplateDetailsType/Copy_mls_event_ac"><Annotation Term="UI.Hidden"/></Annotations>
			<Annotations Target="cds_ui_pps_milestone_template.MilestoneTemplateDetailsType/Update_mc"><Annotation Term="UI.Hidden"/></Annotations>
			<Annotations Target="cds_ui_pps_milestone_template.MilestoneTemplateDetailsType">
				<Annotation Term="UI.Facets">
					<Collection>
						<Record Type="UI.ReferenceFacet"><PropertyValue Property="Label" String="Milestones"/><PropertyValue Property="ID" String="MilestonePlanTemplateDet"/><PropertyValue Property="Target" AnnotationPath="@UI.Identification"/></Record>
					</Collection>
				</Annotation>
				<Annotation Term="UI.HeaderInfo">
					<Record><PropertyValue Property="TypeName" String="Milestone Plan template"/><PropertyValue Property="TypeNamePlural" String="Milestones"/>
						<PropertyValue Property="Title">
							<Record Type="UI.DataField"><PropertyValue Property="Value" Path="MilestonePlanID"/></Record>
						</PropertyValue>
					</Record>
				</Annotation>
				<Annotation Term="UI.Identification">
					<Collection>
						<Record Type="UI.DataField"><PropertyValue Property="Value" Path="MilestoneTemplateUUID"/></Record>
						<Record Type="UI.DataField"><PropertyValue Property="Value" Path="MilestonePlanEventNumber"/></Record>
						<Record Type="UI.DataField"><PropertyValue Property="Value" Path="MilestonePlanID"/></Record>
						<Record Type="UI.DataField"><PropertyValue Property="Value" Path="EventDescription"/></Record>
						<Record Type="UI.DataField"><PropertyValue Property="Value" Path="EventGroup"/></Record>
						<Record Type="UI.DataField"><PropertyValue Property="Value" Path="EventID"/></Record>
						<Record Type="UI.DataField"><PropertyValue Property="Value" Path="MilestonePlanEventDuration"/></Record>
						<Record Type="UI.DataField"><PropertyValue Property="Value" Path="Tolerance"/></Record>
						<Record Type="UI.DataField"><PropertyValue Property="Value" Path="IsEventMandatory"/></Record>
						<Record Type="UI.DataField"><PropertyValue Property="Value" Path="Createdby"/></Record>
						<Record Type="UI.DataField"><PropertyValue Property="Value" Path="Createdat"/></Record>
						<Record Type="UI.DataField"><PropertyValue Property="Value" Path="Lastchangedby"/></Record>
						<Record Type="UI.DataField"><PropertyValue Property="Value" Path="Lastchangedat"/></Record>
						<Record Type="UI.DataFieldForAction"><PropertyValue Property="Label" String="Copy"/>
							<PropertyValue Property="Action" String="">
								<Annotation Term="Core.Messages">
									<Collection>
										<Record><PropertyValue Property="message" String="ERROR: Mandatory Value for Action not found"/><PropertyValue Property="severity" String="error"/></Record>
									</Collection>
								</Annotation>
							</PropertyValue><PropertyValue Property="InvocationGrouping" EnumMember="UI.OperationGroupingType/Isolated"/></Record>
					</Collection>
				</Annotation>
				<Annotation Term="UI.LineItem">
					<Collection>
						<Record Type="UI.DataField"><PropertyValue Property="Value" Path="MilestonePlanDetUUID"/><Annotation Term="UI.Importance" EnumMember="UI.ImportanceType/High"/></Record>
						<Record Type="UI.DataField"><PropertyValue Property="Value" Path="MilestoneTemplateUUID"/><Annotation Term="UI.Importance" EnumMember="UI.ImportanceType/High"/></Record>
						<Record Type="UI.DataField"><PropertyValue Property="Value" Path="MilestonePlanEventNumber"/><Annotation Term="UI.Importance" EnumMember="UI.ImportanceType/High"/></Record>
						<Record Type="UI.DataField"><PropertyValue Property="Value" Path="MilestonePlanID"/><Annotation Term="UI.Importance" EnumMember="UI.ImportanceType/High"/></Record>
						<Record Type="UI.DataField"><PropertyValue Property="Value" Path="EventDescription"/><Annotation Term="UI.Importance" EnumMember="UI.ImportanceType/High"/></Record>
						<Record Type="UI.DataField"><PropertyValue Property="Value" Path="EventGroup"/><Annotation Term="UI.Importance" EnumMember="UI.ImportanceType/High"/></Record>
						<Record Type="UI.DataField"><PropertyValue Property="Value" Path="EventID"/><Annotation Term="UI.Importance" EnumMember="UI.ImportanceType/High"/></Record>
						<Record Type="UI.DataField"><PropertyValue Property="Value" Path="MilestonePlanEventDuration"/><Annotation Term="UI.Importance" EnumMember="UI.ImportanceType/High"/></Record>
						<Record Type="UI.DataField"><PropertyValue Property="Value" Path="Tolerance"/><Annotation Term="UI.Importance" EnumMember="UI.ImportanceType/High"/></Record>
						<Record Type="UI.DataField"><PropertyValue Property="Value" Path="IsEventMandatory"/><Annotation Term="UI.Importance" EnumMember="UI.ImportanceType/High"/></Record>
						<Record Type="UI.DataFieldForAction"><PropertyValue Property="Label" String="Copy"/><PropertyValue Property="Action" String="cds_ui_pps_milestone_template.cds_ui_pps_milestone_template_Entities/Copy_mls_event"/><PropertyValue Property="InvocationGrouping" EnumMember="UI.OperationGroupingType/ChangeSet"/></Record>
					</Collection>
				</Annotation>
			</Annotations>
			<Annotations Target="cds_ui_pps_milestone_template.I_DraftAdministrativeDataType/DraftUUID"><Annotation Term="UI.Hidden"/></Annotations>
			<Annotations Target="cds_ui_pps_milestone_template.I_DraftAdministrativeDataType/DraftEntityType"><Annotation Term="UI.Hidden"/></Annotations>
			<Annotations Target="cds_ui_pps_milestone_template.I_DraftAdministrativeDataType/DraftAccessType"><Annotation Term="UI.Hidden"/></Annotations>
			<Annotations Target="cds_ui_pps_milestone_template.I_DraftAdministrativeDataType/ProcessingStartDateTime"><Annotation Term="UI.Hidden"/></Annotations>
			<Annotations Target="cds_ui_pps_milestone_template.I_DraftAdministrativeDataType/DraftIsKeptByUser"><Annotation Term="UI.Hidden"/></Annotations>
			<Annotations Target="cds_ui_pps_milestone_template.I_DraftAdministrativeDataType/EnqueueStartDateTime"><Annotation Term="UI.Hidden"/></Annotations>
			<Annotations Target="cds_ui_pps_milestone_template.I_DraftAdministrativeDataType/DraftIsCreatedByMe"><Annotation Term="UI.Hidden"/></Annotations>
			<Annotations Target="cds_ui_pps_milestone_template.I_DraftAdministrativeDataType/DraftIsLastChangedByMe"><Annotation Term="UI.Hidden"/></Annotations>
			<Annotations Target="cds_ui_pps_milestone_template.I_DraftAdministrativeDataType/DraftIsProcessedByMe"><Annotation Term="UI.Hidden"/></Annotations>
			<Annotations Target="cds_ui_pps_milestone_template.I_DraftAdministrativeDataType/CreatedByUserDescription"><Annotation Term="UI.Hidden"/></Annotations>
			<Annotations Target="cds_ui_pps_milestone_template.I_DraftAdministrativeDataType/LastChangedByUserDescription"><Annotation Term="UI.Hidden"/></Annotations>
			<Annotations Target="cds_ui_pps_milestone_template.I_DraftAdministrativeDataType/InProcessByUserDescription"><Annotation Term="UI.Hidden"/></Annotations>
		</Schema>
	</edmx:DataServices>
</edmx:Edmx>