{
    "resources": [
        {
            "name": "view/fragments/EditLongTextPopOver.fragment.xml"
        },
        {
            "name": "i18n/i18n_es.properties",
            "raw": "i18n/i18n.properties",
            "locale": "_es"
        },
        {
            "name": "model/models.js"
        },
        {
            "name": "model/app.json"
        },
        {
            "name": "manifest.json"
        },
        {
            "name": "model/application.json"
        },
        {
            "name": "model/OnlineDataProvider.js"
        },
        {
            "name": "model/DataProvider.js"
        },
        {
            "name": "js/formatter.js"
        },
        {
            "name": "js/Utilities.js"
        },
        {
            "name": "js/Constants.js"
        },
        {
            "name": "controller/ErrorHandler.js"
        },
        {
            "name": "controller/CrewTime.controller.js"
        },
        {
            "name": "controller/CrewList.controller.js"
        },
        {
            "name": "controller/CrewEmpList.controller.js"
        },
        {
            "name": "controller/BaseController.js"
        },
        {
            "name": "controller/App.controller.js"
        },
        {
            "name": "serviceBinding.js"
        },
        {
            "name": "Component.js"
        },
        {
            "name": "manifest-bundle.zip"
        },
        {
            "name": "Component-preload.js",
            "merged": true
        },
        {
            "name": "model/models-dbg.js",
            "isDebug": true
        },
        {
            "name": "model/OnlineDataProvider-dbg.js",
            "isDebug": true
        },
        {
            "name": "model/DataProvider-dbg.js",
            "isDebug": true
        },
        {
            "name": "js/formatter-dbg.js",
            "isDebug": true
        },
        {
            "name": "js/Utilities-dbg.js",
            "isDebug": true
        },
        {
            "name": "js/Constants-dbg.js",
            "isDebug": true
        },
        {
            "name": "controller/ErrorHandler-dbg.js",
            "isDebug": true
        },
        {
            "name": "controller/CrewTime-dbg.controller.js",
            "isDebug": true
        },
        {
            "name": "controller/CrewList-dbg.controller.js",
            "isDebug": true
        },
        {
            "name": "controller/CrewEmpList-dbg.controller.js",
            "isDebug": true
        },
        {
            "name": "controller/BaseController-dbg.js",
            "isDebug": true
        },
        {
            "name": "controller/App-dbg.controller.js",
            "isDebug": true
        },
        {
            "name": "serviceBinding-dbg.js",
            "isDebug": true
        },
        {
            "name": "Component-dbg.js",
            "isDebug": true
        },
        {
            "name": "../../sap-ui-version.json"
        },
        {
            "name": "neo-app.json"
        },
        {
            "name": "di.code-validation.core_issues.json"
        },
        {
            "name": "view/fragments/TimeType.fragment.xml"
        },
        {
            "name": "view/fragments/ProjCode.fragment.xml"
        },
        {
            "name": "i18n/i18n.properties",
            "raw": "i18n/i18n.properties"
        },
        {
            "name": "view/fragments/DisplayLongTextPopOver.fragment.xml"
        },
        {
            "name": "view/fragments/CrewId.fragment.xml"
        },
        {
            "name": "view/fragments/CostCodeDescription.fragment.xml"
        },
        {
            "name": "view/fragments/ClassDescriptionPopOver.fragment.xml"
        },
        {
            "name": "view/fragments/Class.fragment.xml"
        },
        {
            "name": "view/fragments/AddUnassignedCostCode.fragment.xml"
        },
        {
            "name": "view/fragments/AddCostCodeHour.fragment.xml"
        },
        {
            "name": "view/fragments/AddCostCode.fragment.xml"
        },
        {
            "name": "view/fragments/Activity.fragment.xml"
        },
        {
            "name": "view/fragments/ActionSheet.fragment.xml"
        },
        {
            "name": "localService/ZE7011_TIME_ENTRY_NEW_SRV/metadata.xml"
        },
        {
            "name": "view/CrewTime.view.xml"
        },
        {
            "name": "view/CrewList.view.xml"
        },
        {
            "name": "view/CrewEmpList.view.xml"
        },
        {
            "name": "view/App.view.xml"
        },
        {
            "name": "localService/metadata.xml"
        },
        {
            "name": "css/style.css"
        },
        {
            "name": "index.html"
        }
    ]
}