{
  "test/testsuite.qunit.js": 1665653660000,
  "i18n/i18n_es.properties": 1665653660000,
  "model/models.js": 1665653660000,
  "model/app.json": 1665653660000,
  "manifest.json": 1665664607200,
  "test/unit/controller/View1.controller.js": 1665653660000,
  "test/integration/pages/View1.js": 1665653660000,
  "test/integration/arrangements/Startup.js": 1665653660000,
  "test/unit/unitTests.qunit.js": 1665653660000,
  "test/unit/AllTests.js": 1665653660000,
  "test/integration/opaTests.qunit.js": 1665653660000,
  "test/integration/NavigationJourney.js": 1665653660000,
  "test/integration/AllJourneys.js": 1665653660000,
  "i18n/i18n.properties": 1665653660000,
  "model/application.json": 1665653660000,
  "model/OnlineDataProvider.js": 1665653660000,
  "model/DataProvider.js": 1665653660000,
  "js/formatter.js": 1665653660000,
  "js/Utilities.js": 1665653660000,
  "js/Constants.js": 1665653660000,
  "controller/ErrorHandler.js": 1665653660000,
  "controller/CrewTime.controller.js": 1665653660000,
  "controller/CrewList.controller.js": 1665653660000,
  "controller/CrewEmpList.controller.js": 1665653660000,
  "controller/BaseController.js": 1665653660000,
  "controller/App.controller.js": 1665653660000,
  "serviceBinding.js": 1665653660000,
  "Component.js": 1665653660000,
  "manifest-bundle.zip": 1665664607247,
  "Component-preload.js": 1665664609195,
  "model/models-dbg.js": 1665653660000,
  "test/integration/pages/View1-dbg.js": 1665653660000,
  "test/integration/arrangements/Startup-dbg.js": 1665653660000,
  "test/unit/unitTests.qunit-dbg.js": 1665653660000,
  "test/unit/AllTests-dbg.js": 1665653660000,
  "test/integration/opaTests.qunit-dbg.js": 1665653660000,
  "test/integration/NavigationJourney-dbg.js": 1665653660000,
  "test/integration/AllJourneys-dbg.js": 1665653660000,
  "test/testsuite.qunit-dbg.js": 1665653660000,
  "test/unit/controller/View1-dbg.controller.js": 1665653660000,
  "model/OnlineDataProvider-dbg.js": 1665653660000,
  "model/DataProvider-dbg.js": 1665653660000,
  "js/formatter-dbg.js": 1665653660000,
  "js/Utilities-dbg.js": 1665653660000,
  "js/Constants-dbg.js": 1665653660000,
  "controller/ErrorHandler-dbg.js": 1665653660000,
  "controller/CrewTime-dbg.controller.js": 1665653660000,
  "controller/CrewList-dbg.controller.js": 1665653660000,
  "controller/CrewEmpList-dbg.controller.js": 1665653660000,
  "controller/BaseController-dbg.js": 1665653660000,
  "controller/App-dbg.controller.js": 1665653660000,
  "serviceBinding-dbg.js": 1665653660000,
  "Component-dbg.js": 1665653660000,
  "neo-app.json": 1665664610247,
  "di.code-validation.core_issues.json": 1665664615019,
  "resources.json": 1665664615054,
  "view/fragments/TimeType.fragment.xml": 1665653660000,
  "view/fragments/ProjCode.fragment.xml": 1665653660000,
  "view/fragments/EditLongTextPopOver.fragment.xml": 1665653660000,
  "view/fragments/DisplayLongTextPopOver.fragment.xml": 1665653660000,
  "view/fragments/CrewId.fragment.xml": 1665653660000,
  "view/fragments/CostCodeDescription.fragment.xml": 1665653660000,
  "view/fragments/ClassDescriptionPopOver.fragment.xml": 1665653660000,
  "view/fragments/Class.fragment.xml": 1665653660000,
  "view/fragments/AddUnassignedCostCode.fragment.xml": 1665653660000,
  "view/fragments/AddCostCodeHour.fragment.xml": 1665653660000,
  "view/fragments/AddCostCode.fragment.xml": 1665653660000,
  "view/fragments/Activity.fragment.xml": 1665653660000,
  "view/fragments/ActionSheet.fragment.xml": 1665653660000,
  "test/unit/unitTests.qunit.html": 1665653660000,
  "test/integration/opaTests.qunit.html": 1665653660000,
  "localService/ZE7011_TIME_ENTRY_NEW_SRV/metadata.xml": 1665653660000,
  "view/CrewTime.view.xml": 1665653660000,
  "view/CrewList.view.xml": 1665653660000,
  "view/CrewEmpList.view.xml": 1665653660000,
  "view/App.view.xml": 1665653660000,
  "test/testsuite.qunit.html": 1665653660000,
  "localService/metadata.xml": 1665653660000,
  "css/style.css": 1665653660000,
  "index.html": 1665653660000
}