{
  "welcomeFile": "/webapp/index.html",
  "routes": [
    {
      "path": "/resources",
      "target": {
        "type": "service",
        "name": "sapui5",
        "entryPath": "/resources",
        "version": "1.84.15"
      },
      "description": "SAPUI5 Resources"
    },
     {
      "path": "/webapp/resources",
      "target": {
        "type": "service",
        "name": "sapui5",
        "entryPath": "/resources",
        "version": "1.84.15"
      },
      "description": "SAPUI5 Resources"
    },
    {
      "path": "/webapp/test-resources",
      "target": {
        "type": "service",
        "name": "sapui5",
        "entryPath": "/test-resources",
        "version": "1.84.15"
      },
      "description": "SAPUI5 Test Resources"
    },
    {
      "path": "/test-resources",
      "target": {
        "type": "service",
        "name": "sapui5",
        "entryPath": "/test-resources",
        "version": "1.84.15"
      },
      "description": "SAPUI5 Resources"
    },
    {
      "path": "/sap/opu/odata",
      "target": {
        "type": "destination",
        "name": "FID_Client_700",
        "entryPath": "/sap/opu/odata"
      },
      "description": "FID_Client_700"
    },
    {
      "path": "/sap/bc/ui5_ui5",
      "target": {
        "type": "destination",
        "name": "FID_Client_700",
        "entryPath": "/sap/bc/ui5_ui5"
      },
      "description": "FID_Client_700"
    }
  ],
  "sendWelcomeFileRedirect": true
}