<edmx:Edmx xmlns:edmx="http://schemas.microsoft.com/ado/2007/06/edmx"
	xmlns:m="http://schemas.microsoft.com/ado/2007/08/dataservices/metadata" xmlns:sap="http://www.sap.com/Protocols/SAPData" Version="1.0">
	<edmx:DataServices m:DataServiceVersion="2.0">
		<Schema xmlns="http://schemas.microsoft.com/ado/2008/09/edm" Namespace="SIE_ASP_WM_CHANGE_STOCK_INFO_SRV" xml:lang="en"
			sap:schema-version="1">
			<EntityType Name="ChkserialMaterial" sap:content-version="1">
				<Key><PropertyRef Name="Material"/><PropertyRef Name="Plant"/></Key><Property Name="Material" Type="Edm.String" Nullable="false" MaxLength="18" sap:unicode="false" sap:creatable="false" sap:updatable="false"
					sap:sortable="false" sap:filterable="false"/><Property Name="Plant" Type="Edm.String" Nullable="false" MaxLength="4" sap:unicode="false" sap:creatable="false" sap:updatable="false"
					sap:sortable="false" sap:filterable="false"/><Property Name="Indicator" Type="Edm.String" Nullable="false" MaxLength="1" sap:unicode="false" sap:creatable="false" sap:updatable="false"
					sap:sortable="false" sap:filterable="false"/></EntityType>
			<EntityType Name="ItemDetail" sap:content-version="1">
				<Key><PropertyRef Name="WarehouseNo"/><PropertyRef Name="StorageBin"/><PropertyRef Name="Material"/><PropertyRef Name="Plant"/><PropertyRef Name="Sloc"/><PropertyRef Name="Batchno"/><PropertyRef Name="SpecialStockNo"/></Key><Property Name="WarehouseNo" Type="Edm.String" Nullable="false" MaxLength="3" sap:unicode="false" sap:label="Warehouse No."
					sap:creatable="false" sap:updatable="false" sap:sortable="false" sap:filterable="false"/><Property Name="StorageBin" Type="Edm.String" Nullable="false" MaxLength="10" sap:unicode="false" sap:label="Storage Bin"
					sap:creatable="false" sap:updatable="false" sap:sortable="false" sap:filterable="false"/><Property Name="Material" Type="Edm.String" Nullable="false" MaxLength="18" sap:unicode="false" sap:label="Mat. No." sap:creatable="false"
					sap:updatable="false" sap:sortable="false" sap:filterable="false"/><Property Name="MatDes" Type="Edm.String" Nullable="false" MaxLength="40" sap:unicode="false" sap:label="Mat. desc" sap:creatable="false"
					sap:updatable="false" sap:sortable="false" sap:filterable="false"/><Property Name="Plant" Type="Edm.String" Nullable="false" MaxLength="4" sap:unicode="false" sap:label="Plant" sap:creatable="false"
					sap:updatable="false" sap:sortable="false" sap:filterable="false"/><Property Name="Sloc" Type="Edm.String" Nullable="false" MaxLength="4" sap:unicode="false" sap:label="Stor. Location" sap:creatable="false"
					sap:updatable="false" sap:sortable="false" sap:filterable="false"/><Property Name="Stockcat" Type="Edm.String" Nullable="false" MaxLength="1" sap:unicode="false" sap:label="Stock Category"
					sap:creatable="false" sap:updatable="false" sap:sortable="false" sap:filterable="false"/><Property Name="Batchno" Type="Edm.String" Nullable="false" MaxLength="10" sap:unicode="false" sap:label="Batch" sap:creatable="false"
					sap:updatable="false" sap:sortable="false" sap:filterable="false"/><Property Name="StockQty" Type="Edm.Decimal" Nullable="false" Precision="13" Scale="3" sap:unicode="false" sap:label="Stock Quanity"
					sap:creatable="false" sap:updatable="false" sap:sortable="false" sap:filterable="false"/><Property Name="StockqtyUOM" Type="Edm.String" Nullable="false" MaxLength="3" sap:unicode="false" sap:label="Base Unit"
					sap:creatable="false" sap:updatable="false" sap:sortable="false" sap:filterable="false" sap:semantics="unit-of-measure"/><Property Name="Stockqtychg" Type="Edm.Decimal" Nullable="false" Precision="13" Scale="3" sap:unicode="false"
					sap:label="Change Stock Quanity" sap:creatable="false" sap:updatable="false" sap:sortable="false" sap:filterable="false"/><Property Name="StockchgUOM" Type="Edm.String" Nullable="false" MaxLength="3" sap:unicode="false" sap:label="Change Qty UOM"
					sap:creatable="false" sap:updatable="false" sap:sortable="false" sap:filterable="false" sap:semantics="unit-of-measure"/><Property Name="SpecialStock" Type="Edm.Decimal" Nullable="false" Precision="13" Scale="3" sap:unicode="false" sap:label="Special Stock Qty"
					sap:creatable="false" sap:updatable="false" sap:sortable="false" sap:filterable="false"/><Property Name="SpecialStockUoM" Type="Edm.String" Nullable="false" MaxLength="3" sap:unicode="false" sap:label="Special Stock UOM"
					sap:creatable="false" sap:updatable="false" sap:sortable="false" sap:filterable="false" sap:semantics="unit-of-measure"/><Property Name="SpecialStockNo" Type="Edm.String" Nullable="false" MaxLength="30" sap:unicode="false" sap:label="Spec.Stock No."
					sap:creatable="false" sap:updatable="false" sap:sortable="false" sap:filterable="false"/><Property Name="Serialno" Type="Edm.String" Nullable="false" MaxLength="18" sap:unicode="false" sap:label="Serial Number"
					sap:creatable="false" sap:updatable="false" sap:sortable="false" sap:filterable="false"/><Property Name="Action" Type="Edm.String" Nullable="false" MaxLength="1" sap:unicode="false" sap:label="Indicator for action"
					sap:creatable="false" sap:updatable="false" sap:sortable="false" sap:filterable="false"/><Property Name="Msgtype" Type="Edm.String" Nullable="false" MaxLength="1" sap:unicode="false" sap:label="Message type" sap:creatable="false"
					sap:updatable="false" sap:sortable="false" sap:filterable="false"/><Property Name="Msgdesc" Type="Edm.String" Nullable="false" MaxLength="220" sap:unicode="false" sap:label="Message Description"
					sap:creatable="false" sap:updatable="false" sap:sortable="false" sap:filterable="false"/><NavigationProperty Name="ITEM_SERIAL_NAV" Relationship="SIE_ASP_WM_CHANGE_STOCK_INFO_SRV.ITEM_MAINTSERIALNUM"
					FromRole="FromRole_ITEM_MAINTSERIALNUM" ToRole="ToRole_ITEM_MAINTSERIALNUM"/><NavigationProperty Name="ITEMTOBATCH_NAV" Relationship="SIE_ASP_WM_CHANGE_STOCK_INFO_SRV.ITEMTOBATCH" FromRole="FromRole_ITEMTOBATCH"
					ToRole="ToRole_ITEMTOBATCH"/><NavigationProperty Name="ITEMTOSPECIALSTOCK_NAV" Relationship="SIE_ASP_WM_CHANGE_STOCK_INFO_SRV.ITEMTOSPECIALSTOCK"
					FromRole="FromRole_ITEMTOSPECIALSTOCK" ToRole="ToRole_ITEMTOSPECIALSTOCK"/><NavigationProperty Name="ChgBatchNo" Relationship="SIE_ASP_WM_CHANGE_STOCK_INFO_SRV.ITEMTOBATCHNO" FromRole="FromRole_ITEMTOBATCHNO"
					ToRole="ToRole_ITEMTOBATCHNO"/><NavigationProperty Name="ITEMTOBATCHNO_NAV" Relationship="SIE_ASP_WM_CHANGE_STOCK_INFO_SRV.ITEMTOBATCH_NO"
					FromRole="FromRole_ITEMTOBATCH_NO" ToRole="ToRole_ITEMTOBATCH_NO"/></EntityType>
			<EntityType Name="MaintSerialNum" sap:content-version="1">
				<Key><PropertyRef Name="MatNo"/></Key><Property Name="WarehouseNo" Type="Edm.String" Nullable="false" MaxLength="3" sap:unicode="false" sap:label="Warehouse No."
					sap:creatable="false" sap:updatable="false" sap:sortable="false" sap:filterable="false"/><Property Name="StorageBin" Type="Edm.String" Nullable="false" MaxLength="10" sap:unicode="false" sap:label="Storage Bin"
					sap:creatable="false" sap:updatable="false" sap:sortable="false" sap:filterable="false"/><Property Name="MatNo" Type="Edm.String" Nullable="false" MaxLength="18" sap:unicode="false" sap:label="Mat. No." sap:creatable="false"
					sap:updatable="false" sap:sortable="false" sap:filterable="false"/><Property Name="SpecialStockNo" Type="Edm.String" Nullable="false" MaxLength="24" sap:unicode="false" sap:label="Spec.Stock No."
					sap:creatable="false" sap:updatable="false" sap:sortable="false" sap:filterable="false"/><Property Name="Plant" Type="Edm.String" Nullable="false" MaxLength="4" sap:unicode="false" sap:label="Plant" sap:creatable="false"
					sap:updatable="false" sap:sortable="false" sap:filterable="false"/><Property Name="Sloc" Type="Edm.String" Nullable="false" MaxLength="4" sap:unicode="false" sap:label="Stor. Location" sap:creatable="false"
					sap:updatable="false" sap:sortable="false" sap:filterable="false"/><Property Name="Serialno" Type="Edm.String" Nullable="false" MaxLength="18" sap:unicode="false" sap:label="Serial Number"
					sap:creatable="false" sap:updatable="false" sap:sortable="false" sap:filterable="false"/><Property Name="Batchno" Type="Edm.String" Nullable="false" MaxLength="10" sap:unicode="false" sap:label="Batch" sap:creatable="false"
					sap:updatable="false" sap:sortable="false" sap:filterable="false"/><Property Name="Quantity" Type="Edm.Decimal" Nullable="false" Precision="13" Scale="3" sap:unicode="false" sap:label="Stock Quanity"
					sap:creatable="false" sap:updatable="false" sap:sortable="false" sap:filterable="false"/></EntityType>
			<EntityType Name="ChgBatch" sap:content-version="1">
				<Key><PropertyRef Name="WarehouseNo"/><PropertyRef Name="StorageBin"/><PropertyRef Name="Material"/><PropertyRef Name="Plant"/><PropertyRef Name="Sloc"/><PropertyRef Name="SpecialStockNo"/><PropertyRef Name="BatchNo"/></Key><Property Name="WarehouseNo" Type="Edm.String" Nullable="false" MaxLength="3" sap:unicode="false" sap:label="Warehouse No."
					sap:creatable="false" sap:updatable="false" sap:sortable="false" sap:filterable="false"/><Property Name="StorageBin" Type="Edm.String" Nullable="false" MaxLength="10" sap:unicode="false" sap:label="Storage Bin"
					sap:creatable="false" sap:updatable="false" sap:sortable="false" sap:filterable="false"/><Property Name="Material" Type="Edm.String" Nullable="false" MaxLength="18" sap:unicode="false" sap:label="Mat. No." sap:creatable="false"
					sap:updatable="false" sap:sortable="false" sap:filterable="false"/><Property Name="Plant" Type="Edm.String" Nullable="false" MaxLength="4" sap:unicode="false" sap:label="Plant" sap:creatable="false"
					sap:updatable="false" sap:sortable="false" sap:filterable="false"/><Property Name="Sloc" Type="Edm.String" Nullable="false" MaxLength="4" sap:unicode="false" sap:label="Stor. Location" sap:creatable="false"
					sap:updatable="false" sap:sortable="false" sap:filterable="false"/><Property Name="SpecialStockNo" Type="Edm.String" Nullable="false" MaxLength="24" sap:unicode="false" sap:label="Spec.Stock No."
					sap:creatable="false" sap:updatable="false" sap:sortable="false" sap:filterable="false"/><Property Name="BatchNo" Type="Edm.String" Nullable="false" MaxLength="10" sap:unicode="false" sap:label="Batch" sap:creatable="false"
					sap:updatable="false" sap:sortable="false" sap:filterable="false"/><Property Name="ChgBatchNo" Type="Edm.String" Nullable="false" MaxLength="10" sap:unicode="false" sap:label="Change Batch No"
					sap:creatable="false" sap:updatable="false" sap:sortable="false" sap:filterable="false"/></EntityType>
			<EntityType Name="ChgSpecialStock" sap:content-version="1">
				<Key><PropertyRef Name="WarehouseNo"/><PropertyRef Name="StorageBin"/><PropertyRef Name="Material"/><PropertyRef Name="Plant"/><PropertyRef Name="Sloc"/><PropertyRef Name="Batchno"/><PropertyRef Name="SpecialStockNo"/></Key><Property Name="WarehouseNo" Type="Edm.String" Nullable="false" MaxLength="3" sap:unicode="false" sap:label="Warehouse No."
					sap:creatable="false" sap:updatable="false" sap:sortable="false" sap:filterable="false"/><Property Name="StorageBin" Type="Edm.String" Nullable="false" MaxLength="10" sap:unicode="false" sap:label="Storage Bin"
					sap:creatable="false" sap:updatable="false" sap:sortable="false" sap:filterable="false"/><Property Name="Material" Type="Edm.String" Nullable="false" MaxLength="18" sap:unicode="false" sap:label="Mat. No." sap:creatable="false"
					sap:updatable="false" sap:sortable="false" sap:filterable="false"/><Property Name="Plant" Type="Edm.String" Nullable="false" MaxLength="4" sap:unicode="false" sap:label="Plant" sap:creatable="false"
					sap:updatable="false" sap:sortable="false" sap:filterable="false"/><Property Name="Sloc" Type="Edm.String" Nullable="false" MaxLength="4" sap:unicode="false" sap:label="Stor. Location" sap:creatable="false"
					sap:updatable="false" sap:sortable="false" sap:filterable="false"/><Property Name="Batchno" Type="Edm.String" Nullable="false" MaxLength="10" sap:unicode="false" sap:label="Batch" sap:creatable="false"
					sap:updatable="false" sap:sortable="false" sap:filterable="false"/><Property Name="SpecialStockInd" Type="Edm.String" Nullable="false" MaxLength="1" sap:unicode="false" sap:label="Special Stock"
					sap:creatable="false" sap:updatable="false" sap:sortable="false" sap:filterable="false"/><Property Name="SpecialStockNo" Type="Edm.String" Nullable="false" MaxLength="24" sap:unicode="false" sap:label="Special Stock No"
					sap:creatable="false" sap:updatable="false" sap:sortable="false" sap:filterable="false"/><Property Name="SpecialStockIndChg" Type="Edm.String" Nullable="false" MaxLength="1" sap:unicode="false" sap:label="Chg Special Stock"
					sap:creatable="false" sap:updatable="false" sap:sortable="false" sap:filterable="false"/><Property Name="SpecialStockNoChg" Type="Edm.String" Nullable="false" MaxLength="24" sap:unicode="false" sap:label="Chg Special Stock No"
					sap:creatable="false" sap:updatable="false" sap:sortable="false" sap:filterable="false"/></EntityType>
			<EntityType Name="ChgBatchNo" sap:content-version="1">
				<Key><PropertyRef Name="SONUM"/><PropertyRef Name="CHARG"/></Key><Property Name="LGNUM" Type="Edm.String" Nullable="false" MaxLength="3" sap:unicode="false" sap:label="Warehouse No." sap:creatable="false"
					sap:updatable="false" sap:sortable="false" sap:filterable="false"/><Property Name="LGPLA" Type="Edm.String" Nullable="false" MaxLength="10" sap:unicode="false" sap:label="Storage Bin" sap:creatable="false"
					sap:updatable="false" sap:sortable="false" sap:filterable="false"/><Property Name="MATNR" Type="Edm.String" Nullable="false" MaxLength="18" sap:unicode="false" sap:label="Mat. No." sap:creatable="false"
					sap:updatable="false" sap:sortable="false" sap:filterable="false"/><Property Name="WERKS" Type="Edm.String" Nullable="false" MaxLength="4" sap:unicode="false" sap:label="Plant" sap:creatable="false"
					sap:updatable="false" sap:sortable="false" sap:filterable="false"/><Property Name="LGORT" Type="Edm.String" Nullable="false" MaxLength="4" sap:unicode="false" sap:label="Stor. Location" sap:creatable="false"
					sap:updatable="false" sap:sortable="false" sap:filterable="false"/><Property Name="SONUM" Type="Edm.String" Nullable="false" MaxLength="24" sap:unicode="false" sap:label="Spec.Stock No."
					sap:creatable="false" sap:updatable="false" sap:sortable="false" sap:filterable="false"/><Property Name="CHARG" Type="Edm.String" Nullable="false" MaxLength="10" sap:unicode="false" sap:label="Batch" sap:creatable="false"
					sap:updatable="false" sap:sortable="false" sap:filterable="false"/><Property Name="BATCH" Type="Edm.String" Nullable="false" MaxLength="10" sap:unicode="false" sap:label="Change Batch No"
					sap:creatable="false" sap:updatable="false" sap:sortable="false" sap:filterable="false"/></EntityType>
			<EntityType Name="ChkStorageBin" sap:content-version="1">
				<Key><PropertyRef Name="WarehouseNo"/><PropertyRef Name="StorageBin"/></Key><Property Name="WarehouseNo" Type="Edm.String" Nullable="false" MaxLength="3" sap:unicode="false" sap:label="Warehouse Number"
					sap:creatable="false" sap:updatable="false" sap:sortable="false" sap:filterable="false"/><Property Name="StorageBin" Type="Edm.String" Nullable="false" MaxLength="10" sap:unicode="false" sap:label="Storage Bin"
					sap:creatable="false" sap:updatable="false" sap:sortable="false" sap:filterable="false"/><Property Name="MsgType" Type="Edm.String" Nullable="false" MaxLength="1" sap:unicode="false" sap:label="Message Type" sap:creatable="false"
					sap:updatable="false" sap:sortable="false" sap:filterable="false"/><Property Name="MsgDesc" Type="Edm.String" Nullable="false" MaxLength="220" sap:unicode="false" sap:label="Message Description"
					sap:creatable="false" sap:updatable="false" sap:sortable="false" sap:filterable="false"/></EntityType>
			<EntityType Name="MaterialList" sap:content-version="1">
				<Key><PropertyRef Name="WarehouseNo"/><PropertyRef Name="StorageBin"/><PropertyRef Name="Plant"/></Key><Property Name="UserGID" Type="Edm.String" Nullable="false" MaxLength="12" sap:unicode="false" sap:label="User GID" sap:creatable="false"
					sap:updatable="false" sap:sortable="false" sap:filterable="false"/><Property Name="WarehouseNo" Type="Edm.String" Nullable="false" MaxLength="3" sap:unicode="false" sap:label="Warehouse Number"
					sap:creatable="false" sap:updatable="false" sap:sortable="false" sap:filterable="false"/><Property Name="StorageBin" Type="Edm.String" Nullable="false" MaxLength="10" sap:unicode="false" sap:label="Storage Bin"
					sap:creatable="false" sap:updatable="false" sap:sortable="false" sap:filterable="false"/><Property Name="Material" Type="Edm.String" Nullable="false" MaxLength="18" sap:unicode="false" sap:label="Mat. No." sap:creatable="false"
					sap:updatable="false" sap:sortable="false" sap:filterable="false"/><Property Name="MatDesc" Type="Edm.String" Nullable="false" MaxLength="40" sap:unicode="false" sap:label="Mat. desc" sap:creatable="false"
					sap:updatable="false" sap:sortable="false" sap:filterable="false"/><Property Name="Plant" Type="Edm.String" Nullable="false" MaxLength="4" sap:unicode="false" sap:label="Plant" sap:creatable="false"
					sap:updatable="false" sap:sortable="false" sap:filterable="false"/><Property Name="Sloc" Type="Edm.String" Nullable="false" MaxLength="4" sap:unicode="false" sap:label="Sloc" sap:creatable="false"
					sap:updatable="false" sap:sortable="false" sap:filterable="false"/><Property Name="Stockcat" Type="Edm.String" Nullable="false" MaxLength="1" sap:unicode="false" sap:label="Stock Cat" sap:creatable="false"
					sap:updatable="false" sap:sortable="false" sap:filterable="false"/><Property Name="SpecialStoc" Type="Edm.String" Nullable="false" MaxLength="30" sap:unicode="false" sap:label="Spec.Stock No."
					sap:creatable="false" sap:updatable="false" sap:sortable="false" sap:filterable="false"/><Property Name="Batchno" Type="Edm.String" Nullable="false" MaxLength="10" sap:unicode="false" sap:label="Batch no." sap:creatable="false"
					sap:updatable="false" sap:sortable="false" sap:filterable="false"/><Property Name="Indicator" Type="Edm.String" Nullable="false" MaxLength="1" sap:unicode="false" sap:label="Indicator" sap:creatable="false"
					sap:updatable="false" sap:sortable="false" sap:filterable="false"/><Property Name="MsgType1" Type="Edm.String" Nullable="false" MaxLength="1" sap:unicode="false" sap:label="Message Type"
					sap:creatable="false" sap:updatable="false" sap:sortable="false" sap:filterable="false"/><Property Name="MsgDesc" Type="Edm.String" Nullable="false" MaxLength="220" sap:unicode="false" sap:label="Message Desc"
					sap:creatable="false" sap:updatable="false" sap:sortable="false" sap:filterable="false"/></EntityType>
			<EntityType Name="UserDefault" sap:content-version="1">
				<Key><PropertyRef Name="UserGID"/></Key><Property Name="UserGID" Type="Edm.String" Nullable="false" MaxLength="12" sap:unicode="false" sap:label="User GID" sap:creatable="false"
					sap:updatable="false" sap:sortable="false" sap:filterable="false"/><Property Name="Plant" Type="Edm.String" Nullable="false" MaxLength="4" sap:unicode="false" sap:label="Plant" sap:creatable="false"
					sap:updatable="false" sap:sortable="false" sap:filterable="false"/><Property Name="WarehouseNo" Type="Edm.String" Nullable="false" MaxLength="3" sap:unicode="false" sap:label="Warehouse Number"
					sap:creatable="false" sap:updatable="false" sap:sortable="false" sap:filterable="false"/><Property Name="CompanyCode" Type="Edm.String" Nullable="false" MaxLength="4" sap:unicode="false" sap:label="Company Code"
					sap:creatable="false" sap:updatable="false" sap:sortable="false" sap:filterable="false"/><Property Name="Client" Type="Edm.String" Nullable="false" MaxLength="3" sap:unicode="false" sap:label="Client" sap:creatable="false"
					sap:updatable="false" sap:sortable="false" sap:filterable="false"/><Property Name="GRLabel" Type="Edm.String" Nullable="false" MaxLength="30" sap:unicode="false" sap:label="Output Device GRLabel"
					sap:creatable="false" sap:updatable="false" sap:sortable="false" sap:filterable="false"/><Property Name="GS1Label" Type="Edm.String" Nullable="false" MaxLength="30" sap:unicode="false" sap:label="Output Device GS1Label"
					sap:creatable="false" sap:updatable="false" sap:sortable="false" sap:filterable="false"/><Property Name="MsgType" Type="Edm.String" Nullable="false" MaxLength="1" sap:unicode="false" sap:label="Message Type" sap:creatable="false"
					sap:updatable="false" sap:sortable="false" sap:filterable="false"/><Property Name="MsgDesc" Type="Edm.String" Nullable="false" MaxLength="220" sap:unicode="false" sap:label="Message Description"
					sap:creatable="false" sap:updatable="false" sap:sortable="false" sap:filterable="false"/></EntityType>
			<EntityType Name="Storagebinlist" sap:content-version="1">
				<Key><PropertyRef Name="WarehouseNo"/></Key><Property Name="WarehouseNo" Type="Edm.String" Nullable="false" MaxLength="3" sap:unicode="false" sap:label="Warehouse Number"
					sap:creatable="false" sap:updatable="false" sap:sortable="false" sap:filterable="false"/><Property Name="StoragebinType" Type="Edm.String" Nullable="false" MaxLength="3" sap:unicode="false" sap:label="Storage Type"
					sap:creatable="false" sap:updatable="false" sap:sortable="false" sap:filterable="false"/><Property Name="StorageBin" Type="Edm.String" Nullable="false" MaxLength="10" sap:unicode="false" sap:label="Storage Bin"
					sap:creatable="false" sap:updatable="false" sap:sortable="false" sap:filterable="false"/></EntityType>
			<Association Name="ITEMTOBATCH" sap:content-version="1"><End Type="SIE_ASP_WM_CHANGE_STOCK_INFO_SRV.ItemDetail" Multiplicity="1" Role="FromRole_ITEMTOBATCH"/><End Type="SIE_ASP_WM_CHANGE_STOCK_INFO_SRV.ChgBatch" Multiplicity="0..1" Role="ToRole_ITEMTOBATCH"/>
				<ReferentialConstraint>
					<Principal Role="FromRole_ITEMTOBATCH"><PropertyRef Name="Batchno"/><PropertyRef Name="SpecialStockNo"/><PropertyRef Name="Material"/><PropertyRef Name="StorageBin"/><PropertyRef Name="WarehouseNo"/><PropertyRef Name="Plant"/><PropertyRef Name="Sloc"/></Principal>
					<Dependent Role="ToRole_ITEMTOBATCH"><PropertyRef Name="BatchNo"/><PropertyRef Name="SpecialStockNo"/><PropertyRef Name="Material"/><PropertyRef Name="StorageBin"/><PropertyRef Name="WarehouseNo"/><PropertyRef Name="Plant"/><PropertyRef Name="Sloc"/></Dependent>
				</ReferentialConstraint>
			</Association>
			<Association Name="ITEMTOSPECIALSTOCK" sap:content-version="1"><End Type="SIE_ASP_WM_CHANGE_STOCK_INFO_SRV.ItemDetail" Multiplicity="1" Role="FromRole_ITEMTOSPECIALSTOCK"/><End Type="SIE_ASP_WM_CHANGE_STOCK_INFO_SRV.ChgSpecialStock" Multiplicity="0..1" Role="ToRole_ITEMTOSPECIALSTOCK"/>
				<ReferentialConstraint>
					<Principal Role="FromRole_ITEMTOSPECIALSTOCK"><PropertyRef Name="Sloc"/><PropertyRef Name="Plant"/><PropertyRef Name="WarehouseNo"/><PropertyRef Name="StorageBin"/><PropertyRef Name="Material"/><PropertyRef Name="SpecialStockNo"/><PropertyRef Name="Batchno"/></Principal>
					<Dependent Role="ToRole_ITEMTOSPECIALSTOCK"><PropertyRef Name="Sloc"/><PropertyRef Name="Plant"/><PropertyRef Name="WarehouseNo"/><PropertyRef Name="StorageBin"/><PropertyRef Name="Material"/><PropertyRef Name="SpecialStockNo"/><PropertyRef Name="Batchno"/></Dependent>
				</ReferentialConstraint>
			</Association>
			<Association Name="ITEMTOBATCHNO" sap:content-version="1"><End Type="SIE_ASP_WM_CHANGE_STOCK_INFO_SRV.ItemDetail" Multiplicity="1" Role="FromRole_ITEMTOBATCHNO"/><End Type="SIE_ASP_WM_CHANGE_STOCK_INFO_SRV.ChgBatchNo" Multiplicity="0..1" Role="ToRole_ITEMTOBATCHNO"/>
				<ReferentialConstraint>
					<Principal Role="FromRole_ITEMTOBATCHNO"><PropertyRef Name="SpecialStockNo"/><PropertyRef Name="Batchno"/><PropertyRef Name="Sloc"/><PropertyRef Name="Plant"/><PropertyRef Name="Material"/><PropertyRef Name="StorageBin"/><PropertyRef Name="WarehouseNo"/></Principal>
					<Dependent Role="ToRole_ITEMTOBATCHNO"><PropertyRef Name="SONUM"/><PropertyRef Name="BATCH"/><PropertyRef Name="LGORT"/><PropertyRef Name="WERKS"/><PropertyRef Name="MATNR"/><PropertyRef Name="LGPLA"/><PropertyRef Name="LGNUM"/></Dependent>
				</ReferentialConstraint>
			</Association>
			<Association Name="ITEMTOBATCH_NO" sap:content-version="1"><End Type="SIE_ASP_WM_CHANGE_STOCK_INFO_SRV.ItemDetail" Multiplicity="1" Role="FromRole_ITEMTOBATCH_NO"/><End Type="SIE_ASP_WM_CHANGE_STOCK_INFO_SRV.ChgBatchNo" Multiplicity="0..1" Role="ToRole_ITEMTOBATCH_NO"/>
				<ReferentialConstraint>
					<Principal Role="FromRole_ITEMTOBATCH_NO"><PropertyRef Name="SpecialStockNo"/><PropertyRef Name="Batchno"/><PropertyRef Name="Sloc"/><PropertyRef Name="Plant"/><PropertyRef Name="Material"/><PropertyRef Name="StorageBin"/><PropertyRef Name="WarehouseNo"/></Principal>
					<Dependent Role="ToRole_ITEMTOBATCH_NO"><PropertyRef Name="SONUM"/><PropertyRef Name="BATCH"/><PropertyRef Name="LGORT"/><PropertyRef Name="WERKS"/><PropertyRef Name="MATNR"/><PropertyRef Name="LGPLA"/><PropertyRef Name="LGNUM"/></Dependent>
				</ReferentialConstraint>
			</Association>
			<Association Name="ITEM_MAINTSERIALNUM" sap:content-version="1"><End Type="SIE_ASP_WM_CHANGE_STOCK_INFO_SRV.ItemDetail" Multiplicity="1" Role="FromRole_ITEM_MAINTSERIALNUM"/><End Type="SIE_ASP_WM_CHANGE_STOCK_INFO_SRV.MaintSerialNum" Multiplicity="*" Role="ToRole_ITEM_MAINTSERIALNUM"/>
				<ReferentialConstraint>
					<Principal Role="FromRole_ITEM_MAINTSERIALNUM"><PropertyRef Name="WarehouseNo"/><PropertyRef Name="StorageBin"/><PropertyRef Name="Material"/><PropertyRef Name="Plant"/><PropertyRef Name="Sloc"/><PropertyRef Name="SpecialStockNo"/><PropertyRef Name="Batchno"/></Principal>
					<Dependent Role="ToRole_ITEM_MAINTSERIALNUM"><PropertyRef Name="WarehouseNo"/><PropertyRef Name="StorageBin"/><PropertyRef Name="MatNo"/><PropertyRef Name="Plant"/><PropertyRef Name="Sloc"/><PropertyRef Name="SpecialStockNo"/><PropertyRef Name="Batchno"/></Dependent>
				</ReferentialConstraint>
			</Association>
			<EntityContainer Name="SIE_ASP_WM_CHANGE_STOCK_INFO_SRV_Entities" m:IsDefaultEntityContainer="true" sap:supported-formats="atom json xlsx"><EntitySet Name="ChkserialMatSet" EntityType="SIE_ASP_WM_CHANGE_STOCK_INFO_SRV.ChkserialMaterial" sap:creatable="false"
				sap:updatable="false" sap:deletable="false" sap:pageable="false" sap:addressable="false" sap:content-version="1"/><EntitySet Name="ItemDetailSet" EntityType="SIE_ASP_WM_CHANGE_STOCK_INFO_SRV.ItemDetail" sap:creatable="false" sap:updatable="false"
				sap:deletable="false" sap:pageable="false" sap:content-version="1"/><EntitySet Name="MaintSerialNumSet" EntityType="SIE_ASP_WM_CHANGE_STOCK_INFO_SRV.MaintSerialNum" sap:creatable="false" sap:updatable="false"
				sap:deletable="false" sap:pageable="false" sap:addressable="false" sap:content-version="1"/><EntitySet Name="ChgBatchSet" EntityType="SIE_ASP_WM_CHANGE_STOCK_INFO_SRV.ChgBatch" sap:creatable="false" sap:updatable="false"
				sap:deletable="false" sap:pageable="false" sap:addressable="false" sap:content-version="1"/><EntitySet Name="ChgSpecialStockSet" EntityType="SIE_ASP_WM_CHANGE_STOCK_INFO_SRV.ChgSpecialStock" sap:creatable="false"
				sap:updatable="false" sap:deletable="false" sap:pageable="false" sap:addressable="false" sap:content-version="1"/><EntitySet Name="ChgBatchNoSet" EntityType="SIE_ASP_WM_CHANGE_STOCK_INFO_SRV.ChgBatchNo" sap:creatable="false" sap:updatable="false"
				sap:deletable="false" sap:pageable="false" sap:addressable="false" sap:content-version="1"/><EntitySet Name="ChkStorageBinSet" EntityType="SIE_ASP_WM_CHANGE_STOCK_INFO_SRV.ChkStorageBin" sap:creatable="false" sap:updatable="false"
				sap:deletable="false" sap:pageable="false" sap:addressable="false" sap:content-version="1"/><EntitySet Name="MaterialListSet" EntityType="SIE_ASP_WM_CHANGE_STOCK_INFO_SRV.MaterialList" sap:creatable="false" sap:updatable="false"
				sap:deletable="false" sap:pageable="false" sap:addressable="false" sap:content-version="1"/><EntitySet Name="UserDefaultSet" EntityType="SIE_ASP_WM_CHANGE_STOCK_INFO_SRV.UserDefault" sap:creatable="false" sap:updatable="false"
				sap:deletable="false" sap:pageable="false" sap:content-version="1"/><EntitySet Name="StoragebinlistSet" EntityType="SIE_ASP_WM_CHANGE_STOCK_INFO_SRV.Storagebinlist" sap:creatable="false" sap:updatable="false"
				sap:deletable="false" sap:pageable="false" sap:content-version="1"/>
				<AssociationSet Name="ITEMTOBATCH_NOSet" Association="SIE_ASP_WM_CHANGE_STOCK_INFO_SRV.ITEMTOBATCH_NO" sap:creatable="false"
					sap:updatable="false" sap:deletable="false" sap:content-version="1"><End EntitySet="ItemDetailSet" Role="FromRole_ITEMTOBATCH_NO"/><End EntitySet="ChgBatchNoSet" Role="ToRole_ITEMTOBATCH_NO"/></AssociationSet>
				<AssociationSet Name="ITEMTOSPECIALSTOCKSet" Association="SIE_ASP_WM_CHANGE_STOCK_INFO_SRV.ITEMTOSPECIALSTOCK" sap:creatable="false"
					sap:updatable="false" sap:deletable="false" sap:content-version="1"><End EntitySet="ItemDetailSet" Role="FromRole_ITEMTOSPECIALSTOCK"/><End EntitySet="ChgSpecialStockSet" Role="ToRole_ITEMTOSPECIALSTOCK"/></AssociationSet>
				<AssociationSet Name="ITEMTOBATCHNOSet" Association="SIE_ASP_WM_CHANGE_STOCK_INFO_SRV.ITEMTOBATCHNO" sap:creatable="false"
					sap:updatable="false" sap:deletable="false" sap:content-version="1"><End EntitySet="ItemDetailSet" Role="FromRole_ITEMTOBATCHNO"/><End EntitySet="ChgBatchNoSet" Role="ToRole_ITEMTOBATCHNO"/></AssociationSet>
				<AssociationSet Name="ITEM_MAINTSERIALNUMSet" Association="SIE_ASP_WM_CHANGE_STOCK_INFO_SRV.ITEM_MAINTSERIALNUM" sap:creatable="false"
					sap:updatable="false" sap:deletable="false" sap:content-version="1"><End EntitySet="ItemDetailSet" Role="FromRole_ITEM_MAINTSERIALNUM"/><End EntitySet="MaintSerialNumSet" Role="ToRole_ITEM_MAINTSERIALNUM"/></AssociationSet>
				<AssociationSet Name="ITEMTOBATCHSet" Association="SIE_ASP_WM_CHANGE_STOCK_INFO_SRV.ITEMTOBATCH" sap:creatable="false" sap:updatable="false"
					sap:deletable="false" sap:content-version="1"><End EntitySet="ItemDetailSet" Role="FromRole_ITEMTOBATCH"/><End EntitySet="ChgBatchSet" Role="ToRole_ITEMTOBATCH"/></AssociationSet>
			</EntityContainer><atom:link xmlns:atom="http://www.w3.org/2005/Atom" rel="self" href="./sap/opu/odata/SIE/ASP_WM_CHANGE_STOCK_INFO_SRV/$metadata"/><atom:link xmlns:atom="http://www.w3.org/2005/Atom" rel="latest-version" href="./sap/opu/odata/SIE/ASP_WM_CHANGE_STOCK_INFO_SRV/$metadata"/></Schema>
	</edmx:DataServices>
</edmx:Edmx>