<core:FragmentDefinition
	xmlns="sap.m"
	xmlns:core="sap.ui.core">
	<ViewSettingsDialog
		confirm="handleConfirmReceiveTradeRequest">
		<sortItems>
			<ViewSettingsItem selected="true" key="Trade_Id"  text="{i18n>Request}" />
			<ViewSettingsItem key="Requested_Dealer" text="{i18n>RequestedDealer}"  />
		    <ViewSettingsItem key="Model" text="{i18n>Model}"/>
            <ViewSettingsItem key="Suffix" text="{i18n>Suffix}" />
            <ViewSettingsItem key="Trade_Return" text="{i18n>TradeinReturn}" />
            <ViewSettingsItem key="Trade_Status" text="{i18n>Status}" />	

		</sortItems>
	</ViewSettingsDialog>
</core:FragmentDefinition>
