<?xml version="1.0" encoding="utf-8"?>
<edmx:Edmx xmlns:edmx="http://docs.oasis-open.org/odata/ns/edmx" Version="4.0">
	<edmx:Reference Uri="/sap/bc/ui5_ui5/ui2/ushell/resources/sap/ushell/components/factsheet/vocabularies/UI.xml">
		<edmx:Include Alias="UI" Namespace="com.sap.vocabularies.UI.v1"/>
	</edmx:Reference>
	<edmx:Reference Uri="/sap/opu/odata/sap/CUAN_WEB_TRACKING_MAPPING_SRV/$metadata">
		<edmx:Include Alias="CUAN_WEB_TRACKING_MAPPING_SRV" Namespace="CUAN_WEB_TRACKING_MAPPING_SRV"/>
	</edmx:Reference>
	<edmx:Reference Uri="http://docs.oasis-open.org/odata/odata/v4.0/errata03/os/complete/vocabularies/Org.OData.Capabilities.V1.xml">
		<edmx:Include Alias="Capabilities" Namespace="Org.OData.Capabilities.V1"/>
	</edmx:Reference>
	<edmx:Reference Uri="https://wiki.scn.sap.com/wiki/download/attachments/448470974/Common.xml?api=v2">
		<edmx:Include Alias="Common" Namespace="com.sap.vocabularies.Common.v1"/>
	</edmx:Reference>
	<edmx:DataServices>
		<Schema xmlns="http://docs.oasis-open.org/odata/ns/edm" Namespace="hpa.cei.wtm-3.annotations.annotations.CUAN_WEB_TRACKING_MAPPING_SRV">
			<!--===============================================================================
                Entity Type from chosen collection 
                ================================================================================-->
			<Annotations Target="CUAN_WEB_TRACKING_MAPPING_SRV.C_MKT_WebTrackingMappingTPType/WebTrackingMappingProperty">
				<Annotation Term="Common.ValueList">
					<Record Type="Common.ValueListType">
						<PropertyValue Property="CollectionPath" String="GAPropertySet"/>
						<PropertyValue Property="Label" String="Google Analytics Web Properties"/>
						<PropertyValue Property="Parameters">
							<Collection>
								<Record Type="Common.ValueListParameterDisplayOnly">
									<PropertyValue Property="ValueListProperty" String="Accountname"/>
								</Record>
								<Record Type="Common.ValueListParameterDisplayOnly">
									<PropertyValue Property="ValueListProperty" String="Webpropertyname"/>
								</Record>
								<Record Type="Common.ValueListParameterInOut">
									<PropertyValue Property="LocalDataProperty" PropertyPath="WebTrackingMappingProperty"/>
									<PropertyValue Property="ValueListProperty" String="Webpropertyid"/>
								</Record>
								<Record Type="Common.ValueListParameterDisplayOnly">
									<PropertyValue Property="ValueListProperty" String="Websiteurl"/>
								</Record>
							</Collection>
						</PropertyValue>
						<PropertyValue Property="SearchSupported" Bool="true"/>
					</Record>
				</Annotation>
			</Annotations>
			<Annotations Target="CUAN_WEB_TRACKING_MAPPING_SRV.C_MKT_WebTrackingMappingTPType/WebTrackingMappingView">
				<Annotation Term="Common.ValueList">
					<Record Type="Common.ValueListType">
						<PropertyValue Property="CollectionPath" String="GAViewSet"/>
						<PropertyValue Property="Label" String="Google Analytics Web Views"/>
						<PropertyValue Property="Parameters">
							<Collection>
								<Record Type="Common.ValueListParameterOut">
									<PropertyValue Property="LocalDataProperty" PropertyPath="WebTrackingMappingView"/>
									<PropertyValue Property="ValueListProperty" String="Viewid"/>
								</Record>
								<Record Type="Common.ValueListParameterDisplayOnly">
									<PropertyValue Property="ValueListProperty" String="Accountname"/>
								</Record>
								<Record Type="Common.ValueListParameterDisplayOnly">
									<PropertyValue Property="ValueListProperty" String="Webpropertyname"/>
								</Record>
								<Record Type="Common.ValueListParameterDisplayOnly">
									<PropertyValue Property="ValueListProperty" String="Viewname"/>
								</Record>
								<Record Type="Common.ValueListParameterIn">
									<PropertyValue Property="LocalDataProperty" PropertyPath="WebTrackingMappingProperty"/>
									<PropertyValue Property="ValueListProperty" String="Webpropertyid"/>
									<Annotation Term="UI.Hidden"/>
								</Record>
							</Collection>
						</PropertyValue>
						<PropertyValue Property="SearchSupported" Bool="true"/>
					</Record>
				</Annotation>
			</Annotations>
			<Annotations Target="CUAN_WEB_TRACKING_MAPPING_SRV.C_MKT_WebTrackingMappingTPType">
				<Annotation Term="Common.SideEffects" Qualifier="FunctionFieldReadOnly">
					<Record Type="Common.SideEffectsType">
						<PropertyValue Property="SourceProperties">
							<Collection>
								<PropertyPath>WebTrackingMappingType</PropertyPath>
							</Collection>
						</PropertyValue>
					</Record>
				</Annotation>
				<Annotation Term="Common.SideEffects" Qualifier="ProposeInteractionField">
					<Record Type="Common.SideEffectsType">
						<PropertyValue Property="SourceEntities">
							<Collection>
								<NavigationPropertyPath>to_WebTrckgComMapping</NavigationPropertyPath>
							</Collection>
						</PropertyValue>
						<PropertyValue Property="TargetEntities">
							<Collection>
								<NavigationPropertyPath>to_WebTrckgComMapping</NavigationPropertyPath>
							</Collection>
						</PropertyValue>
					</Record>
				</Annotation>
				<Annotation Term="Common.SideEffects" Qualifier="UpdateCommonMappingCreateEnabled">
					<Record Type="Common.SideEffectsType">
						<PropertyValue Property="SourceEntities">
							<Collection>
								<NavigationPropertyPath>to_WebTrckgComMapping</NavigationPropertyPath>
							</Collection>
						</PropertyValue>
						<PropertyValue Property="TargetProperties">
							<Collection>
								<PropertyPath>WebTrckgComMappgCreateIsEnbld</PropertyPath>
							</Collection>
						</PropertyValue>
					</Record>
				</Annotation>
				<Annotation Term="Common.SideEffects" Qualifier="UpdateDataSource">
					<Record Type="Common.SideEffectsType">
						<PropertyValue Property="SourceProperties">
							<Collection>
								<PropertyPath>WebTrackingMappingDataSource</PropertyPath>
							</Collection>
						</PropertyValue>
						<PropertyValue Property="TargetProperties">
							<Collection>
								<PropertyPath>WebTrackingMappingDataTable</PropertyPath>
								<PropertyPath>WebTrackingMappingProject</PropertyPath>
								<PropertyPath>WebTrackingMappingProperty</PropertyPath>
								<PropertyPath>WebTrackingMappingView</PropertyPath>
							</Collection>
						</PropertyValue>
					</Record>
				</Annotation>
				<Annotation Term="Common.SideEffects" Qualifier="UpdateWebTrackingMappingProperty">
					<Record Type="Common.SideEffectsType">
						<PropertyValue Property="SourceProperties">
							<Collection>
								<PropertyPath>WebTrackingMappingProperty</PropertyPath>
							</Collection>
						</PropertyValue>
						<PropertyValue Property="TargetProperties">
							<Collection>
								<PropertyPath>to_WebTrckgComMapping/WebTrackingMappingProperty</PropertyPath>
								<PropertyPath>to_WebTrckgMappgFltr/WebTrackingMappingProperty</PropertyPath>
								<PropertyPath>to_WebTrckgRtrvlIaHdr/to_WebTrckgRtrvlDimItem/WebTrackingMappingProperty</PropertyPath>
								<PropertyPath>to_WebTrckgRtrvlProdHdr/to_WebTrckgRtrvlDimItem/WebTrackingMappingProperty</PropertyPath>
							</Collection>
						</PropertyValue>
					</Record>
				</Annotation>
				<Annotation Term="UI.HeaderFacets">
					<Collection>
						<Record Type="UI.ReferenceFacet">
							<PropertyValue Property="Target" AnnotationPath="@UI.FieldGroup#header_left_FG"/>
						</Record>
						<Record Type="UI.ReferenceFacet">
							<PropertyValue Property="Target" AnnotationPath="@UI.FieldGroup#header_left_BQ_FG"/>
						</Record>
						<Record Type="UI.ReferenceFacet">
							<PropertyValue Property="Target" AnnotationPath="@UI.FieldGroup#header_right_FG"/>
						</Record>
						<Record Type="UI.ReferenceFacet">
							<PropertyValue Property="Target" AnnotationPath="@UI.DataPoint#WebTrackingMappingStatus"/>
						</Record>
					</Collection>
				</Annotation>
			</Annotations>
			<Annotations Target="CUAN_WEB_TRACKING_MAPPING_SRV.C_MKT_WebTrackingMappingTPType/WebTrackingMappingDataTable">
				<Annotation Term="Common.ValueList">
					<Record Type="Common.ValueListType">
						<PropertyValue Property="CollectionPath" String="BQDatasetSet"/>
						<PropertyValue Property="Parameters">
							<Collection>
								<Record Type="Common.ValueListParameterInOut">
									<PropertyValue Property="LocalDataProperty" PropertyPath="WebTrackingMappingDataTable"/>
									<PropertyValue Property="ValueListProperty" String="Datasetid"/>
								</Record>
								<Record Type="Common.ValueListParameterDisplayOnly">
									<PropertyValue Property="ValueListProperty" String="Datasetdescription"/>
								</Record>
								<Record Type="Common.ValueListParameterDisplayOnly">
									<PropertyValue Property="ValueListProperty" String="Webpropertyname"/>
								</Record>
								<Record Type="Common.ValueListParameterDisplayOnly">
									<PropertyValue Property="ValueListProperty" String="Viewname"/>
								</Record>
								<Record Type="Common.ValueListParameterIn">
									<PropertyValue Property="LocalDataProperty" PropertyPath="WebTrackingMappingProject"/>
									<PropertyValue Property="ValueListProperty" String="Projectid"/>
								</Record>
							</Collection>
						</PropertyValue>
						<PropertyValue Property="SearchSupported" Bool="true"/>
					</Record>
				</Annotation>
			</Annotations>
			<Annotations Target="CUAN_WEB_TRACKING_MAPPING_SRV.C_MKT_WebTrackingMappingTPType/WebTrackingMappingProject">
				<Annotation Term="Common.ValueList">
					<Record Type="Common.ValueListType">
						<PropertyValue Property="CollectionPath" String="BQProjectSet"/>
						<PropertyValue Property="Parameters">
							<Collection>
								<Record Type="Common.ValueListParameterInOut">
									<PropertyValue Property="LocalDataProperty" PropertyPath="WebTrackingMappingProject"/>
									<PropertyValue Property="ValueListProperty" String="Projectid"/>
								</Record>
								<Record Type="Common.ValueListParameterDisplayOnly">
									<PropertyValue Property="ValueListProperty" String="Projectname"/>
								</Record>
							</Collection>
						</PropertyValue>
						<PropertyValue Property="SearchSupported" Bool="true"/>
					</Record>
				</Annotation>
			</Annotations>
			<Annotations Target="CUAN_WEB_TRACKING_MAPPING_SRV.C_MKT_WebTrckgProdHeaderTPType">
				<Annotation Term="Common.SideEffects" Qualifier="ProposeInteractionField">
					<Record Type="Common.SideEffectsType">
						<PropertyValue Property="SourceEntities">
							<Collection>
								<NavigationPropertyPath>to_WebTrckgRtrvlDimItem</NavigationPropertyPath>
							</Collection>
						</PropertyValue>
						<PropertyValue Property="TargetEntities">
							<Collection>
								<NavigationPropertyPath>to_WebTrckgRtrvlDimItem</NavigationPropertyPath>
							</Collection>
						</PropertyValue>
					</Record>
				</Annotation>
				<Annotation Term="Common.SideEffects" Qualifier="UpdateDimensionCreateEnabled">
					<Record Type="Common.SideEffectsType">
						<PropertyValue Property="SourceEntities">
							<Collection>
								<NavigationPropertyPath>to_WebTrackingMapping/to_WebTrckgComMapping</NavigationPropertyPath>
								<NavigationPropertyPath>to_WebTrckgRtrvlDimItem</NavigationPropertyPath>
							</Collection>
						</PropertyValue>
						<PropertyValue Property="TargetProperties">
							<Collection>
								<PropertyPath>WebTrackingRtrvlItmCrteIsEnbld</PropertyPath>
							</Collection>
						</PropertyValue>
					</Record>
				</Annotation>
				<Annotation Term="Common.SideEffects" Qualifier="UpdateDimMsrCount">
					<Record Type="Common.SideEffectsType">
						<PropertyValue Property="SourceEntities">
							<Collection>
								<NavigationPropertyPath>to_WebTrckgRtrvlDimItem</NavigationPropertyPath>
								<NavigationPropertyPath>to_WebTrckgRtrvlMsrItem</NavigationPropertyPath>
							</Collection>
						</PropertyValue>
						<PropertyValue Property="TargetProperties">
							<Collection>
								<PropertyPath>NmbrOfWebTrckgRtrvlMeasures</PropertyPath>
								<PropertyPath>NmbrOfWebTrckgRtrvlDimn</PropertyPath>
							</Collection>
						</PropertyValue>
					</Record>
				</Annotation>
			</Annotations>
			<Annotations Target="CUAN_WEB_TRACKING_MAPPING_SRV.C_MKT_WebTrckgIntactnHdrTPType">
				<Annotation Term="Common.SideEffects" Qualifier="ProposeInteractionField">
					<Record Type="Common.SideEffectsType">
						<PropertyValue Property="SourceEntities">
							<Collection>
								<NavigationPropertyPath>to_WebTrckgRtrvlDimItem</NavigationPropertyPath>
							</Collection>
						</PropertyValue>
						<PropertyValue Property="TargetEntities">
							<Collection>
								<NavigationPropertyPath>to_WebTrckgRtrvlDimItem</NavigationPropertyPath>
							</Collection>
						</PropertyValue>
					</Record>
				</Annotation>
				<Annotation Term="Common.SideEffects" Qualifier="UpdateDimensionCreateEnabled">
					<Record Type="Common.SideEffectsType">
						<PropertyValue Property="SourceEntities">
							<Collection>
								<NavigationPropertyPath>to_WebTrackingMapping/to_WebTrckgComMapping</NavigationPropertyPath>
								<NavigationPropertyPath>to_WebTrckgRtrvlDimItem</NavigationPropertyPath>
							</Collection>
						</PropertyValue>
						<PropertyValue Property="TargetProperties">
							<Collection>
								<PropertyPath>WebTrackingRtrvlItmCrteIsEnbld</PropertyPath>
							</Collection>
						</PropertyValue>
					</Record>
				</Annotation>
				<Annotation Term="Common.SideEffects" Qualifier="UpdateDimMsrCount">
					<Record Type="Common.SideEffectsType">
						<PropertyValue Property="SourceEntities">
							<Collection>
								<NavigationPropertyPath>to_WebTrckgRtrvlDimItem</NavigationPropertyPath>
								<NavigationPropertyPath>to_WebTrckgRtrvlMsrItem</NavigationPropertyPath>
							</Collection>
						</PropertyValue>
						<PropertyValue Property="TargetProperties">
							<Collection>
								<PropertyPath>NmbrOfWebTrckgRtrvlDimn</PropertyPath>
								<PropertyPath>NmbrOfWebTrckgRtrvlMeasures</PropertyPath>
							</Collection>
						</PropertyValue>
					</Record>
				</Annotation>
			</Annotations>
			<Annotations Target="CUAN_WEB_TRACKING_MAPPING_SRV.CUAN_WEB_TRACKING_MAPPING_SRV_Entities/C_MKT_WebTrackingMappingTPActivate">
				<Annotation Term="Common.SideEffects">
					<Record Type="Common.SideEffectsType">
						<PropertyValue Property="TargetEntities">
							<Collection>
								<NavigationPropertyPath>to_WebTrckgMappgStatus</NavigationPropertyPath>
							</Collection>
						</PropertyValue>
					</Record>
				</Annotation>
			</Annotations>
			<Annotations Target="CUAN_WEB_TRACKING_MAPPING_SRV.CUAN_WEB_TRACKING_MAPPING_SRV_Entities/C_MKT_WebTrackingMappingTPDeactivate">
				<Annotation Term="Common.SideEffects">
					<Record Type="Common.SideEffectsType">
						<PropertyValue Property="TargetEntities">
							<Collection>
								<NavigationPropertyPath>to_WebTrckgMappgStatus</NavigationPropertyPath>
							</Collection>
						</PropertyValue>
					</Record>
				</Annotation>
			</Annotations>
			<Annotations Target="CUAN_WEB_TRACKING_MAPPING_SRV.CUAN_WEB_TRACKING_MAPPING_SRV_Entities/I_DraftAdministrativeData">
				<Annotation Term="Capabilities.FilterRestrictions">
					<Record Type="Capabilities.FilterRestrictionsType">
						<PropertyValue Property="NonFilterableProperties">
							<Collection>
								<PropertyPath>CreationDateTime</PropertyPath>
								<PropertyPath>CreatedByUser</PropertyPath>
								<PropertyPath>LastChangeDateTime</PropertyPath>
								<PropertyPath>LastChangedByUser</PropertyPath>
								<PropertyPath>InProcessByUser</PropertyPath>
							</Collection>
						</PropertyValue>
					</Record>
				</Annotation>
			</Annotations>
			<Annotations Target="CUAN_WEB_TRACKING_MAPPING_SRV.C_MKT_WebTrckgComMappingTPType">
				<Annotation Term="Common.SideEffects" Qualifier="ProposeInteractionField">
					<Record Type="Common.SideEffectsType">
						<PropertyValue Property="SourceProperties">
							<Collection>
								<PropertyPath>WebTrckgMappgExternalField</PropertyPath>
							</Collection>
						</PropertyValue>
						<PropertyValue Property="TargetProperties">
							<Collection>
								<PropertyPath>WebTrckgMappingInternalField</PropertyPath>
							</Collection>
						</PropertyValue>
					</Record>
				</Annotation>
			</Annotations>
			<Annotations Target="CUAN_WEB_TRACKING_MAPPING_SRV.C_MKT_WebTrackingTagItemTPType">
				<Annotation Term="Common.SideEffects">
					<Record Type="Common.SideEffectsType">
						<PropertyValue Property="SourceProperties">
							<Collection>
								<PropertyPath>WebTrckgMappgExternalField</PropertyPath>
							</Collection>
						</PropertyValue>
						<PropertyValue Property="TargetProperties">
							<Collection>
								<PropertyPath>WebTrckgMappingInternalField</PropertyPath>
							</Collection>
						</PropertyValue>
					</Record>
				</Annotation>
			</Annotations>
			<Annotations Target="CUAN_WEB_TRACKING_MAPPING_SRV.C_MKT_WebTrckgIntactnItmTPType">
				<Annotation Term="Common.SideEffects">
					<Record Type="Common.SideEffectsType">
						<PropertyValue Property="SourceProperties">
							<Collection>
								<PropertyPath>WebTrckgMappgExternalField</PropertyPath>
							</Collection>
						</PropertyValue>
						<PropertyValue Property="TargetProperties">
							<Collection>
								<PropertyPath>WebTrckgMappingInternalField</PropertyPath>
							</Collection>
						</PropertyValue>
					</Record>
				</Annotation>
			</Annotations>
			<Annotations Target="CUAN_WEB_TRACKING_MAPPING_SRV.C_MKT_WebTrckgProdItemTPType">
				<Annotation Term="Common.SideEffects">
					<Record Type="Common.SideEffectsType">
						<PropertyValue Property="SourceProperties">
							<Collection>
								<PropertyPath>WebTrckgMappgExternalField</PropertyPath>
							</Collection>
						</PropertyValue>
						<PropertyValue Property="TargetProperties">
							<Collection>
								<PropertyPath>WebTrckgMappingInternalField</PropertyPath>
							</Collection>
						</PropertyValue>
					</Record>
				</Annotation>
			</Annotations>
			<Annotations Target="CUAN_WEB_TRACKING_MAPPING_SRV.C_MKT_WebTrackingTagHeaderTPType">
				<Annotation Term="Common.SideEffects" Qualifier="ProposeInteractionField">
					<Record Type="Common.SideEffectsType">
						<PropertyValue Property="SourceEntities">
							<Collection>
								<NavigationPropertyPath>to_WebTrckgRtrvlDimItem</NavigationPropertyPath>
							</Collection>
						</PropertyValue>
						<PropertyValue Property="TargetEntities">
							<Collection>
								<NavigationPropertyPath>to_WebTrckgRtrvlDimItem</NavigationPropertyPath>
							</Collection>
						</PropertyValue>
					</Record>
				</Annotation>
			</Annotations>
			<Annotations Target="CUAN_WEB_TRACKING_MAPPING_SRV.C_MKT_WebTrckgContactHeaderTPType">
				<Annotation Term="Common.SideEffects" Qualifier="UpdateDimMsrCount">
					<Record Type="Common.SideEffectsType">
						<PropertyValue Property="SourceEntities">
							<Collection>
								<NavigationPropertyPath>to_WebTrckgRtrvlDimItem</NavigationPropertyPath>
								<NavigationPropertyPath>to_WebTrckgRtrvlMsrItem</NavigationPropertyPath>
							</Collection>
						</PropertyValue>
						<PropertyValue Property="TargetProperties">
							<Collection>
								<PropertyPath>NmbrOfWebTrckgRtrvlDimn</PropertyPath>
								<PropertyPath>NmbrOfWebTrckgRtrvlMeasures</PropertyPath>
							</Collection>
						</PropertyValue>
					</Record>
				</Annotation>
				<Annotation Term="Common.SideEffects" Qualifier="UpdateDimensionCreateEnabled">
					<Record Type="Common.SideEffectsType">
						<PropertyValue Property="SourceEntities">
							<Collection>
								<NavigationPropertyPath>to_WebTrckgRtrvlDimItem</NavigationPropertyPath>
							</Collection>
						</PropertyValue>
						<PropertyValue Property="TargetProperties">
							<Collection>
								<PropertyPath>WebTrackingRtrvlItmCrteIsEnbld</PropertyPath>
							</Collection>
						</PropertyValue>
					</Record>
				</Annotation>
			</Annotations>
		</Schema>
	</edmx:DataServices>
</edmx:Edmx>