{
	"welcomeFile": "/webapp/index.html",
	"routes": [{
			"path": "/resources",
			"target": {
				"type": "service",
				"name": "sapui5",
				"entryPath": "/resources"
			},
			"description": "SAPUI5 Resources"
		}, {
			"path": "/test-resources",
			"target": {
				"type": "service",
				"name": "sapui5",
				"entryPath": "/test-resources"
			},
			"description": "SAPUI5 Test Resources"
		}, {
			"path": "vehicleLocatorNode",

			"target": {
				"type": "destination",
				"name": "vehicleLocatorNode"
			},
			"description": "vehicleLocator_node"
		}, {
			"path": "/VehicleLocator_Xsodata",
			"target": {
				"type": "destination",
				"name": "VehicleLocator_Xsodata"
			},
			"description": "vehicle Locator Xsodata"

		}

	],
	"sendWelcomeFileRedirect": true
}