{

	"welcomeFile": "/vehiclelocatorandtrade/index.html",
	"authenticationMethod": "route",
	"logout": {
		"logoutEndpoint": "/do/logout"
	},
	"routes": [{
		"source": "^/vehiclelocatorandtrade/(.*)$",
		"target": "$1",
		"localDir": "webapp"
	}, {
		"source": "/node(.*)",
		"destination": "vehiclelocatorandtrade-node",
		"csrfProtection": false,
		"authenticationType": "xsuaa"
	}, {
		"source": "(.*)(.xsjs)",
		"destination": "vehiclelocatorandtrade-xsjs",
		"csrfProtection": false,
		"authenticationType": "none"
	}, {
		"source": "(.*)(.xsodata)",
		"destination": "vehiclelocatorandtrade-xsjs",
		"authenticationType": "none"
    }, {
		"source": "/xsodata/(.*)",
		"destination": "vehiclelocatorandtrade-xsjs",
		"authenticationType": "none"
	}, {
			"source": "/userDetails(.*)",
			"destination": "vehiclelocatorandtrade-node",
			"csrfProtection": false,
			"authenticationType": "xsuaa"

		}
	]
}

