<edmx:Edmx xmlns:edmx="http://schemas.microsoft.com/ado/2007/06/edmx"
	xmlns:m="http://schemas.microsoft.com/ado/2007/08/dataservices/metadata" xmlns:sap="http://www.sap.com/Protocols/SAPData" Version="1.0">
	<edmx:DataServices m:DataServiceVersion="2.0">
		<Schema xmlns="http://schemas.microsoft.com/ado/2008/09/edm" Namespace="ZE7009_TIME_ENTRY_SRV" xml:lang="en" sap:schema-version="1">
			<EntityType Name="SearchHelpActivity" sap:content-version="1">
				<Key><PropertyRef Name="JobCode"/><PropertyRef Name="Zzact"/></Key><Property Name="JobCode" Type="Edm.String" Nullable="false" MaxLength="10" sap:unicode="false" sap:label="Cost Center" sap:creatable="false"
					sap:updatable="false" sap:sortable="false" sap:filterable="false"/><Property Name="Zzact" Type="Edm.String" Nullable="false" MaxLength="5" sap:unicode="false" sap:label="Actvity Code" sap:creatable="false"
					sap:updatable="false" sap:sortable="false" sap:filterable="false"/><Property Name="EffectiveDate" Type="Edm.String" Nullable="false" MaxLength="10" sap:unicode="false" sap:label="Character Field Length = 10"
					sap:creatable="false" sap:updatable="false" sap:sortable="false" sap:filterable="false"/><Property Name="WorkpkgId" Type="Edm.String" Nullable="false" MaxLength="50" sap:unicode="false" sap:label="Wrk Pkg ID"
					sap:creatable="false" sap:updatable="false" sap:sortable="false" sap:filterable="false"/><Property Name="WorkpkgDesc" Type="Edm.String" Nullable="false" MaxLength="200" sap:unicode="false" sap:label="Wrk Pkg tx"
					sap:creatable="false" sap:updatable="false" sap:sortable="false" sap:filterable="false"/></EntityType>
			<EntityType Name="CrewList" sap:content-version="1">
				<Key><PropertyRef Name="JobCode"/><PropertyRef Name="CrewId"/><PropertyRef Name="EffectiveDate"/></Key><Property Name="JobCode" Type="Edm.String" Nullable="false" MaxLength="10" sap:unicode="false" sap:label="Cost Center" sap:creatable="false"
					sap:updatable="false" sap:sortable="false"/><Property Name="FmPernr" Type="Edm.String" Nullable="false" MaxLength="8" sap:unicode="false" sap:label="Personnel No."
					sap:creatable="false" sap:updatable="false" sap:sortable="false" sap:filterable="false"/><Property Name="Action" Type="Edm.String" Nullable="false" MaxLength="10" sap:unicode="false" sap:label="Character Field Length = 10"
					sap:creatable="false" sap:updatable="false" sap:sortable="false" sap:filterable="false"/><Property Name="FmWerks" Type="Edm.String" Nullable="false" MaxLength="4" sap:unicode="false" sap:label="Personnel area"
					sap:creatable="false" sap:updatable="false" sap:sortable="false" sap:filterable="false"/><Property Name="CrewId" Type="Edm.String" Nullable="false" MaxLength="12" sap:unicode="false" sap:label="Crew ID" sap:creatable="false"
					sap:updatable="false" sap:sortable="false"/><Property Name="FmName" Type="Edm.String" Nullable="false" MaxLength="110" sap:unicode="false" sap:label="Text" sap:creatable="false"
					sap:updatable="false" sap:sortable="false" sap:filterable="false"/><Property Name="Description" Type="Edm.String" Nullable="false" MaxLength="110" sap:unicode="false" sap:label="Text" sap:creatable="false"
					sap:updatable="false" sap:sortable="false" sap:filterable="false"/><Property Name="Status" Type="Edm.String" Nullable="false" MaxLength="2" sap:unicode="false" sap:label="Process status"
					sap:creatable="false" sap:updatable="false" sap:sortable="false" sap:filterable="false"/><Property Name="EffectiveDate" Type="Edm.String" Nullable="false" MaxLength="10" sap:unicode="false" sap:label="Character Field Length = 10"
					sap:creatable="false" sap:updatable="false" sap:sortable="false"/><Property Name="StatusTx" Type="Edm.String" Nullable="false" MaxLength="50" sap:unicode="false" sap:label="c" sap:creatable="false"
					sap:updatable="false" sap:sortable="false" sap:filterable="false"/><Property Name="Shift" Type="Edm.String" Nullable="false" MaxLength="24" sap:unicode="false" sap:label="Shift" sap:creatable="false"
					sap:updatable="false" sap:sortable="false" sap:filterable="false"/><Property Name="ShiftDescription" Type="Edm.String" Nullable="false" MaxLength="110" sap:unicode="false" sap:label="Text"
					sap:creatable="false" sap:updatable="false" sap:sortable="false" sap:filterable="false"/><Property Name="CrewEffectiveDate" Type="Edm.String" Nullable="false" MaxLength="10" sap:unicode="false"
					sap:label="Character Field Length = 10" sap:creatable="false" sap:updatable="false" sap:sortable="false" sap:filterable="false"/><NavigationProperty Name="ToEmpTime" Relationship="ZE7009_TIME_ENTRY_SRV.CrewListToEmpTime" FromRole="FromRole_CrewListToEmpTime"
					ToRole="ToRole_CrewListToEmpTime"/></EntityType>
			<EntityType Name="CrewEmpList" sap:content-version="1">
				<Key><PropertyRef Name="JobCode"/><PropertyRef Name="CrewId"/></Key><Property Name="JobCode" Type="Edm.String" Nullable="false" MaxLength="10" sap:unicode="false" sap:label="Cost Center" sap:creatable="false"
					sap:updatable="false" sap:sortable="false"/><Property Name="CrewId" Type="Edm.String" Nullable="false" MaxLength="12" sap:unicode="false" sap:label="Crew ID" sap:creatable="false"
					sap:updatable="false" sap:sortable="false"/><Property Name="Pernr" Type="Edm.String" Nullable="false" MaxLength="8" sap:unicode="false" sap:label="Personnel No." sap:creatable="false"
					sap:updatable="false" sap:sortable="false" sap:filterable="false"/><Property Name="Ename" Type="Edm.String" Nullable="false" MaxLength="40" sap:unicode="false" sap:label="Empl./appl.name"
					sap:creatable="false" sap:updatable="false" sap:sortable="false" sap:filterable="false"/><Property Name="Description" Type="Edm.String" Nullable="false" MaxLength="110" sap:unicode="false" sap:label="Text" sap:creatable="false"
					sap:updatable="false" sap:sortable="false" sap:filterable="false"/><Property Name="EffectiveDate" Type="Edm.String" Nullable="false" MaxLength="10" sap:unicode="false" sap:label="Character Field Length = 10"
					sap:creatable="false" sap:updatable="false" sap:sortable="false"/><Property Name="Shift" Type="Edm.String" Nullable="false" MaxLength="24" sap:unicode="false" sap:label="Shift" sap:creatable="false"
					sap:updatable="false" sap:sortable="false" sap:filterable="false"/><Property Name="ShiftDescription" Type="Edm.String" Nullable="false" MaxLength="110" sap:unicode="false" sap:label="Text"
					sap:creatable="false" sap:updatable="false" sap:sortable="false" sap:filterable="false"/><Property Name="CrewEffectiveDate" Type="Edm.String" Nullable="false" MaxLength="10" sap:unicode="false"
					sap:label="Character Field Length = 10" sap:creatable="false" sap:updatable="false" sap:sortable="false" sap:filterable="false"/><Property Name="EmpWerks" Type="Edm.String" Nullable="false" MaxLength="4" sap:unicode="false" sap:label="Personnel area"
					sap:creatable="false" sap:updatable="false" sap:sortable="false" sap:filterable="false"/><Property Name="EmpPersk" Type="Edm.String" Nullable="false" MaxLength="2" sap:unicode="false" sap:label="EE subgroup" sap:creatable="false"
					sap:updatable="false" sap:sortable="false" sap:filterable="false"/><Property Name="EmpPersg" Type="Edm.String" Nullable="false" MaxLength="1" sap:unicode="false" sap:label="EE group" sap:creatable="false"
					sap:updatable="false" sap:sortable="false" sap:filterable="false"/><Property Name="EmpZztrfgr" Type="Edm.String" Nullable="false" MaxLength="8" sap:unicode="false" sap:label="Pay Scale Group"
					sap:creatable="false" sap:updatable="false" sap:sortable="false" sap:filterable="false"/><Property Name="EmpZztrfgrTx" Type="Edm.String" Nullable="false" MaxLength="40" sap:unicode="false" sap:label="Class Desc"
					sap:creatable="false" sap:updatable="false" sap:sortable="false" sap:filterable="false"/><Property Name="EmpBecref" Type="Edm.String" Nullable="false" MaxLength="20" sap:unicode="false" sap:label="Person ID" sap:creatable="false"
					sap:updatable="false" sap:sortable="false" sap:filterable="false"/><Property Name="EmpEffectiveDate" Type="Edm.String" Nullable="false" MaxLength="10" sap:unicode="false"
					sap:label="Character Field Length = 10" sap:creatable="false" sap:updatable="false" sap:sortable="false" sap:filterable="false"/><Property Name="TotalHours" Type="Edm.String" Nullable="false" MaxLength="5" sap:unicode="false" sap:label="Hours Text"
					sap:creatable="false" sap:updatable="false" sap:sortable="false" sap:filterable="false"/><Property Name="Hours01" Type="Edm.String" Nullable="false" MaxLength="5" sap:unicode="false" sap:label="Hours Text" sap:creatable="false"
					sap:updatable="false" sap:sortable="false" sap:filterable="false"/><Property Name="Hours02" Type="Edm.String" Nullable="false" MaxLength="5" sap:unicode="false" sap:label="Hours Text" sap:creatable="false"
					sap:updatable="false" sap:sortable="false" sap:filterable="false"/><Property Name="Hours03" Type="Edm.String" Nullable="false" MaxLength="5" sap:unicode="false" sap:label="Hours Text" sap:creatable="false"
					sap:updatable="false" sap:sortable="false" sap:filterable="false"/><Property Name="Hours04" Type="Edm.String" Nullable="false" MaxLength="5" sap:unicode="false" sap:label="Hours Text" sap:creatable="false"
					sap:updatable="false" sap:sortable="false" sap:filterable="false"/><Property Name="Hours05" Type="Edm.String" Nullable="false" MaxLength="5" sap:unicode="false" sap:label="Hours Text" sap:creatable="false"
					sap:updatable="false" sap:sortable="false" sap:filterable="false"/><Property Name="Hours06" Type="Edm.String" Nullable="false" MaxLength="5" sap:unicode="false" sap:label="Hours Text" sap:creatable="false"
					sap:updatable="false" sap:sortable="false" sap:filterable="false"/><Property Name="Hours07" Type="Edm.String" Nullable="false" MaxLength="5" sap:unicode="false" sap:label="Hours Text" sap:creatable="false"
					sap:updatable="false" sap:sortable="false" sap:filterable="false"/><Property Name="Hours08" Type="Edm.String" Nullable="false" MaxLength="5" sap:unicode="false" sap:label="Hours Text" sap:creatable="false"
					sap:updatable="false" sap:sortable="false" sap:filterable="false"/><Property Name="Hours09" Type="Edm.String" Nullable="false" MaxLength="5" sap:unicode="false" sap:label="Hours Text" sap:creatable="false"
					sap:updatable="false" sap:sortable="false" sap:filterable="false"/><Property Name="Hours10" Type="Edm.String" Nullable="false" MaxLength="5" sap:unicode="false" sap:label="Hours Text" sap:creatable="false"
					sap:updatable="false" sap:sortable="false" sap:filterable="false"/><Property Name="Hours11" Type="Edm.String" Nullable="false" MaxLength="5" sap:unicode="false" sap:label="Hours Text" sap:creatable="false"
					sap:updatable="false" sap:sortable="false" sap:filterable="false"/><Property Name="Hours12" Type="Edm.String" Nullable="false" MaxLength="5" sap:unicode="false" sap:label="Hours Text" sap:creatable="false"
					sap:updatable="false" sap:sortable="false" sap:filterable="false"/><Property Name="Hours13" Type="Edm.String" Nullable="false" MaxLength="5" sap:unicode="false" sap:label="Hours Text" sap:creatable="false"
					sap:updatable="false" sap:sortable="false" sap:filterable="false"/><Property Name="Hours14" Type="Edm.String" Nullable="false" MaxLength="5" sap:unicode="false" sap:label="Hours Text" sap:creatable="false"
					sap:updatable="false" sap:sortable="false" sap:filterable="false"/><Property Name="Hours15" Type="Edm.String" Nullable="false" MaxLength="5" sap:unicode="false" sap:label="Hours Text" sap:creatable="false"
					sap:updatable="false" sap:sortable="false" sap:filterable="false"/><Property Name="ParentId" Type="Edm.String" Nullable="false" MaxLength="8" sap:unicode="false" sap:label="Personnel No."
					sap:creatable="false" sap:updatable="false" sap:sortable="false" sap:filterable="false"/><NavigationProperty Name="ToEmpTime" Relationship="ZE7009_TIME_ENTRY_SRV.CrewEmpToEmpTime" FromRole="FromRole_CrewEmpToEmpTime"
					ToRole="ToRole_CrewEmpToEmpTime"/></EntityType>
			<EntityType Name="EmpTime" sap:content-version="1">
				<Key><PropertyRef Name="JobCode"/><PropertyRef Name="CrewId"/><PropertyRef Name="Pernr"/><PropertyRef Name="Workdate"/><PropertyRef Name="Zzcst"/><PropertyRef Name="Zzptjcd"/><PropertyRef Name="Zzssc"/><PropertyRef Name="Zzact"/><PropertyRef Name="Class"/><PropertyRef Name="Trfst"/><PropertyRef Name="Prakn"/><PropertyRef Name="Prakz"/></Key><Property Name="JobCode" Type="Edm.String" Nullable="false" MaxLength="10" sap:unicode="false" sap:label="Cost Center" sap:creatable="false"
					sap:updatable="false" sap:sortable="false"/><Property Name="CrewId" Type="Edm.String" Nullable="false" MaxLength="12" sap:unicode="false" sap:label="Crew ID" sap:creatable="false"
					sap:updatable="false" sap:sortable="false"/><Property Name="Pernr" Type="Edm.String" Nullable="false" MaxLength="8" sap:unicode="false" sap:label="Personnel No." sap:creatable="false"
					sap:updatable="false" sap:sortable="false"/><Property Name="Workdate" Type="Edm.String" Nullable="false" MaxLength="10" sap:unicode="false" sap:label="Character Field Length = 10"
					sap:creatable="false" sap:updatable="false" sap:sortable="false" sap:filterable="false"/><Property Name="Costcode" Type="Edm.String" Nullable="false" MaxLength="50" sap:unicode="false" sap:label="Explanation"
					sap:creatable="false" sap:updatable="false" sap:sortable="false" sap:filterable="false"/><Property Name="CostcodeTx" Type="Edm.String" Nullable="false" MaxLength="110" sap:unicode="false" sap:label="Text" sap:creatable="false"
					sap:updatable="false" sap:sortable="false" sap:filterable="false"/><Property Name="Zzcst" Type="Edm.String" Nullable="false" MaxLength="24" sap:unicode="false" sap:label="Cost Code" sap:creatable="false"
					sap:updatable="false" sap:sortable="false" sap:filterable="false"/><Property Name="Zzptjcd" Type="Edm.String" Nullable="false" MaxLength="5" sap:unicode="false" sap:label="Job/Sub-Job Code"
					sap:creatable="false" sap:updatable="false" sap:sortable="false" sap:filterable="false"/><Property Name="Zzssc" Type="Edm.String" Nullable="false" MaxLength="3" sap:unicode="false" sap:label="Sub-Sub Code" sap:creatable="false"
					sap:updatable="false" sap:sortable="false" sap:filterable="false"/><Property Name="Zzact" Type="Edm.String" Nullable="false" MaxLength="5" sap:unicode="false" sap:label="Actvity Code" sap:creatable="false"
					sap:updatable="false" sap:sortable="false" sap:filterable="false"/><Property Name="ZzactEditable" Type="Edm.String" Nullable="false" MaxLength="1" sap:unicode="false" sap:label="Boolean"
					sap:creatable="false" sap:updatable="false" sap:sortable="false" sap:filterable="false"/><Property Name="Class" Type="Edm.String" Nullable="false" MaxLength="8" sap:unicode="false" sap:label="Pay Scale Group"
					sap:creatable="false" sap:updatable="false" sap:sortable="false" sap:filterable="false"/><Property Name="ClassEditable" Type="Edm.String" Nullable="false" MaxLength="1" sap:unicode="false" sap:label="Boolean"
					sap:creatable="false" sap:updatable="false" sap:sortable="false" sap:filterable="false"/><Property Name="ClassTx" Type="Edm.String" Nullable="false" MaxLength="40" sap:unicode="false" sap:label="Class Desc" sap:creatable="false"
					sap:updatable="false" sap:sortable="false" sap:filterable="false"/><Property Name="Trfst" Type="Edm.String" Nullable="false" MaxLength="2" sap:unicode="false" sap:label="PS level" sap:creatable="false"
					sap:updatable="false" sap:sortable="false" sap:filterable="false"/><Property Name="Prakn" Type="Edm.String" Nullable="false" MaxLength="2" sap:unicode="false" sap:label="Premium no." sap:creatable="false"
					sap:updatable="false" sap:sortable="false" sap:filterable="false"/><Property Name="Prakz" Type="Edm.String" Nullable="false" MaxLength="4" sap:unicode="false" sap:label="Premium ID" sap:creatable="false"
					sap:updatable="false" sap:sortable="false" sap:filterable="false"/><Property Name="TotalHours" Type="Edm.String" Nullable="false" MaxLength="5" sap:unicode="false" sap:label="Hours Text"
					sap:creatable="false" sap:updatable="false" sap:sortable="false" sap:filterable="false"/><Property Name="Hours01" Type="Edm.String" Nullable="false" MaxLength="5" sap:unicode="false" sap:label="Hours Text" sap:creatable="false"
					sap:updatable="false" sap:sortable="false" sap:filterable="false"/><Property Name="Hours02" Type="Edm.String" Nullable="false" MaxLength="5" sap:unicode="false" sap:label="Hours Text" sap:creatable="false"
					sap:updatable="false" sap:sortable="false" sap:filterable="false"/><Property Name="Hours03" Type="Edm.String" Nullable="false" MaxLength="5" sap:unicode="false" sap:label="Hours Text" sap:creatable="false"
					sap:updatable="false" sap:sortable="false" sap:filterable="false"/><Property Name="Hours04" Type="Edm.String" Nullable="false" MaxLength="5" sap:unicode="false" sap:label="Hours Text" sap:creatable="false"
					sap:updatable="false" sap:sortable="false" sap:filterable="false"/><Property Name="Hours05" Type="Edm.String" Nullable="false" MaxLength="5" sap:unicode="false" sap:label="Hours Text" sap:creatable="false"
					sap:updatable="false" sap:sortable="false" sap:filterable="false"/><Property Name="Hours06" Type="Edm.String" Nullable="false" MaxLength="5" sap:unicode="false" sap:label="Hours Text" sap:creatable="false"
					sap:updatable="false" sap:sortable="false" sap:filterable="false"/><Property Name="Hours07" Type="Edm.String" Nullable="false" MaxLength="5" sap:unicode="false" sap:label="Hours Text" sap:creatable="false"
					sap:updatable="false" sap:sortable="false" sap:filterable="false"/><Property Name="Hours08" Type="Edm.String" Nullable="false" MaxLength="5" sap:unicode="false" sap:label="Hours Text" sap:creatable="false"
					sap:updatable="false" sap:sortable="false" sap:filterable="false"/><Property Name="Hours09" Type="Edm.String" Nullable="false" MaxLength="5" sap:unicode="false" sap:label="Hours Text" sap:creatable="false"
					sap:updatable="false" sap:sortable="false" sap:filterable="false"/><Property Name="Hours10" Type="Edm.String" Nullable="false" MaxLength="5" sap:unicode="false" sap:label="Hours Text" sap:creatable="false"
					sap:updatable="false" sap:sortable="false" sap:filterable="false"/><Property Name="Hours11" Type="Edm.String" Nullable="false" MaxLength="5" sap:unicode="false" sap:label="Hours Text" sap:creatable="false"
					sap:updatable="false" sap:sortable="false" sap:filterable="false"/><Property Name="Hours12" Type="Edm.String" Nullable="false" MaxLength="5" sap:unicode="false" sap:label="Hours Text" sap:creatable="false"
					sap:updatable="false" sap:sortable="false" sap:filterable="false"/><Property Name="Hours13" Type="Edm.String" Nullable="false" MaxLength="5" sap:unicode="false" sap:label="Hours Text" sap:creatable="false"
					sap:updatable="false" sap:sortable="false" sap:filterable="false"/><Property Name="Hours14" Type="Edm.String" Nullable="false" MaxLength="5" sap:unicode="false" sap:label="Hours Text" sap:creatable="false"
					sap:updatable="false" sap:sortable="false" sap:filterable="false"/><Property Name="Hours15" Type="Edm.String" Nullable="false" MaxLength="5" sap:unicode="false" sap:label="Hours Text" sap:creatable="false"
					sap:updatable="false" sap:sortable="false" sap:filterable="false"/><Property Name="Qnty01" Type="Edm.String" Nullable="false" MaxLength="1" sap:unicode="false" sap:label="Boolean" sap:creatable="false"
					sap:updatable="false" sap:sortable="false" sap:filterable="false"/><Property Name="Qnty02" Type="Edm.String" Nullable="false" MaxLength="1" sap:unicode="false" sap:label="Boolean" sap:creatable="false"
					sap:updatable="false" sap:sortable="false" sap:filterable="false"/><Property Name="Qnty03" Type="Edm.String" Nullable="false" MaxLength="1" sap:unicode="false" sap:label="Boolean" sap:creatable="false"
					sap:updatable="false" sap:sortable="false" sap:filterable="false"/><Property Name="Qnty04" Type="Edm.String" Nullable="false" MaxLength="1" sap:unicode="false" sap:label="Boolean" sap:creatable="false"
					sap:updatable="false" sap:sortable="false" sap:filterable="false"/><Property Name="Qnty05" Type="Edm.String" Nullable="false" MaxLength="1" sap:unicode="false" sap:label="Boolean" sap:creatable="false"
					sap:updatable="false" sap:sortable="false" sap:filterable="false"/><Property Name="Qnty06" Type="Edm.String" Nullable="false" MaxLength="1" sap:unicode="false" sap:label="Boolean" sap:creatable="false"
					sap:updatable="false" sap:sortable="false" sap:filterable="false"/><Property Name="Qnty07" Type="Edm.String" Nullable="false" MaxLength="1" sap:unicode="false" sap:label="Boolean" sap:creatable="false"
					sap:updatable="false" sap:sortable="false" sap:filterable="false"/><Property Name="Qnty08" Type="Edm.String" Nullable="false" MaxLength="1" sap:unicode="false" sap:label="Boolean" sap:creatable="false"
					sap:updatable="false" sap:sortable="false" sap:filterable="false"/><Property Name="Qnty09" Type="Edm.String" Nullable="false" MaxLength="1" sap:unicode="false" sap:label="Boolean" sap:creatable="false"
					sap:updatable="false" sap:sortable="false" sap:filterable="false"/><Property Name="Qnty10" Type="Edm.String" Nullable="false" MaxLength="1" sap:unicode="false" sap:label="Boolean" sap:creatable="false"
					sap:updatable="false" sap:sortable="false" sap:filterable="false"/><Property Name="HoursCounter01" Type="Edm.String" Nullable="false" MaxLength="12" sap:unicode="false" sap:label="Counter"
					sap:creatable="false" sap:updatable="false" sap:sortable="false" sap:filterable="false"/><Property Name="HoursCounter02" Type="Edm.String" Nullable="false" MaxLength="12" sap:unicode="false" sap:label="Counter"
					sap:creatable="false" sap:updatable="false" sap:sortable="false" sap:filterable="false"/><Property Name="HoursCounter03" Type="Edm.String" Nullable="false" MaxLength="12" sap:unicode="false" sap:label="Counter"
					sap:creatable="false" sap:updatable="false" sap:sortable="false" sap:filterable="false"/><Property Name="HoursCounter04" Type="Edm.String" Nullable="false" MaxLength="12" sap:unicode="false" sap:label="Counter"
					sap:creatable="false" sap:updatable="false" sap:sortable="false" sap:filterable="false"/><Property Name="HoursCounter05" Type="Edm.String" Nullable="false" MaxLength="12" sap:unicode="false" sap:label="Counter"
					sap:creatable="false" sap:updatable="false" sap:sortable="false" sap:filterable="false"/><Property Name="HoursCounter06" Type="Edm.String" Nullable="false" MaxLength="12" sap:unicode="false" sap:label="Counter"
					sap:creatable="false" sap:updatable="false" sap:sortable="false" sap:filterable="false"/><Property Name="HoursCounter07" Type="Edm.String" Nullable="false" MaxLength="12" sap:unicode="false" sap:label="Counter"
					sap:creatable="false" sap:updatable="false" sap:sortable="false" sap:filterable="false"/><Property Name="HoursCounter08" Type="Edm.String" Nullable="false" MaxLength="12" sap:unicode="false" sap:label="Counter"
					sap:creatable="false" sap:updatable="false" sap:sortable="false" sap:filterable="false"/><Property Name="HoursCounter09" Type="Edm.String" Nullable="false" MaxLength="12" sap:unicode="false" sap:label="Counter"
					sap:creatable="false" sap:updatable="false" sap:sortable="false" sap:filterable="false"/><Property Name="HoursCounter10" Type="Edm.String" Nullable="false" MaxLength="12" sap:unicode="false" sap:label="Counter"
					sap:creatable="false" sap:updatable="false" sap:sortable="false" sap:filterable="false"/><Property Name="HoursCounter11" Type="Edm.String" Nullable="false" MaxLength="12" sap:unicode="false" sap:label="Counter"
					sap:creatable="false" sap:updatable="false" sap:sortable="false" sap:filterable="false"/><Property Name="HoursCounter12" Type="Edm.String" Nullable="false" MaxLength="12" sap:unicode="false" sap:label="Counter"
					sap:creatable="false" sap:updatable="false" sap:sortable="false" sap:filterable="false"/><Property Name="HoursCounter13" Type="Edm.String" Nullable="false" MaxLength="12" sap:unicode="false" sap:label="Counter"
					sap:creatable="false" sap:updatable="false" sap:sortable="false" sap:filterable="false"/><Property Name="HoursCounter14" Type="Edm.String" Nullable="false" MaxLength="12" sap:unicode="false" sap:label="Counter"
					sap:creatable="false" sap:updatable="false" sap:sortable="false" sap:filterable="false"/><Property Name="HoursCounter15" Type="Edm.String" Nullable="false" MaxLength="12" sap:unicode="false" sap:label="Counter"
					sap:creatable="false" sap:updatable="false" sap:sortable="false" sap:filterable="false"/><Property Name="QntyCounter01" Type="Edm.String" Nullable="false" MaxLength="12" sap:unicode="false" sap:label="Counter"
					sap:creatable="false" sap:updatable="false" sap:sortable="false" sap:filterable="false"/><Property Name="QntyCounter02" Type="Edm.String" Nullable="false" MaxLength="12" sap:unicode="false" sap:label="Counter"
					sap:creatable="false" sap:updatable="false" sap:sortable="false" sap:filterable="false"/><Property Name="QntyCounter03" Type="Edm.String" Nullable="false" MaxLength="12" sap:unicode="false" sap:label="Counter"
					sap:creatable="false" sap:updatable="false" sap:sortable="false" sap:filterable="false"/><Property Name="QntyCounter04" Type="Edm.String" Nullable="false" MaxLength="12" sap:unicode="false" sap:label="Counter"
					sap:creatable="false" sap:updatable="false" sap:sortable="false" sap:filterable="false"/><Property Name="QntyCounter05" Type="Edm.String" Nullable="false" MaxLength="12" sap:unicode="false" sap:label="Counter"
					sap:creatable="false" sap:updatable="false" sap:sortable="false" sap:filterable="false"/><Property Name="QntyCounter06" Type="Edm.String" Nullable="false" MaxLength="12" sap:unicode="false" sap:label="Counter"
					sap:creatable="false" sap:updatable="false" sap:sortable="false" sap:filterable="false"/><Property Name="QntyCounter07" Type="Edm.String" Nullable="false" MaxLength="12" sap:unicode="false" sap:label="Counter"
					sap:creatable="false" sap:updatable="false" sap:sortable="false" sap:filterable="false"/><Property Name="QntyCounter08" Type="Edm.String" Nullable="false" MaxLength="12" sap:unicode="false" sap:label="Counter"
					sap:creatable="false" sap:updatable="false" sap:sortable="false" sap:filterable="false"/><Property Name="QntyCounter09" Type="Edm.String" Nullable="false" MaxLength="12" sap:unicode="false" sap:label="Counter"
					sap:creatable="false" sap:updatable="false" sap:sortable="false" sap:filterable="false"/><Property Name="QntyCounter10" Type="Edm.String" Nullable="false" MaxLength="12" sap:unicode="false" sap:label="Counter"
					sap:creatable="false" sap:updatable="false" sap:sortable="false" sap:filterable="false"/><Property Name="HoursRefcount01" Type="Edm.String" Nullable="false" MaxLength="12" sap:unicode="false" sap:label="Counter"
					sap:creatable="false" sap:updatable="false" sap:sortable="false" sap:filterable="false"/><Property Name="HoursRefcount02" Type="Edm.String" Nullable="false" MaxLength="12" sap:unicode="false" sap:label="Counter"
					sap:creatable="false" sap:updatable="false" sap:sortable="false" sap:filterable="false"/><Property Name="HoursRefcount03" Type="Edm.String" Nullable="false" MaxLength="12" sap:unicode="false" sap:label="Counter"
					sap:creatable="false" sap:updatable="false" sap:sortable="false" sap:filterable="false"/><Property Name="HoursRefcount04" Type="Edm.String" Nullable="false" MaxLength="12" sap:unicode="false" sap:label="Counter"
					sap:creatable="false" sap:updatable="false" sap:sortable="false" sap:filterable="false"/><Property Name="HoursRefcount05" Type="Edm.String" Nullable="false" MaxLength="12" sap:unicode="false" sap:label="Counter"
					sap:creatable="false" sap:updatable="false" sap:sortable="false" sap:filterable="false"/><Property Name="HoursRefcount06" Type="Edm.String" Nullable="false" MaxLength="12" sap:unicode="false" sap:label="Counter"
					sap:creatable="false" sap:updatable="false" sap:sortable="false" sap:filterable="false"/><Property Name="HoursRefcount07" Type="Edm.String" Nullable="false" MaxLength="12" sap:unicode="false" sap:label="Counter"
					sap:creatable="false" sap:updatable="false" sap:sortable="false" sap:filterable="false"/><Property Name="HoursRefcount08" Type="Edm.String" Nullable="false" MaxLength="12" sap:unicode="false" sap:label="Counter"
					sap:creatable="false" sap:updatable="false" sap:sortable="false" sap:filterable="false"/><Property Name="HoursRefcount09" Type="Edm.String" Nullable="false" MaxLength="12" sap:unicode="false" sap:label="Counter"
					sap:creatable="false" sap:updatable="false" sap:sortable="false" sap:filterable="false"/><Property Name="HoursRefcount10" Type="Edm.String" Nullable="false" MaxLength="12" sap:unicode="false" sap:label="Counter"
					sap:creatable="false" sap:updatable="false" sap:sortable="false" sap:filterable="false"/><Property Name="HoursRefcount11" Type="Edm.String" Nullable="false" MaxLength="12" sap:unicode="false" sap:label="Counter"
					sap:creatable="false" sap:updatable="false" sap:sortable="false" sap:filterable="false"/><Property Name="HoursRefcount12" Type="Edm.String" Nullable="false" MaxLength="12" sap:unicode="false" sap:label="Counter"
					sap:creatable="false" sap:updatable="false" sap:sortable="false" sap:filterable="false"/><Property Name="HoursRefcount13" Type="Edm.String" Nullable="false" MaxLength="12" sap:unicode="false" sap:label="Counter"
					sap:creatable="false" sap:updatable="false" sap:sortable="false" sap:filterable="false"/><Property Name="HoursRefcount14" Type="Edm.String" Nullable="false" MaxLength="12" sap:unicode="false" sap:label="Counter"
					sap:creatable="false" sap:updatable="false" sap:sortable="false" sap:filterable="false"/><Property Name="HoursRefcount15" Type="Edm.String" Nullable="false" MaxLength="12" sap:unicode="false" sap:label="Counter"
					sap:creatable="false" sap:updatable="false" sap:sortable="false" sap:filterable="false"/><Property Name="QntyRefcount01" Type="Edm.String" Nullable="false" MaxLength="12" sap:unicode="false" sap:label="Counter"
					sap:creatable="false" sap:updatable="false" sap:sortable="false" sap:filterable="false"/><Property Name="QntyRefcount02" Type="Edm.String" Nullable="false" MaxLength="12" sap:unicode="false" sap:label="Counter"
					sap:creatable="false" sap:updatable="false" sap:sortable="false" sap:filterable="false"/><Property Name="QntyRefcount03" Type="Edm.String" Nullable="false" MaxLength="12" sap:unicode="false" sap:label="Counter"
					sap:creatable="false" sap:updatable="false" sap:sortable="false" sap:filterable="false"/><Property Name="QntyRefcount04" Type="Edm.String" Nullable="false" MaxLength="12" sap:unicode="false" sap:label="Counter"
					sap:creatable="false" sap:updatable="false" sap:sortable="false" sap:filterable="false"/><Property Name="QntyRefcount05" Type="Edm.String" Nullable="false" MaxLength="12" sap:unicode="false" sap:label="Counter"
					sap:creatable="false" sap:updatable="false" sap:sortable="false" sap:filterable="false"/><Property Name="QntyRefcount06" Type="Edm.String" Nullable="false" MaxLength="12" sap:unicode="false" sap:label="Counter"
					sap:creatable="false" sap:updatable="false" sap:sortable="false" sap:filterable="false"/><Property Name="QntyRefcount07" Type="Edm.String" Nullable="false" MaxLength="12" sap:unicode="false" sap:label="Counter"
					sap:creatable="false" sap:updatable="false" sap:sortable="false" sap:filterable="false"/><Property Name="QntyRefcount08" Type="Edm.String" Nullable="false" MaxLength="12" sap:unicode="false" sap:label="Counter"
					sap:creatable="false" sap:updatable="false" sap:sortable="false" sap:filterable="false"/><Property Name="QntyRefcount09" Type="Edm.String" Nullable="false" MaxLength="12" sap:unicode="false" sap:label="Counter"
					sap:creatable="false" sap:updatable="false" sap:sortable="false" sap:filterable="false"/><Property Name="QntyRefcount10" Type="Edm.String" Nullable="false" MaxLength="12" sap:unicode="false" sap:label="Counter"
					sap:creatable="false" sap:updatable="false" sap:sortable="false" sap:filterable="false"/><Property Name="HoursEditable01" Type="Edm.String" Nullable="false" MaxLength="1" sap:unicode="false" sap:label="Boolean"
					sap:creatable="false" sap:updatable="false" sap:sortable="false" sap:filterable="false"/><Property Name="HoursEditable02" Type="Edm.String" Nullable="false" MaxLength="1" sap:unicode="false" sap:label="Boolean"
					sap:creatable="false" sap:updatable="false" sap:sortable="false" sap:filterable="false"/><Property Name="HoursEditable03" Type="Edm.String" Nullable="false" MaxLength="1" sap:unicode="false" sap:label="Boolean"
					sap:creatable="false" sap:updatable="false" sap:sortable="false" sap:filterable="false"/><Property Name="HoursEditable04" Type="Edm.String" Nullable="false" MaxLength="1" sap:unicode="false" sap:label="Boolean"
					sap:creatable="false" sap:updatable="false" sap:sortable="false" sap:filterable="false"/><Property Name="HoursEditable05" Type="Edm.String" Nullable="false" MaxLength="1" sap:unicode="false" sap:label="Boolean"
					sap:creatable="false" sap:updatable="false" sap:sortable="false" sap:filterable="false"/><Property Name="HoursEditable06" Type="Edm.String" Nullable="false" MaxLength="1" sap:unicode="false" sap:label="Boolean"
					sap:creatable="false" sap:updatable="false" sap:sortable="false" sap:filterable="false"/><Property Name="HoursEditable07" Type="Edm.String" Nullable="false" MaxLength="1" sap:unicode="false" sap:label="Boolean"
					sap:creatable="false" sap:updatable="false" sap:sortable="false" sap:filterable="false"/><Property Name="HoursEditable08" Type="Edm.String" Nullable="false" MaxLength="1" sap:unicode="false" sap:label="Boolean"
					sap:creatable="false" sap:updatable="false" sap:sortable="false" sap:filterable="false"/><Property Name="HoursEditable09" Type="Edm.String" Nullable="false" MaxLength="1" sap:unicode="false" sap:label="Boolean"
					sap:creatable="false" sap:updatable="false" sap:sortable="false" sap:filterable="false"/><Property Name="HoursEditable10" Type="Edm.String" Nullable="false" MaxLength="1" sap:unicode="false" sap:label="Boolean"
					sap:creatable="false" sap:updatable="false" sap:sortable="false" sap:filterable="false"/><Property Name="HoursEditable11" Type="Edm.String" Nullable="false" MaxLength="1" sap:unicode="false" sap:label="Boolean"
					sap:creatable="false" sap:updatable="false" sap:sortable="false" sap:filterable="false"/><Property Name="HoursEditable12" Type="Edm.String" Nullable="false" MaxLength="1" sap:unicode="false" sap:label="Boolean"
					sap:creatable="false" sap:updatable="false" sap:sortable="false" sap:filterable="false"/><Property Name="HoursEditable13" Type="Edm.String" Nullable="false" MaxLength="1" sap:unicode="false" sap:label="Boolean"
					sap:creatable="false" sap:updatable="false" sap:sortable="false" sap:filterable="false"/><Property Name="HoursEditable14" Type="Edm.String" Nullable="false" MaxLength="1" sap:unicode="false" sap:label="Boolean"
					sap:creatable="false" sap:updatable="false" sap:sortable="false" sap:filterable="false"/><Property Name="HoursEditable15" Type="Edm.String" Nullable="false" MaxLength="1" sap:unicode="false" sap:label="Boolean"
					sap:creatable="false" sap:updatable="false" sap:sortable="false" sap:filterable="false"/><Property Name="QntyEditable01" Type="Edm.String" Nullable="false" MaxLength="1" sap:unicode="false" sap:label="Boolean"
					sap:creatable="false" sap:updatable="false" sap:sortable="false" sap:filterable="false"/><Property Name="QntyEditable02" Type="Edm.String" Nullable="false" MaxLength="1" sap:unicode="false" sap:label="Boolean"
					sap:creatable="false" sap:updatable="false" sap:sortable="false" sap:filterable="false"/><Property Name="QntyEditable03" Type="Edm.String" Nullable="false" MaxLength="1" sap:unicode="false" sap:label="Boolean"
					sap:creatable="false" sap:updatable="false" sap:sortable="false" sap:filterable="false"/><Property Name="QntyEditable04" Type="Edm.String" Nullable="false" MaxLength="1" sap:unicode="false" sap:label="Boolean"
					sap:creatable="false" sap:updatable="false" sap:sortable="false" sap:filterable="false"/><Property Name="QntyEditable05" Type="Edm.String" Nullable="false" MaxLength="1" sap:unicode="false" sap:label="Boolean"
					sap:creatable="false" sap:updatable="false" sap:sortable="false" sap:filterable="false"/><Property Name="QntyEditable06" Type="Edm.String" Nullable="false" MaxLength="1" sap:unicode="false" sap:label="Boolean"
					sap:creatable="false" sap:updatable="false" sap:sortable="false" sap:filterable="false"/><Property Name="QntyEditable07" Type="Edm.String" Nullable="false" MaxLength="1" sap:unicode="false" sap:label="Boolean"
					sap:creatable="false" sap:updatable="false" sap:sortable="false" sap:filterable="false"/><Property Name="QntyEditable08" Type="Edm.String" Nullable="false" MaxLength="1" sap:unicode="false" sap:label="Boolean"
					sap:creatable="false" sap:updatable="false" sap:sortable="false" sap:filterable="false"/><Property Name="QntyEditable09" Type="Edm.String" Nullable="false" MaxLength="1" sap:unicode="false" sap:label="Boolean"
					sap:creatable="false" sap:updatable="false" sap:sortable="false" sap:filterable="false"/><Property Name="QntyEditable10" Type="Edm.String" Nullable="false" MaxLength="1" sap:unicode="false" sap:label="Boolean"
					sap:creatable="false" sap:updatable="false" sap:sortable="false" sap:filterable="false"/><Property Name="DeleteFlag" Type="Edm.String" Nullable="false" MaxLength="1" sap:unicode="false" sap:label="Boolean" sap:creatable="false"
					sap:updatable="false" sap:sortable="false" sap:filterable="false"/><Property Name="ParentId" Type="Edm.String" Nullable="false" MaxLength="8" sap:unicode="false" sap:label="Personnel No."
					sap:creatable="false" sap:updatable="false" sap:sortable="false" sap:filterable="false"/></EntityType>
			<EntityType Name="TimeHeader" sap:content-version="1">
				<Key><PropertyRef Name="JobCode"/><PropertyRef Name="CrewId"/><PropertyRef Name="EffectiveDate"/></Key><Property Name="JobCode" Type="Edm.String" Nullable="false" MaxLength="10" sap:unicode="false" sap:label="Cost Center" sap:creatable="false"
					sap:updatable="false" sap:sortable="false"/><Property Name="CrewId" Type="Edm.String" Nullable="false" MaxLength="12" sap:unicode="false" sap:label="Crew ID" sap:creatable="false"
					sap:updatable="false" sap:sortable="false"/><Property Name="EffectiveDate" Type="Edm.String" Nullable="false" MaxLength="10" sap:unicode="false" sap:label="Character Field Length = 10"
					sap:creatable="false" sap:updatable="false" sap:sortable="false"/><Property Name="Workdate" Type="Edm.DateTime" Nullable="false" Precision="7" sap:unicode="false" sap:label="Date" sap:creatable="false"
					sap:updatable="false" sap:sortable="false" sap:filterable="false"/><Property Name="Zzcst" Type="Edm.String" Nullable="false" MaxLength="24" sap:unicode="false" sap:label="Cost Code" sap:creatable="false"
					sap:updatable="false" sap:sortable="false" sap:filterable="false"/><Property Name="ZzcstTx" Type="Edm.String" Nullable="false" MaxLength="110" sap:unicode="false" sap:label="Text" sap:creatable="false"
					sap:updatable="false" sap:sortable="false" sap:filterable="false"/><Property Name="Zzact" Type="Edm.String" Nullable="false" MaxLength="5" sap:unicode="false" sap:label="Actvity Code" sap:creatable="false"
					sap:updatable="false" sap:sortable="false" sap:filterable="false"/><Property Name="Class" Type="Edm.String" Nullable="false" MaxLength="8" sap:unicode="false" sap:label="Pay Scale Group"
					sap:creatable="false" sap:updatable="false" sap:sortable="false" sap:filterable="false"/><Property Name="ClassTx" Type="Edm.String" Nullable="false" MaxLength="40" sap:unicode="false" sap:label="Class Desc" sap:creatable="false"
					sap:updatable="false" sap:sortable="false" sap:filterable="false"/><Property Name="TotalHours" Type="Edm.String" Nullable="false" MaxLength="10" sap:unicode="false" sap:label="Text" sap:creatable="false"
					sap:updatable="false" sap:sortable="false" sap:filterable="false"/><Property Name="LgartType01" Type="Edm.String" Nullable="false" MaxLength="3" sap:unicode="false"
					sap:label="Type of Wage Type for Validation" sap:creatable="false" sap:updatable="false" sap:sortable="false" sap:filterable="false"/><Property Name="LgartType02" Type="Edm.String" Nullable="false" MaxLength="3" sap:unicode="false"
					sap:label="Type of Wage Type for Validation" sap:creatable="false" sap:updatable="false" sap:sortable="false" sap:filterable="false"/><Property Name="LgartType03" Type="Edm.String" Nullable="false" MaxLength="3" sap:unicode="false"
					sap:label="Type of Wage Type for Validation" sap:creatable="false" sap:updatable="false" sap:sortable="false" sap:filterable="false"/><Property Name="LgartType04" Type="Edm.String" Nullable="false" MaxLength="3" sap:unicode="false"
					sap:label="Type of Wage Type for Validation" sap:creatable="false" sap:updatable="false" sap:sortable="false" sap:filterable="false"/><Property Name="LgartType05" Type="Edm.String" Nullable="false" MaxLength="3" sap:unicode="false"
					sap:label="Type of Wage Type for Validation" sap:creatable="false" sap:updatable="false" sap:sortable="false" sap:filterable="false"/><Property Name="LgartType06" Type="Edm.String" Nullable="false" MaxLength="3" sap:unicode="false"
					sap:label="Type of Wage Type for Validation" sap:creatable="false" sap:updatable="false" sap:sortable="false" sap:filterable="false"/><Property Name="LgartType07" Type="Edm.String" Nullable="false" MaxLength="3" sap:unicode="false"
					sap:label="Type of Wage Type for Validation" sap:creatable="false" sap:updatable="false" sap:sortable="false" sap:filterable="false"/><Property Name="LgartType08" Type="Edm.String" Nullable="false" MaxLength="3" sap:unicode="false"
					sap:label="Type of Wage Type for Validation" sap:creatable="false" sap:updatable="false" sap:sortable="false" sap:filterable="false"/><Property Name="LgartType09" Type="Edm.String" Nullable="false" MaxLength="3" sap:unicode="false"
					sap:label="Type of Wage Type for Validation" sap:creatable="false" sap:updatable="false" sap:sortable="false" sap:filterable="false"/><Property Name="LgartType10" Type="Edm.String" Nullable="false" MaxLength="3" sap:unicode="false"
					sap:label="Type of Wage Type for Validation" sap:creatable="false" sap:updatable="false" sap:sortable="false" sap:filterable="false"/><Property Name="LgartType11" Type="Edm.String" Nullable="false" MaxLength="3" sap:unicode="false"
					sap:label="Type of Wage Type for Validation" sap:creatable="false" sap:updatable="false" sap:sortable="false" sap:filterable="false"/><Property Name="LgartType12" Type="Edm.String" Nullable="false" MaxLength="3" sap:unicode="false"
					sap:label="Type of Wage Type for Validation" sap:creatable="false" sap:updatable="false" sap:sortable="false" sap:filterable="false"/><Property Name="LgartType13" Type="Edm.String" Nullable="false" MaxLength="3" sap:unicode="false"
					sap:label="Type of Wage Type for Validation" sap:creatable="false" sap:updatable="false" sap:sortable="false" sap:filterable="false"/><Property Name="LgartType14" Type="Edm.String" Nullable="false" MaxLength="3" sap:unicode="false"
					sap:label="Type of Wage Type for Validation" sap:creatable="false" sap:updatable="false" sap:sortable="false" sap:filterable="false"/><Property Name="LgartType15" Type="Edm.String" Nullable="false" MaxLength="3" sap:unicode="false"
					sap:label="Type of Wage Type for Validation" sap:creatable="false" sap:updatable="false" sap:sortable="false" sap:filterable="false"/><Property Name="PdLgartType01" Type="Edm.String" Nullable="false" MaxLength="3" sap:unicode="false"
					sap:label="Type of Wage Type for Validation" sap:creatable="false" sap:updatable="false" sap:sortable="false" sap:filterable="false"/><Property Name="PdLgartType02" Type="Edm.String" Nullable="false" MaxLength="3" sap:unicode="false"
					sap:label="Type of Wage Type for Validation" sap:creatable="false" sap:updatable="false" sap:sortable="false" sap:filterable="false"/><Property Name="PdLgartType03" Type="Edm.String" Nullable="false" MaxLength="3" sap:unicode="false"
					sap:label="Type of Wage Type for Validation" sap:creatable="false" sap:updatable="false" sap:sortable="false" sap:filterable="false"/><Property Name="PdLgartType04" Type="Edm.String" Nullable="false" MaxLength="3" sap:unicode="false"
					sap:label="Type of Wage Type for Validation" sap:creatable="false" sap:updatable="false" sap:sortable="false" sap:filterable="false"/><Property Name="PdLgartType05" Type="Edm.String" Nullable="false" MaxLength="3" sap:unicode="false"
					sap:label="Type of Wage Type for Validation" sap:creatable="false" sap:updatable="false" sap:sortable="false" sap:filterable="false"/><Property Name="PdLgartType06" Type="Edm.String" Nullable="false" MaxLength="3" sap:unicode="false"
					sap:label="Type of Wage Type for Validation" sap:creatable="false" sap:updatable="false" sap:sortable="false" sap:filterable="false"/><Property Name="PdLgartType07" Type="Edm.String" Nullable="false" MaxLength="3" sap:unicode="false"
					sap:label="Type of Wage Type for Validation" sap:creatable="false" sap:updatable="false" sap:sortable="false" sap:filterable="false"/><Property Name="PdLgartType08" Type="Edm.String" Nullable="false" MaxLength="3" sap:unicode="false"
					sap:label="Type of Wage Type for Validation" sap:creatable="false" sap:updatable="false" sap:sortable="false" sap:filterable="false"/><Property Name="PdLgartType09" Type="Edm.String" Nullable="false" MaxLength="3" sap:unicode="false"
					sap:label="Type of Wage Type for Validation" sap:creatable="false" sap:updatable="false" sap:sortable="false" sap:filterable="false"/><Property Name="PdLgartType10" Type="Edm.String" Nullable="false" MaxLength="3" sap:unicode="false"
					sap:label="Type of Wage Type for Validation" sap:creatable="false" sap:updatable="false" sap:sortable="false" sap:filterable="false"/><Property Name="LgartType01Visible" Type="Edm.String" Nullable="false" MaxLength="1" sap:unicode="false" sap:label="Boolean"
					sap:creatable="false" sap:updatable="false" sap:sortable="false" sap:filterable="false"/><Property Name="LgartType02Visible" Type="Edm.String" Nullable="false" MaxLength="1" sap:unicode="false" sap:label="Boolean"
					sap:creatable="false" sap:updatable="false" sap:sortable="false" sap:filterable="false"/><Property Name="LgartType03Visible" Type="Edm.String" Nullable="false" MaxLength="1" sap:unicode="false" sap:label="Boolean"
					sap:creatable="false" sap:updatable="false" sap:sortable="false" sap:filterable="false"/><Property Name="LgartType04Visible" Type="Edm.String" Nullable="false" MaxLength="1" sap:unicode="false" sap:label="Boolean"
					sap:creatable="false" sap:updatable="false" sap:sortable="false" sap:filterable="false"/><Property Name="LgartType05Visible" Type="Edm.String" Nullable="false" MaxLength="1" sap:unicode="false" sap:label="Boolean"
					sap:creatable="false" sap:updatable="false" sap:sortable="false" sap:filterable="false"/><Property Name="LgartType06Visible" Type="Edm.String" Nullable="false" MaxLength="1" sap:unicode="false" sap:label="Boolean"
					sap:creatable="false" sap:updatable="false" sap:sortable="false" sap:filterable="false"/><Property Name="LgartType07Visible" Type="Edm.String" Nullable="false" MaxLength="1" sap:unicode="false" sap:label="Boolean"
					sap:creatable="false" sap:updatable="false" sap:sortable="false" sap:filterable="false"/><Property Name="LgartType08Visible" Type="Edm.String" Nullable="false" MaxLength="1" sap:unicode="false" sap:label="Boolean"
					sap:creatable="false" sap:updatable="false" sap:sortable="false" sap:filterable="false"/><Property Name="LgartType09Visible" Type="Edm.String" Nullable="false" MaxLength="1" sap:unicode="false" sap:label="Boolean"
					sap:creatable="false" sap:updatable="false" sap:sortable="false" sap:filterable="false"/><Property Name="LgartType10Visible" Type="Edm.String" Nullable="false" MaxLength="1" sap:unicode="false" sap:label="Boolean"
					sap:creatable="false" sap:updatable="false" sap:sortable="false" sap:filterable="false"/><Property Name="LgartType11Visible" Type="Edm.String" Nullable="false" MaxLength="1" sap:unicode="false" sap:label="Boolean"
					sap:creatable="false" sap:updatable="false" sap:sortable="false" sap:filterable="false"/><Property Name="LgartType12Visible" Type="Edm.String" Nullable="false" MaxLength="1" sap:unicode="false" sap:label="Boolean"
					sap:creatable="false" sap:updatable="false" sap:sortable="false" sap:filterable="false"/><Property Name="LgartType13Visible" Type="Edm.String" Nullable="false" MaxLength="1" sap:unicode="false" sap:label="Boolean"
					sap:creatable="false" sap:updatable="false" sap:sortable="false" sap:filterable="false"/><Property Name="LgartType14Visible" Type="Edm.String" Nullable="false" MaxLength="1" sap:unicode="false" sap:label="Boolean"
					sap:creatable="false" sap:updatable="false" sap:sortable="false" sap:filterable="false"/><Property Name="LgartType15Visible" Type="Edm.String" Nullable="false" MaxLength="1" sap:unicode="false" sap:label="Boolean"
					sap:creatable="false" sap:updatable="false" sap:sortable="false" sap:filterable="false"/><Property Name="PdLgartType01Visible" Type="Edm.String" Nullable="false" MaxLength="1" sap:unicode="false" sap:label="Boolean"
					sap:creatable="false" sap:updatable="false" sap:sortable="false" sap:filterable="false"/><Property Name="PdLgartType02Visible" Type="Edm.String" Nullable="false" MaxLength="1" sap:unicode="false" sap:label="Boolean"
					sap:creatable="false" sap:updatable="false" sap:sortable="false" sap:filterable="false"/><Property Name="PdLgartType03Visible" Type="Edm.String" Nullable="false" MaxLength="1" sap:unicode="false" sap:label="Boolean"
					sap:creatable="false" sap:updatable="false" sap:sortable="false" sap:filterable="false"/><Property Name="PdLgartType04Visible" Type="Edm.String" Nullable="false" MaxLength="1" sap:unicode="false" sap:label="Boolean"
					sap:creatable="false" sap:updatable="false" sap:sortable="false" sap:filterable="false"/><Property Name="PdLgartType05Visible" Type="Edm.String" Nullable="false" MaxLength="1" sap:unicode="false" sap:label="Boolean"
					sap:creatable="false" sap:updatable="false" sap:sortable="false" sap:filterable="false"/><Property Name="PdLgartType06Visible" Type="Edm.String" Nullable="false" MaxLength="1" sap:unicode="false" sap:label="Boolean"
					sap:creatable="false" sap:updatable="false" sap:sortable="false" sap:filterable="false"/><Property Name="PdLgartType07Visible" Type="Edm.String" Nullable="false" MaxLength="1" sap:unicode="false" sap:label="Boolean"
					sap:creatable="false" sap:updatable="false" sap:sortable="false" sap:filterable="false"/><Property Name="PdLgartType08Visible" Type="Edm.String" Nullable="false" MaxLength="1" sap:unicode="false" sap:label="Boolean"
					sap:creatable="false" sap:updatable="false" sap:sortable="false" sap:filterable="false"/><Property Name="PdLgartType09Visible" Type="Edm.String" Nullable="false" MaxLength="1" sap:unicode="false" sap:label="Boolean"
					sap:creatable="false" sap:updatable="false" sap:sortable="false" sap:filterable="false"/><Property Name="PdLgartType10Visible" Type="Edm.String" Nullable="false" MaxLength="1" sap:unicode="false" sap:label="Boolean"
					sap:creatable="false" sap:updatable="false" sap:sortable="false" sap:filterable="false"/></EntityType>
			<EntityType Name="SearchHelpCostCode" sap:content-version="1">
				<Key><PropertyRef Name="Zzcst"/><PropertyRef Name="Zzptjcd"/><PropertyRef Name="Zzssc"/><PropertyRef Name="Entity"/></Key><Property Name="JobCode" Type="Edm.String" Nullable="false" MaxLength="10" sap:unicode="false" sap:label="Cost Center" sap:creatable="false"
					sap:updatable="false" sap:sortable="false"/><Property Name="CrewId" Type="Edm.String" Nullable="false" MaxLength="12" sap:unicode="false" sap:label="Crew ID" sap:creatable="false"
					sap:updatable="false" sap:sortable="false"/><Property Name="EffectiveDate" Type="Edm.String" Nullable="false" MaxLength="10" sap:unicode="false" sap:label="Character Field Length = 10"
					sap:creatable="false" sap:updatable="false" sap:sortable="false"/><Property Name="Costcode" Type="Edm.String" Nullable="false" MaxLength="50" sap:unicode="false" sap:label="Explanation"
					sap:creatable="false" sap:updatable="false" sap:sortable="false" sap:filterable="false"/><Property Name="CostcodeTx" Type="Edm.String" Nullable="false" MaxLength="110" sap:unicode="false" sap:label="Text" sap:creatable="false"
					sap:updatable="false" sap:sortable="false" sap:filterable="false"/><Property Name="Zzcst" Type="Edm.String" Nullable="false" MaxLength="24" sap:unicode="false" sap:label="Cost Code" sap:creatable="false"
					sap:updatable="false" sap:sortable="false" sap:filterable="false"/><Property Name="Zzptjcd" Type="Edm.String" Nullable="false" MaxLength="5" sap:unicode="false" sap:label="Job/Sub-Job Code"
					sap:creatable="false" sap:updatable="false" sap:sortable="false" sap:filterable="false"/><Property Name="Zzssc" Type="Edm.String" Nullable="false" MaxLength="3" sap:unicode="false" sap:label="Sub-Sub Code" sap:creatable="false"
					sap:updatable="false" sap:sortable="false" sap:filterable="false"/><Property Name="Entity" Type="Edm.String" Nullable="false" MaxLength="2" sap:unicode="false" sap:label="Entity" sap:creatable="false"
					sap:updatable="false" sap:sortable="false" sap:filterable="false"/><Property Name="ClassEditable" Type="Edm.String" Nullable="false" MaxLength="1" sap:unicode="false" sap:label="Boolean"
					sap:creatable="false" sap:updatable="false" sap:sortable="false" sap:filterable="false"/><Property Name="ZzactEditable" Type="Edm.String" Nullable="false" MaxLength="1" sap:unicode="false" sap:label="Boolean"
					sap:creatable="false" sap:updatable="false" sap:sortable="false" sap:filterable="false"/><Property Name="HoursEditable01" Type="Edm.String" Nullable="false" MaxLength="1" sap:unicode="false" sap:label="Boolean"
					sap:creatable="false" sap:updatable="false" sap:sortable="false" sap:filterable="false"/><Property Name="HoursEditable02" Type="Edm.String" Nullable="false" MaxLength="1" sap:unicode="false" sap:label="Boolean"
					sap:creatable="false" sap:updatable="false" sap:sortable="false" sap:filterable="false"/><Property Name="HoursEditable03" Type="Edm.String" Nullable="false" MaxLength="1" sap:unicode="false" sap:label="Boolean"
					sap:creatable="false" sap:updatable="false" sap:sortable="false" sap:filterable="false"/><Property Name="HoursEditable04" Type="Edm.String" Nullable="false" MaxLength="1" sap:unicode="false" sap:label="Boolean"
					sap:creatable="false" sap:updatable="false" sap:sortable="false" sap:filterable="false"/><Property Name="HoursEditable05" Type="Edm.String" Nullable="false" MaxLength="1" sap:unicode="false" sap:label="Boolean"
					sap:creatable="false" sap:updatable="false" sap:sortable="false" sap:filterable="false"/><Property Name="HoursEditable06" Type="Edm.String" Nullable="false" MaxLength="1" sap:unicode="false" sap:label="Boolean"
					sap:creatable="false" sap:updatable="false" sap:sortable="false" sap:filterable="false"/><Property Name="HoursEditable07" Type="Edm.String" Nullable="false" MaxLength="1" sap:unicode="false" sap:label="Boolean"
					sap:creatable="false" sap:updatable="false" sap:sortable="false" sap:filterable="false"/><Property Name="HoursEditable08" Type="Edm.String" Nullable="false" MaxLength="1" sap:unicode="false" sap:label="Boolean"
					sap:creatable="false" sap:updatable="false" sap:sortable="false" sap:filterable="false"/><Property Name="HoursEditable09" Type="Edm.String" Nullable="false" MaxLength="1" sap:unicode="false" sap:label="Boolean"
					sap:creatable="false" sap:updatable="false" sap:sortable="false" sap:filterable="false"/><Property Name="HoursEditable10" Type="Edm.String" Nullable="false" MaxLength="1" sap:unicode="false" sap:label="Boolean"
					sap:creatable="false" sap:updatable="false" sap:sortable="false" sap:filterable="false"/><Property Name="HoursEditable11" Type="Edm.String" Nullable="false" MaxLength="1" sap:unicode="false" sap:label="Boolean"
					sap:creatable="false" sap:updatable="false" sap:sortable="false" sap:filterable="false"/><Property Name="HoursEditable12" Type="Edm.String" Nullable="false" MaxLength="1" sap:unicode="false" sap:label="Boolean"
					sap:creatable="false" sap:updatable="false" sap:sortable="false" sap:filterable="false"/><Property Name="HoursEditable13" Type="Edm.String" Nullable="false" MaxLength="1" sap:unicode="false" sap:label="Boolean"
					sap:creatable="false" sap:updatable="false" sap:sortable="false" sap:filterable="false"/><Property Name="HoursEditable14" Type="Edm.String" Nullable="false" MaxLength="1" sap:unicode="false" sap:label="Boolean"
					sap:creatable="false" sap:updatable="false" sap:sortable="false" sap:filterable="false"/><Property Name="HoursEditable15" Type="Edm.String" Nullable="false" MaxLength="1" sap:unicode="false" sap:label="Boolean"
					sap:creatable="false" sap:updatable="false" sap:sortable="false" sap:filterable="false"/><Property Name="QntyEditable01" Type="Edm.String" Nullable="false" MaxLength="1" sap:unicode="false" sap:label="Boolean"
					sap:creatable="false" sap:updatable="false" sap:sortable="false" sap:filterable="false"/><Property Name="QntyEditable02" Type="Edm.String" Nullable="false" MaxLength="1" sap:unicode="false" sap:label="Boolean"
					sap:creatable="false" sap:updatable="false" sap:sortable="false" sap:filterable="false"/><Property Name="QntyEditable03" Type="Edm.String" Nullable="false" MaxLength="1" sap:unicode="false" sap:label="Boolean"
					sap:creatable="false" sap:updatable="false" sap:sortable="false" sap:filterable="false"/><Property Name="QntyEditable04" Type="Edm.String" Nullable="false" MaxLength="1" sap:unicode="false" sap:label="Boolean"
					sap:creatable="false" sap:updatable="false" sap:sortable="false" sap:filterable="false"/><Property Name="QntyEditable05" Type="Edm.String" Nullable="false" MaxLength="1" sap:unicode="false" sap:label="Boolean"
					sap:creatable="false" sap:updatable="false" sap:sortable="false" sap:filterable="false"/><Property Name="QntyEditable06" Type="Edm.String" Nullable="false" MaxLength="1" sap:unicode="false" sap:label="Boolean"
					sap:creatable="false" sap:updatable="false" sap:sortable="false" sap:filterable="false"/><Property Name="QntyEditable07" Type="Edm.String" Nullable="false" MaxLength="1" sap:unicode="false" sap:label="Boolean"
					sap:creatable="false" sap:updatable="false" sap:sortable="false" sap:filterable="false"/><Property Name="QntyEditable08" Type="Edm.String" Nullable="false" MaxLength="1" sap:unicode="false" sap:label="Boolean"
					sap:creatable="false" sap:updatable="false" sap:sortable="false" sap:filterable="false"/><Property Name="QntyEditable09" Type="Edm.String" Nullable="false" MaxLength="1" sap:unicode="false" sap:label="Boolean"
					sap:creatable="false" sap:updatable="false" sap:sortable="false" sap:filterable="false"/><Property Name="QntyEditable10" Type="Edm.String" Nullable="false" MaxLength="1" sap:unicode="false" sap:label="Boolean"
					sap:creatable="false" sap:updatable="false" sap:sortable="false" sap:filterable="false"/></EntityType>
			<EntityType Name="SearchHelpClass" sap:content-version="1">
				<Key><PropertyRef Name="Werks"/><PropertyRef Name="Persg"/><PropertyRef Name="Persk"/><PropertyRef Name="Trfgr"/></Key><Property Name="Werks" Type="Edm.String" Nullable="false" MaxLength="4" sap:unicode="false" sap:label="Personnel area" sap:creatable="false"
					sap:updatable="false" sap:sortable="false"/><Property Name="Persg" Type="Edm.String" Nullable="false" MaxLength="1" sap:unicode="false" sap:label="EE group" sap:creatable="false"
					sap:updatable="false" sap:sortable="false"/><Property Name="Persk" Type="Edm.String" Nullable="false" MaxLength="2" sap:unicode="false" sap:label="EE subgroup" sap:creatable="false"
					sap:updatable="false" sap:sortable="false"/><Property Name="Trfgr" Type="Edm.String" Nullable="false" MaxLength="8" sap:unicode="false" sap:label="Pay Scale Group"
					sap:creatable="false" sap:updatable="false" sap:sortable="false" sap:filterable="false"/><Property Name="ClassDesc" Type="Edm.String" Nullable="false" MaxLength="40" sap:unicode="false" sap:label="Class Desc"
					sap:creatable="false" sap:updatable="false" sap:sortable="false" sap:filterable="false"/></EntityType>
			<EntityType Name="TimeAccess" sap:content-version="1">
				<Key><PropertyRef Name="EffectiveDate"/></Key><Property Name="EffectiveDate" Type="Edm.String" Nullable="false" MaxLength="10" sap:unicode="false" sap:label="Character Field Length = 10"
					sap:creatable="false" sap:updatable="false" sap:sortable="false"/><Property Name="TimeEntry" Type="Edm.String" Nullable="false" MaxLength="1" sap:unicode="false" sap:label="Boolean" sap:creatable="false"
					sap:updatable="false" sap:sortable="false" sap:filterable="false"/><Property Name="TimeAppr" Type="Edm.String" Nullable="false" MaxLength="1" sap:unicode="false" sap:label="Boolean" sap:creatable="false"
					sap:updatable="false" sap:sortable="false" sap:filterable="false"/></EntityType>
			<Association Name="CrewEmpToEmpTime" sap:content-version="1"><End Type="ZE7009_TIME_ENTRY_SRV.CrewEmpList" Multiplicity="0..1" Role="FromRole_CrewEmpToEmpTime"/><End Type="ZE7009_TIME_ENTRY_SRV.EmpTime" Multiplicity="*" Role="ToRole_CrewEmpToEmpTime"/>
				<ReferentialConstraint>
					<Principal Role="FromRole_CrewEmpToEmpTime"><PropertyRef Name="CrewId"/><PropertyRef Name="JobCode"/></Principal>
					<Dependent Role="ToRole_CrewEmpToEmpTime"><PropertyRef Name="CrewId"/><PropertyRef Name="JobCode"/></Dependent>
				</ReferentialConstraint>
			</Association>
			<Association Name="CrewListToEmpTime" sap:content-version="1"><End Type="ZE7009_TIME_ENTRY_SRV.CrewList" Multiplicity="1" Role="FromRole_CrewListToEmpTime"/><End Type="ZE7009_TIME_ENTRY_SRV.EmpTime" Multiplicity="*" Role="ToRole_CrewListToEmpTime"/>
				<ReferentialConstraint>
					<Principal Role="FromRole_CrewListToEmpTime"><PropertyRef Name="EffectiveDate"/><PropertyRef Name="CrewId"/><PropertyRef Name="JobCode"/></Principal>
					<Dependent Role="ToRole_CrewListToEmpTime"><PropertyRef Name="Workdate"/><PropertyRef Name="CrewId"/><PropertyRef Name="JobCode"/></Dependent>
				</ReferentialConstraint>
			</Association>
			<EntityContainer Name="ZE7009_TIME_ENTRY_SRV_Entities" m:IsDefaultEntityContainer="true" sap:supported-formats="atom json xlsx"><EntitySet Name="SearchHelpActivitySet" EntityType="ZE7009_TIME_ENTRY_SRV.SearchHelpActivity" sap:creatable="false" sap:updatable="false"
				sap:deletable="false" sap:pageable="false" sap:content-version="1"/><EntitySet Name="CrewListSet" EntityType="ZE7009_TIME_ENTRY_SRV.CrewList" sap:creatable="false" sap:updatable="false" sap:deletable="false"
				sap:pageable="false" sap:content-version="1"/><EntitySet Name="CrewEmpListSet" EntityType="ZE7009_TIME_ENTRY_SRV.CrewEmpList" sap:creatable="false" sap:updatable="false"
				sap:deletable="false" sap:pageable="false" sap:content-version="1"/><EntitySet Name="EmpTimeSet" EntityType="ZE7009_TIME_ENTRY_SRV.EmpTime" sap:creatable="false" sap:updatable="false" sap:deletable="false"
				sap:pageable="false" sap:content-version="1"/><EntitySet Name="TimeHeaderSet" EntityType="ZE7009_TIME_ENTRY_SRV.TimeHeader" sap:creatable="false" sap:updatable="false"
				sap:deletable="false" sap:pageable="false" sap:content-version="1"/><EntitySet Name="SearchHelpCostCodeSet" EntityType="ZE7009_TIME_ENTRY_SRV.SearchHelpCostCode" sap:creatable="false" sap:updatable="false"
				sap:deletable="false" sap:pageable="false" sap:content-version="1"/><EntitySet Name="SearchHelpClassSet" EntityType="ZE7009_TIME_ENTRY_SRV.SearchHelpClass" sap:creatable="false" sap:updatable="false"
				sap:deletable="false" sap:pageable="false" sap:content-version="1"/><EntitySet Name="TimeAccessSet" EntityType="ZE7009_TIME_ENTRY_SRV.TimeAccess" sap:creatable="false" sap:updatable="false"
				sap:deletable="false" sap:pageable="false" sap:content-version="1"/>
				<AssociationSet Name="CrewListToEmpTimeSet" Association="ZE7009_TIME_ENTRY_SRV.CrewListToEmpTime" sap:creatable="false"
					sap:updatable="false" sap:deletable="false" sap:content-version="1"><End EntitySet="CrewListSet" Role="FromRole_CrewListToEmpTime"/><End EntitySet="EmpTimeSet" Role="ToRole_CrewListToEmpTime"/></AssociationSet>
				<AssociationSet Name="CrewEmpToEmpTimeSet" Association="ZE7009_TIME_ENTRY_SRV.CrewEmpToEmpTime" sap:creatable="false" sap:updatable="false"
					sap:deletable="false" sap:content-version="1"><End EntitySet="CrewEmpListSet" Role="FromRole_CrewEmpToEmpTime"/><End EntitySet="EmpTimeSet" Role="ToRole_CrewEmpToEmpTime"/></AssociationSet>
			</EntityContainer><atom:link xmlns:atom="http://www.w3.org/2005/Atom" rel="self" href="./sap/ZE7009_TIME_ENTRY_SRV/$metadata"/><atom:link xmlns:atom="http://www.w3.org/2005/Atom" rel="latest-version" href="./sap/ZE7009_TIME_ENTRY_SRV/$metadata"/></Schema>
	</edmx:DataServices>
</edmx:Edmx>