<edmx:Edmx xmlns:edmx="http://schemas.microsoft.com/ado/2007/06/edmx"
	xmlns:m="http://schemas.microsoft.com/ado/2007/08/dataservices/metadata" xmlns:sap="http://www.sap.com/Protocols/SAPData" Version="1.0">
	<edmx:DataServices m:DataServiceVersion="2.0">
		<Schema xmlns="http://schemas.microsoft.com/ado/2008/09/edm" Namespace="YMM_PR_FIORI_LOG_STATUS_SRV" xml:lang="en" sap:schema-version="1">
			<EntityType Name="ymm_fiori_set" sap:content-version="1">
				<Key><PropertyRef Name="Prnumber"/></Key><Property Name="Prnumber" Type="Edm.String" Nullable="false" MaxLength="10" sap:unicode="false" sap:label="Purchase Req."
					sap:creatable="false" sap:updatable="false" sap:sortable="false" sap:filterable="false"/><Property Name="Pritem" Type="Edm.String" Nullable="false" MaxLength="5" sap:unicode="false" sap:label="Requisn. item" sap:creatable="false"
					sap:updatable="false" sap:sortable="false" sap:filterable="false"/><Property Name="Plant" Type="Edm.String" Nullable="false" MaxLength="4" sap:unicode="false" sap:label="Plant" sap:creatable="false"
					sap:updatable="false" sap:sortable="false" sap:filterable="false"/><Property Name="Expensetype" Type="Edm.String" Nullable="false" MaxLength="50" sap:unicode="false" sap:label="c" sap:creatable="false"
					sap:updatable="false" sap:sortable="false" sap:filterable="false"/><Property Name="Itemtype" Type="Edm.String" Nullable="false" MaxLength="50" sap:unicode="false" sap:label="c" sap:creatable="false"
					sap:updatable="false" sap:sortable="false" sap:filterable="false"/><Property Name="Qty" Type="Edm.Decimal" Nullable="false" Precision="13" Scale="3" sap:unicode="false" sap:label="Quantity"
					sap:creatable="false" sap:updatable="false" sap:sortable="false" sap:filterable="false"/><Property Name="Price" Type="Edm.Decimal" Nullable="false" Precision="28" Scale="9" sap:unicode="false" sap:label="Currency amount"
					sap:creatable="false" sap:updatable="false" sap:sortable="false" sap:filterable="false"/><Property Name="Currency" Type="Edm.String" Nullable="false" MaxLength="5" sap:unicode="false" sap:label="Currency" sap:creatable="false"
					sap:updatable="false" sap:sortable="false" sap:filterable="false" sap:semantics="currency-code"/><Property Name="Netvalue" Type="Edm.Decimal" Nullable="false" Precision="28" Scale="9" sap:unicode="false" sap:label="Currency amount"
					sap:creatable="false" sap:updatable="false" sap:sortable="false" sap:filterable="false"/><Property Name="Costcenter" Type="Edm.String" Nullable="false" MaxLength="10" sap:unicode="false" sap:label="Cost Center"
					sap:creatable="false" sap:updatable="false" sap:sortable="false" sap:filterable="false"/><Property Name="Wbselement" Type="Edm.String" Nullable="false" MaxLength="24" sap:unicode="false" sap:label="WBS element"
					sap:creatable="false" sap:updatable="false" sap:sortable="false" sap:filterable="false"/><Property Name="Buname" Type="Edm.String" Nullable="false" MaxLength="20" sap:unicode="false" sap:label="Business Unit Descri"
					sap:creatable="false" sap:updatable="false" sap:sortable="false" sap:filterable="false"/><Property Name="Createdby" Type="Edm.String" Nullable="false" MaxLength="12" sap:unicode="false" sap:label="Created By"
					sap:creatable="false" sap:updatable="false" sap:sortable="false" sap:filterable="false"/><Property Name="Createddate" Type="Edm.DateTime" Precision="7" sap:unicode="false" sap:label="Created on" sap:creatable="false"
					sap:updatable="false" sap:sortable="false" sap:filterable="false"/><Property Name="Reqcategory" Type="Edm.String" Nullable="false" MaxLength="30" sap:unicode="false" sap:label="30 Characters"
					sap:creatable="false" sap:updatable="false" sap:sortable="false" sap:filterable="false"/><Property Name="Status" Type="Edm.String" Nullable="false" MaxLength="30" sap:unicode="false" sap:label="30 Characters"
					sap:creatable="false" sap:updatable="false" sap:sortable="false" sap:filterable="false"/><Property Name="Actionby" Type="Edm.String" Nullable="false" MaxLength="12" sap:unicode="false" sap:label="Created By" sap:creatable="false"
					sap:updatable="false" sap:sortable="false" sap:filterable="false"/><Property Name="Actiondate" Type="Edm.DateTime" Precision="7" sap:unicode="false" sap:label="Created on" sap:creatable="false"
					sap:updatable="false" sap:sortable="false" sap:filterable="false"/><Property Name="Buyernote" Type="Edm.String" Nullable="false" MaxLength="40" sap:unicode="false" sap:label="Char" sap:creatable="false"
					sap:updatable="false" sap:sortable="false" sap:filterable="false"/><Property Name="Buyerremarks" Type="Edm.String" Nullable="false" MaxLength="140" sap:unicode="false" sap:label="CHAR140"
					sap:creatable="false" sap:updatable="false" sap:sortable="false" sap:filterable="false"/><Property Name="ItNonitStatus" Type="Edm.String" Nullable="false" MaxLength="30" sap:unicode="false" sap:label="30 Characters"
					sap:creatable="false" sap:updatable="false" sap:sortable="false" sap:filterable="false"/><Property Name="ItNonitActionDate" Type="Edm.DateTime" Precision="7" sap:unicode="false" sap:label="Created on" sap:creatable="false"
					sap:updatable="false" sap:sortable="false" sap:filterable="false"/><Property Name="ItNonitActionBy" Type="Edm.String" Nullable="false" MaxLength="12" sap:unicode="false" sap:label="Created By"
					sap:creatable="false" sap:updatable="false" sap:sortable="false" sap:filterable="false"/><Property Name="ItNonitNote" Type="Edm.String" Nullable="false" MaxLength="40" sap:unicode="false" sap:label="Char" sap:creatable="false"
					sap:updatable="false" sap:sortable="false" sap:filterable="false"/><Property Name="ItNonitRemarks" Type="Edm.String" Nullable="false" MaxLength="140" sap:unicode="false" sap:label="CHAR140"
					sap:creatable="false" sap:updatable="false" sap:sortable="false" sap:filterable="false"/><Property Name="ReqMgrStatus" Type="Edm.String" Nullable="false" MaxLength="30" sap:unicode="false" sap:label="30 Characters"
					sap:creatable="false" sap:updatable="false" sap:sortable="false" sap:filterable="false"/><Property Name="ReqMgrActionBy" Type="Edm.String" Nullable="false" MaxLength="12" sap:unicode="false" sap:label="Created By"
					sap:creatable="false" sap:updatable="false" sap:sortable="false" sap:filterable="false"/><Property Name="ReqMgrActionDate" Type="Edm.DateTime" Precision="7" sap:unicode="false" sap:label="Created on" sap:creatable="false"
					sap:updatable="false" sap:sortable="false" sap:filterable="false"/><Property Name="ReqMgrActionNote" Type="Edm.String" Nullable="false" MaxLength="40" sap:unicode="false" sap:label="Char"
					sap:creatable="false" sap:updatable="false" sap:sortable="false" sap:filterable="false"/><Property Name="ReqMgrActionRemarks" Type="Edm.String" Nullable="false" MaxLength="140" sap:unicode="false" sap:label="CHAR140"
					sap:creatable="false" sap:updatable="false" sap:sortable="false" sap:filterable="false"/></EntityType>
			<EntityType Name="ymm_eban_header" sap:content-version="1">
				<Key><PropertyRef Name="banfn"/></Key><Property Name="banfn" Type="Edm.String" Nullable="false" sap:unicode="false" sap:creatable="false" sap:updatable="false"
					sap:sortable="false" sap:filterable="false"/><Property Name="bnfpo" Type="Edm.String" Nullable="false" sap:unicode="false" sap:creatable="false" sap:updatable="false"
					sap:sortable="false" sap:filterable="false"/><NavigationProperty Name="ymm_head_item_assoc_set" Relationship="YMM_PR_FIORI_LOG_STATUS_SRV.ymm_head_item_association"
					FromRole="FromRole_ymm_head_item_association" ToRole="ToRole_ymm_head_item_association"/></EntityType>
			<Association Name="ymm_head_item_association" sap:content-version="1"><End Type="YMM_PR_FIORI_LOG_STATUS_SRV.ymm_eban_header" Multiplicity="1" Role="FromRole_ymm_head_item_association"/><End Type="YMM_PR_FIORI_LOG_STATUS_SRV.ymm_fiori_set" Multiplicity="*" Role="ToRole_ymm_head_item_association"/>
				<ReferentialConstraint>
					<Principal Role="FromRole_ymm_head_item_association"><PropertyRef Name="banfn"/></Principal>
					<Dependent Role="ToRole_ymm_head_item_association"><PropertyRef Name="Prnumber"/></Dependent>
				</ReferentialConstraint>
			</Association>
			<EntityContainer Name="YMM_PR_FIORI_LOG_STATUS_SRV_Entities" m:IsDefaultEntityContainer="true" sap:supported-formats="atom json xlsx"><EntitySet Name="ymm_fiori_setSet" EntityType="YMM_PR_FIORI_LOG_STATUS_SRV.ymm_fiori_set" sap:creatable="false" sap:updatable="false"
				sap:deletable="false" sap:pageable="false" sap:content-version="1"/><EntitySet Name="ymm_eban_headerSet" EntityType="YMM_PR_FIORI_LOG_STATUS_SRV.ymm_eban_header" sap:creatable="false" sap:updatable="false"
				sap:deletable="false" sap:pageable="false" sap:addressable="false" sap:content-version="1"/>
				<AssociationSet Name="ymm_head_item_associationSet" Association="YMM_PR_FIORI_LOG_STATUS_SRV.ymm_head_item_association"
					sap:creatable="false" sap:updatable="false" sap:deletable="false" sap:content-version="1"><End EntitySet="ymm_eban_headerSet" Role="FromRole_ymm_head_item_association"/><End EntitySet="ymm_fiori_setSet" Role="ToRole_ymm_head_item_association"/></AssociationSet>
			</EntityContainer><atom:link xmlns:atom="http://www.w3.org/2005/Atom" rel="self" href="./sap/YMM_PR_FIORI_LOG_STATUS_SRV/$metadata"/><atom:link xmlns:atom="http://www.w3.org/2005/Atom" rel="latest-version" href="./sap/YMM_PR_FIORI_LOG_STATUS_SRV/$metadata"/></Schema>
	</edmx:DataServices>
</edmx:Edmx>