<core:FragmentDefinition height="40px" xmlns="sap.m" xmlns:core="sap.ui.core" xmlns:l="sap.ui.layout" xmlns:f="sap.ui.layout.form"
	stretch="sap.ui.Device.system.phone">
	<Dialog title="Release from QI - Serial No." id="oD">
		<l:VerticalLayout class="sapUiContentPadding" width="350px">
			<!--	<Label text="{i18n>S/No}" required="true"/>-->
			<!--	<Input id="Serialno1" value="{localModel>/selectedMaterialProcess/Serialno}" editable="false"/>-->
			<Table class="sapUiSizeCompact" growing="true" growingScrollToLoad="true" id="oRelaseStrtTable"></Table>
		</l:VerticalLayout>
		<buttons>
			<Button tooltip="{i18n>Save}" type="Emphasized" text="Save" icon="sap-icon://save" press="onMaterialChangeStockSave"/>
			<Button tooltip="{i18n>Clear}" type="Emphasized" text="Clear" icon="sap-icon://sys-cancel" press="onMaterialChangeStockClear"/>
			<Button tooltip="{i18n>Back}" type="Emphasized" text="Back" icon="sap-icon://nav-back" press="onMaterialChangeStockBack"/>
		</buttons>
	</Dialog>
</core:FragmentDefinition>