<core:FragmentDefinition xmlns:core="sap.ui.core" xmlns:form="sap.ui.layout.form" xmlns:l="sap.ui.layout" xmlns="sap.m">
	<Dialog class="sapUiPopupWithPadding" id="dialogNavToCredDeb" title="{i18n>addCreditMemo}" afterClose="afterClose">
		<content>
			<form:SimpleForm id="formNavToCredDeb" editable="true" title="">
				<Label id="labelReverseReason" text="{i18n>RETURN_REASON}"/>
				<ComboBox class="sapUiMediumMarginBottom" required="true" id="requestReasons" selectionChange="onSelectionComboChange"
					items="{ path: '/I_CABillgReqReasonVH' }">
					<core:ListItem id="cabillgreqreason" key="{CABillgReqReason}" text="{CABillgReqReasonText}"/>
				</ComboBox>
			</form:SimpleForm>
		</content>
		<beginButton>
			<Button id="onOKPressed" press="onOKPressed" text="{i18n>BUTTON_OK}"/>
		</beginButton>
		<endButton>
			<Button id="onCancelPressed" press="onCancelPressed" text="{i18n>BUTTON_CANCEL}"/>
		</endButton>
	</Dialog>
</core:FragmentDefinition>