<edmx:Edmx xmlns:edmx="http://schemas.microsoft.com/ado/2007/06/edmx"
	xmlns:m="http://schemas.microsoft.com/ado/2007/08/dataservices/metadata" xmlns:sap="http://www.sap.com/Protocols/SAPData" Version="1.0">
	<edmx:DataServices m:DataServiceVersion="2.0">
		<Schema xmlns="http://schemas.microsoft.com/ado/2008/09/edm" Namespace="YMM_PR_CREATION_ASSOCIATION_SRV" xml:lang="en"
			sap:schema-version="1">
			<EntityType Name="PR_Header" sap:content-version="1">
				<Key><PropertyRef Name="Banfn"/></Key><Property Name="Banfn" Type="Edm.String" Nullable="false" MaxLength="10" sap:unicode="false" sap:label="Purchase Req." sap:creatable="false"
					sap:updatable="false" sap:sortable="false" sap:filterable="false"/><Property Name="Bsart" Type="Edm.String" Nullable="false" MaxLength="4" sap:unicode="false" sap:label="Document Type" sap:creatable="false"
					sap:updatable="false" sap:sortable="false" sap:filterable="false"/><NavigationProperty Name="PR_ItemSet" Relationship="YMM_PR_CREATION_ASSOCIATION_SRV.PrHeaderItem" FromRole="FromRole_PrHeaderItem"
					ToRole="ToRole_PrHeaderItem"/><NavigationProperty Name="ymm_headertext_ass_nav" Relationship="YMM_PR_CREATION_ASSOCIATION_SRV.ymm_headertext_ass"
					FromRole="FromRole_ymm_headertext_ass" ToRole="ToRole_ymm_headertext_ass"/><NavigationProperty Name="ymm_fiori_log_appr2_detSet" Relationship="YMM_PR_CREATION_ASSOCIATION_SRV.ymm_fiori_appr2_ass"
					FromRole="FromRole_ymm_fiori_appr2_ass" ToRole="ToRole_ymm_fiori_appr2_ass"/><NavigationProperty Name="ymm_get_att_association_nav" Relationship="YMM_PR_CREATION_ASSOCIATION_SRV.ymm_get_att_association"
					FromRole="FromRole_ymm_get_att_association" ToRole="ToRole_ymm_get_att_association"/></EntityType>
			<EntityType Name="PR_Item" sap:content-version="1">
				<Key><PropertyRef Name="PreqNo"/><PropertyRef Name="PreqItem"/></Key><Property Name="PreqNo" Type="Edm.String" Nullable="false" MaxLength="10" sap:unicode="false" sap:label="Purchase Req."
					sap:creatable="false" sap:updatable="false" sap:sortable="false" sap:filterable="false"/><Property Name="DeleteIndicator" Type="Edm.Boolean" Nullable="false" sap:unicode="false" sap:label="Indicator" sap:creatable="false"
					sap:updatable="false" sap:sortable="false" sap:filterable="false"/><Property Name="Pstyp" Type="Edm.String" Nullable="false" MaxLength="1" sap:unicode="false" sap:label="Item category" sap:creatable="false"
					sap:updatable="false" sap:sortable="false" sap:filterable="false"/><Property Name="Bednr" Type="Edm.String" Nullable="false" MaxLength="10" sap:unicode="false" sap:label="Tracking Number"
					sap:creatable="false" sap:updatable="false" sap:sortable="false" sap:filterable="false"/><Property Name="PreqItem" Type="Edm.String" Nullable="false" MaxLength="5" sap:unicode="false" sap:label="Requisn. item"
					sap:creatable="false" sap:updatable="false" sap:sortable="false" sap:filterable="false"/><Property Name="DocType" Type="Edm.String" Nullable="false" MaxLength="4" sap:unicode="false" sap:label="Order Type" sap:creatable="false"
					sap:updatable="false" sap:sortable="false" sap:filterable="false"/><Property Name="Konnr" Type="Edm.String" Nullable="false" MaxLength="10" sap:unicode="false" sap:label="Agreement" sap:creatable="false"
					sap:updatable="false" sap:sortable="false" sap:filterable="false"/><Property Name="Ktpnr" Type="Edm.String" Nullable="false" MaxLength="5" sap:unicode="false" sap:label="Agreement item" sap:creatable="false"
					sap:updatable="false" sap:sortable="false" sap:filterable="false"/><Property Name="Banpr" Type="Edm.String" Nullable="false" MaxLength="2" sap:unicode="false" sap:label="Proc. state" sap:creatable="false"
					sap:updatable="false" sap:sortable="false" sap:filterable="false"/><Property Name="PurGroup" Type="Edm.String" Nullable="false" MaxLength="3" sap:unicode="false" sap:label="Purch. Group"
					sap:creatable="false" sap:updatable="false" sap:sortable="false" sap:filterable="false"/><Property Name="Blckd" Type="Edm.String" Nullable="false" MaxLength="1" sap:unicode="false" sap:label="Blocking Ind." sap:creatable="false"
					sap:updatable="false" sap:sortable="false" sap:filterable="false"/><Property Name="PreqDate" Type="Edm.DateTime" Precision="7" sap:unicode="false" sap:label="Requisn Date" sap:creatable="false"
					sap:updatable="false" sap:sortable="false" sap:filterable="false"/><Property Name="Blckt" Type="Edm.String" Nullable="false" MaxLength="60" sap:unicode="false" sap:label="Blocking Text" sap:creatable="false"
					sap:updatable="false" sap:sortable="false" sap:filterable="false"/><Property Name="Plant" Type="Edm.String" Nullable="false" MaxLength="4" sap:unicode="false" sap:label="Plant" sap:creatable="false"
					sap:updatable="false" sap:sortable="false" sap:filterable="false"/><Property Name="AccountType" Type="Edm.String" Nullable="false" MaxLength="1" sap:unicode="false" sap:label="Acct Assgmt Cat"
					sap:creatable="false" sap:updatable="false" sap:sortable="false" sap:filterable="false"/><Property Name="Vbeln" Type="Edm.String" Nullable="false" MaxLength="10" sap:unicode="false" sap:label="SD Document" sap:creatable="false"
					sap:updatable="false" sap:sortable="false" sap:filterable="false"/><Property Name="CostCtr" Type="Edm.String" Nullable="false" MaxLength="10" sap:unicode="false" sap:label="Cost Center" sap:creatable="false"
					sap:updatable="false" sap:sortable="false" sap:filterable="false"/><Property Name="Vbelp" Type="Edm.String" Nullable="false" MaxLength="6" sap:unicode="false" sap:label="Item" sap:creatable="false"
					sap:updatable="false" sap:sortable="false" sap:filterable="false"/><Property Name="Anln1" Type="Edm.String" Nullable="false" MaxLength="12" sap:unicode="false" sap:label="Asset" sap:creatable="false"
					sap:updatable="false" sap:sortable="false" sap:filterable="false"/><Property Name="WbsElem" Type="Edm.String" MaxLength="24" sap:unicode="false" sap:label="WBS element" sap:creatable="false"
					sap:updatable="false" sap:sortable="false" sap:filterable="false"/><Property Name="Requisitioner" Type="Edm.String" Nullable="false" MaxLength="12" sap:unicode="false" sap:label="Requisitioner"
					sap:creatable="false" sap:updatable="false" sap:sortable="false" sap:filterable="false"/><Property Name="MaterialDesc" Type="Edm.String" Nullable="false" MaxLength="40" sap:unicode="false" sap:label="Short Text"
					sap:creatable="false" sap:updatable="false" sap:sortable="false" sap:filterable="false"/><Property Name="Material" Type="Edm.String" Nullable="false" MaxLength="40" sap:unicode="false" sap:label="Material" sap:creatable="false"
					sap:updatable="false" sap:sortable="false" sap:filterable="false"/><Property Name="MatGrp" Type="Edm.String" Nullable="false" MaxLength="9" sap:unicode="false" sap:label="Material Group"
					sap:creatable="false" sap:updatable="false" sap:sortable="false" sap:filterable="false"/><Property Name="Quantity" Type="Edm.Decimal" Nullable="false" Precision="13" Scale="3" sap:unicode="false" sap:label="Quantity"
					sap:creatable="false" sap:updatable="false" sap:sortable="false" sap:filterable="false"/><Property Name="Unit" Type="Edm.String" Nullable="false" MaxLength="3" sap:unicode="false" sap:label="Unit of Measure" sap:creatable="false"
					sap:updatable="false" sap:sortable="false" sap:filterable="false" sap:semantics="unit-of-measure"/><Property Name="DelivDate" Type="Edm.DateTime" Precision="7" sap:unicode="false" sap:label="Delivery date" sap:creatable="false"
					sap:updatable="false" sap:sortable="false" sap:filterable="false"/><Property Name="UnitPrice" Type="Edm.Decimal" Nullable="false" Precision="28" Scale="9" sap:unicode="false" sap:label="Currency amount"
					sap:creatable="false" sap:updatable="false" sap:sortable="false" sap:filterable="false"/><Property Name="TotalPrice" Type="Edm.Decimal" Nullable="false" Precision="28" Scale="9" sap:unicode="false" sap:label="Currency amount"
					sap:creatable="false" sap:updatable="false" sap:sortable="false" sap:filterable="false"/><Property Name="Currency" Type="Edm.String" Nullable="false" MaxLength="5" sap:unicode="false" sap:label="Currency" sap:creatable="false"
					sap:updatable="false" sap:sortable="false" sap:filterable="false" sap:semantics="currency-code"/><Property Name="Zzbu" Type="Edm.String" Nullable="false" MaxLength="2" sap:unicode="false" sap:label="Business Unit" sap:creatable="false"
					sap:updatable="false" sap:sortable="false" sap:filterable="false"/><Property Name="ZzbuDesc" Type="Edm.String" Nullable="false" MaxLength="20" sap:unicode="false" sap:label="Business Unit Descri"
					sap:creatable="false" sap:updatable="false" sap:sortable="false" sap:filterable="false"/><Property Name="ZzdeptCode" Type="Edm.String" Nullable="false" MaxLength="2" sap:unicode="false" sap:label="Department"
					sap:creatable="false" sap:updatable="false" sap:sortable="false" sap:filterable="false"/><Property Name="ZzdeptDesc" Type="Edm.String" Nullable="false" MaxLength="30" sap:unicode="false" sap:label="Department Descripti"
					sap:creatable="false" sap:updatable="false" sap:sortable="false" sap:filterable="false"/><Property Name="ZzdeptCode2" Type="Edm.String" Nullable="false" MaxLength="2" sap:unicode="false" sap:label="Department"
					sap:creatable="false" sap:updatable="false" sap:sortable="false" sap:filterable="false"/><Property Name="ZzdeptDesc2" Type="Edm.String" Nullable="false" MaxLength="40" sap:unicode="false" sap:label="Department Descripti"
					sap:creatable="false" sap:updatable="false" sap:sortable="false" sap:filterable="false"/><Property Name="ZzaprL3" Type="Edm.String" Nullable="false" MaxLength="12" sap:unicode="false" sap:label="Approver L3" sap:creatable="false"
					sap:updatable="false" sap:sortable="false" sap:filterable="false"/><Property Name="ZzaprL3Name" Type="Edm.String" Nullable="false" MaxLength="40" sap:unicode="false" sap:label="Approver L3 Name"
					sap:creatable="false" sap:updatable="false" sap:sortable="false" sap:filterable="false"/><Property Name="ZzassName2" Type="Edm.String" Nullable="false" MaxLength="40" sap:unicode="false" sap:label="Requester"
					sap:creatable="false" sap:updatable="false" sap:sortable="false" sap:filterable="false"/><Property Name="Sakto" Type="Edm.String" Nullable="false" MaxLength="10" sap:unicode="false" sap:label="G/L Account" sap:creatable="false"
					sap:updatable="false" sap:sortable="false" sap:filterable="false"/><Property Name="Zzcategoty" Type="Edm.String" Nullable="false" MaxLength="10" sap:unicode="false" sap:label="Category" sap:creatable="false"
					sap:updatable="false" sap:sortable="false" sap:filterable="false"/><Property Name="Itemtext" Type="Edm.String" Nullable="false" MaxLength="4000" sap:unicode="false" sap:label="Char" sap:creatable="false"
					sap:updatable="false" sap:sortable="false" sap:filterable="false"/><Property Name="Memory" Type="Edm.Boolean" Nullable="false" sap:unicode="false" sap:label="Incomplete" sap:creatable="false"
					sap:updatable="false" sap:sortable="false" sap:filterable="false"/><Property Name="ReqCategory" Type="Edm.String" Nullable="false" MaxLength="30" sap:unicode="false" sap:label="30 Characters"
					sap:creatable="false" sap:updatable="false" sap:sortable="false" sap:filterable="false"/><Property Name="Status" Type="Edm.String" Nullable="false" MaxLength="40" sap:unicode="false" sap:label="Char" sap:creatable="false"
					sap:updatable="false" sap:sortable="false" sap:filterable="false"/><Property Name="Action" Type="Edm.String" Nullable="false" MaxLength="1" sap:unicode="false" sap:label="Single-Character Flag"
					sap:creatable="false" sap:updatable="false" sap:sortable="false" sap:filterable="false"/><Property Name="Remarks" Type="Edm.String" Nullable="false" MaxLength="140" sap:unicode="false" sap:label="CHAR140" sap:creatable="false"
					sap:updatable="false" sap:sortable="false" sap:filterable="false"/><Property Name="Headertext" Type="Edm.String" Nullable="false" MaxLength="4000" sap:unicode="false" sap:label="Char" sap:creatable="false"
					sap:updatable="false" sap:sortable="false" sap:filterable="false"/><Property Name="Frgc1" Type="Edm.String" Nullable="false" MaxLength="2" sap:unicode="false" sap:label="Release code" sap:creatable="false"
					sap:updatable="false" sap:sortable="false" sap:filterable="false"/><Property Name="RelCodeDesc1" Type="Edm.String" Nullable="false" MaxLength="20" sap:unicode="false" sap:label="Description"
					sap:creatable="false" sap:updatable="false" sap:sortable="false" sap:filterable="false"/><Property Name="AprText1" Type="Edm.String" Nullable="false" MaxLength="80" sap:unicode="false" sap:label="Full Name" sap:creatable="false"
					sap:updatable="false" sap:sortable="false" sap:filterable="false"/><Property Name="AprDate1" Type="Edm.String" Nullable="false" MaxLength="12" sap:unicode="false" sap:label="Character Field of Length 12"
					sap:creatable="false" sap:updatable="false" sap:sortable="false" sap:filterable="false"/><Property Name="Status1" Type="Edm.String" Nullable="false" MaxLength="40" sap:unicode="false" sap:label="Char" sap:creatable="false"
					sap:updatable="false" sap:sortable="false" sap:filterable="false"/><Property Name="Frgc2" Type="Edm.String" Nullable="false" MaxLength="2" sap:unicode="false" sap:label="Release code" sap:creatable="false"
					sap:updatable="false" sap:sortable="false" sap:filterable="false"/><Property Name="RelCodeDesc2" Type="Edm.String" Nullable="false" MaxLength="20" sap:unicode="false" sap:label="Description"
					sap:creatable="false" sap:updatable="false" sap:sortable="false" sap:filterable="false"/><Property Name="AprText2" Type="Edm.String" Nullable="false" MaxLength="80" sap:unicode="false" sap:label="Full Name" sap:creatable="false"
					sap:updatable="false" sap:sortable="false" sap:filterable="false"/><Property Name="AprDate2" Type="Edm.String" Nullable="false" MaxLength="12" sap:unicode="false" sap:label="Character Field of Length 12"
					sap:creatable="false" sap:updatable="false" sap:sortable="false" sap:filterable="false"/><Property Name="Status2" Type="Edm.String" Nullable="false" MaxLength="40" sap:unicode="false" sap:label="Char" sap:creatable="false"
					sap:updatable="false" sap:sortable="false" sap:filterable="false"/><Property Name="Frgc3" Type="Edm.String" Nullable="false" MaxLength="2" sap:unicode="false" sap:label="Release code" sap:creatable="false"
					sap:updatable="false" sap:sortable="false" sap:filterable="false"/><Property Name="RelCodeDesc3" Type="Edm.String" Nullable="false" MaxLength="20" sap:unicode="false" sap:label="Description"
					sap:creatable="false" sap:updatable="false" sap:sortable="false" sap:filterable="false"/><Property Name="AprText3" Type="Edm.String" Nullable="false" MaxLength="80" sap:unicode="false" sap:label="Full Name" sap:creatable="false"
					sap:updatable="false" sap:sortable="false" sap:filterable="false"/><Property Name="AprDate3" Type="Edm.String" Nullable="false" MaxLength="12" sap:unicode="false" sap:label="Character Field of Length 12"
					sap:creatable="false" sap:updatable="false" sap:sortable="false" sap:filterable="false"/><Property Name="Status3" Type="Edm.String" Nullable="false" MaxLength="40" sap:unicode="false" sap:label="Char" sap:creatable="false"
					sap:updatable="false" sap:sortable="false" sap:filterable="false"/><Property Name="Frgc4" Type="Edm.String" Nullable="false" MaxLength="2" sap:unicode="false" sap:label="Release code" sap:creatable="false"
					sap:updatable="false" sap:sortable="false" sap:filterable="false"/><Property Name="RelCodeDesc4" Type="Edm.String" Nullable="false" MaxLength="20" sap:unicode="false" sap:label="Description"
					sap:creatable="false" sap:updatable="false" sap:sortable="false" sap:filterable="false"/><Property Name="AprText4" Type="Edm.String" Nullable="false" MaxLength="80" sap:unicode="false" sap:label="Full Name" sap:creatable="false"
					sap:updatable="false" sap:sortable="false" sap:filterable="false"/><Property Name="AprDate4" Type="Edm.String" Nullable="false" MaxLength="12" sap:unicode="false" sap:label="Character Field of Length 12"
					sap:creatable="false" sap:updatable="false" sap:sortable="false" sap:filterable="false"/><Property Name="Status4" Type="Edm.String" Nullable="false" MaxLength="40" sap:unicode="false" sap:label="Char" sap:creatable="false"
					sap:updatable="false" sap:sortable="false" sap:filterable="false"/><Property Name="Frgc5" Type="Edm.String" Nullable="false" MaxLength="2" sap:unicode="false" sap:label="Release code" sap:creatable="false"
					sap:updatable="false" sap:sortable="false" sap:filterable="false"/><Property Name="RelCodeDesc5" Type="Edm.String" Nullable="false" MaxLength="20" sap:unicode="false" sap:label="Description"
					sap:creatable="false" sap:updatable="false" sap:sortable="false" sap:filterable="false"/><Property Name="AprText5" Type="Edm.String" Nullable="false" MaxLength="80" sap:unicode="false" sap:label="Full Name" sap:creatable="false"
					sap:updatable="false" sap:sortable="false" sap:filterable="false"/><Property Name="AprDate5" Type="Edm.String" Nullable="false" MaxLength="12" sap:unicode="false" sap:label="Character Field of Length 12"
					sap:creatable="false" sap:updatable="false" sap:sortable="false" sap:filterable="false"/><Property Name="Status5" Type="Edm.String" Nullable="false" MaxLength="40" sap:unicode="false" sap:label="Char" sap:creatable="false"
					sap:updatable="false" sap:sortable="false" sap:filterable="false"/><Property Name="Frgc6" Type="Edm.String" Nullable="false" MaxLength="2" sap:unicode="false" sap:label="Release code" sap:creatable="false"
					sap:updatable="false" sap:sortable="false" sap:filterable="false"/><Property Name="RelCodeDesc6" Type="Edm.String" Nullable="false" MaxLength="20" sap:unicode="false" sap:label="Description"
					sap:creatable="false" sap:updatable="false" sap:sortable="false" sap:filterable="false"/><Property Name="AprText6" Type="Edm.String" Nullable="false" MaxLength="80" sap:unicode="false" sap:label="Full Name" sap:creatable="false"
					sap:updatable="false" sap:sortable="false" sap:filterable="false"/><Property Name="AprDate6" Type="Edm.String" Nullable="false" MaxLength="12" sap:unicode="false" sap:label="Character Field of Length 12"
					sap:creatable="false" sap:updatable="false" sap:sortable="false" sap:filterable="false"/><Property Name="Status6" Type="Edm.String" Nullable="false" MaxLength="40" sap:unicode="false" sap:label="Char" sap:creatable="false"
					sap:updatable="false" sap:sortable="false" sap:filterable="false"/><Property Name="Frgc7" Type="Edm.String" Nullable="false" MaxLength="2" sap:unicode="false" sap:label="Release code" sap:creatable="false"
					sap:updatable="false" sap:sortable="false" sap:filterable="false"/><Property Name="RelCodeDesc7" Type="Edm.String" Nullable="false" MaxLength="20" sap:unicode="false" sap:label="Description"
					sap:creatable="false" sap:updatable="false" sap:sortable="false" sap:filterable="false"/><Property Name="AprText7" Type="Edm.String" Nullable="false" MaxLength="80" sap:unicode="false" sap:label="Full Name" sap:creatable="false"
					sap:updatable="false" sap:sortable="false" sap:filterable="false"/><Property Name="AprDate7" Type="Edm.String" Nullable="false" MaxLength="12" sap:unicode="false" sap:label="Character Field of Length 12"
					sap:creatable="false" sap:updatable="false" sap:sortable="false" sap:filterable="false"/><Property Name="Status7" Type="Edm.String" Nullable="false" MaxLength="40" sap:unicode="false" sap:label="Char" sap:creatable="false"
					sap:updatable="false" sap:sortable="false" sap:filterable="false"/><Property Name="Frgc8" Type="Edm.String" Nullable="false" MaxLength="2" sap:unicode="false" sap:label="Release code" sap:creatable="false"
					sap:updatable="false" sap:sortable="false" sap:filterable="false"/><Property Name="RelCodeDesc8" Type="Edm.String" Nullable="false" MaxLength="20" sap:unicode="false" sap:label="Description"
					sap:creatable="false" sap:updatable="false" sap:sortable="false" sap:filterable="false"/><Property Name="AprText8" Type="Edm.String" Nullable="false" MaxLength="80" sap:unicode="false" sap:label="Full Name" sap:creatable="false"
					sap:updatable="false" sap:sortable="false" sap:filterable="false"/><Property Name="AprDate8" Type="Edm.String" Nullable="false" MaxLength="12" sap:unicode="false" sap:label="Character Field of Length 12"
					sap:creatable="false" sap:updatable="false" sap:sortable="false" sap:filterable="false"/><Property Name="Status8" Type="Edm.String" Nullable="false" MaxLength="40" sap:unicode="false" sap:label="Char" sap:creatable="false"
					sap:updatable="false" sap:sortable="false" sap:filterable="false"/><Property Name="Service" Type="Edm.String" Nullable="false" MaxLength="18" sap:unicode="false" sap:label="Activity number"
					sap:creatable="false" sap:updatable="false" sap:sortable="false" sap:filterable="false"/><Property Name="ServiceName" Type="Edm.String" Nullable="false" MaxLength="40" sap:unicode="false" sap:label="Short Text"
					sap:creatable="false" sap:updatable="false" sap:sortable="false" sap:filterable="false"/><Property Name="Packno" Type="Edm.String" Nullable="false" MaxLength="10" sap:unicode="false" sap:label="Package number"
					sap:creatable="false" sap:updatable="false" sap:sortable="false" sap:filterable="false"/><Property Name="ServQuan" Type="Edm.Decimal" Nullable="false" Precision="13" Scale="3" sap:unicode="false" sap:label="Quantity"
					sap:creatable="false" sap:updatable="false" sap:sortable="false" sap:filterable="false"/><Property Name="ServPrice" Type="Edm.Decimal" Nullable="false" Precision="28" Scale="9" sap:unicode="false" sap:label="Gross"
					sap:creatable="false" sap:updatable="false" sap:sortable="false" sap:filterable="false"/><Property Name="ServUom" Type="Edm.String" Nullable="false" MaxLength="3" sap:unicode="false" sap:label="Base Unit" sap:creatable="false"
					sap:updatable="false" sap:sortable="false" sap:filterable="false" sap:semantics="unit-of-measure"/><Property Name="Createdby" Type="Edm.String" Nullable="false" MaxLength="80" sap:unicode="false" sap:label="Created By"
					sap:creatable="false" sap:updatable="false" sap:sortable="false" sap:filterable="false"/></EntityType>
			<EntityType Name="ymm_service_sh" sap:content-version="1">
				<Key><PropertyRef Name="matkl"/></Key><Property Name="matkl" Type="Edm.String" Nullable="false" sap:unicode="false" sap:creatable="false" sap:updatable="false"
					sap:sortable="false" sap:filterable="false"/><Property Name="ASNUM" Type="Edm.String" Nullable="false" sap:unicode="false" sap:creatable="false" sap:updatable="false"
					sap:sortable="false" sap:filterable="false"/><Property Name="ERNAM" Type="Edm.String" Nullable="false" sap:unicode="false" sap:creatable="false" sap:updatable="false"
					sap:sortable="false" sap:filterable="false"/><Property Name="ASKTX" Type="Edm.String" Nullable="false" sap:unicode="false" sap:creatable="false" sap:updatable="false"
					sap:sortable="false" sap:filterable="false"/><Property Name="WGBEZ60" Type="Edm.String" Nullable="false" sap:unicode="false" sap:creatable="false" sap:updatable="false"
					sap:sortable="false" sap:filterable="false"/><Property Name="req_category" Type="Edm.String" Nullable="false" sap:unicode="false" sap:creatable="false" sap:updatable="false"
					sap:sortable="false" sap:filterable="false"/></EntityType>
			<EntityType Name="zmmsh_category" sap:content-version="1">
				<Key><PropertyRef Name="ekgrp"/></Key><Property Name="ekgrp" Type="Edm.String" Nullable="false" sap:unicode="false" sap:creatable="false" sap:updatable="false"
					sap:sortable="false" sap:filterable="false"/><Property Name="category" Type="Edm.String" Nullable="false" sap:unicode="false" sap:creatable="false" sap:updatable="false"
					sap:sortable="false" sap:filterable="false"/><Property Name="Buyer" Type="Edm.String" Nullable="false" sap:unicode="false" sap:creatable="false" sap:updatable="false"
					sap:sortable="false" sap:filterable="false"/></EntityType>
			<EntityType Name="ymm_sh_gl" sap:content-version="1">
				<Key><PropertyRef Name="matkl"/></Key><Property Name="matkl" Type="Edm.String" Nullable="false" sap:unicode="false" sap:creatable="false" sap:updatable="false"
					sap:sortable="false" sap:filterable="false"/><Property Name="WGBEZ" Type="Edm.String" Nullable="false" sap:unicode="false" sap:creatable="false" sap:updatable="false"
					sap:sortable="false" sap:filterable="false"/><Property Name="WGBEZ60" Type="Edm.String" Nullable="false" sap:unicode="false" sap:creatable="false" sap:updatable="false"
					sap:sortable="false" sap:filterable="false"/><Property Name="sakto" Type="Edm.String" Nullable="false" sap:unicode="false" sap:creatable="false" sap:updatable="false"
					sap:sortable="false" sap:filterable="false"/><Property Name="TXT50" Type="Edm.String" Nullable="false" sap:unicode="false" sap:creatable="false" sap:updatable="false"
					sap:sortable="false" sap:filterable="false"/></EntityType>
			<EntityType Name="YMM_FIORI_LOG" sap:content-version="1">
				<Key><PropertyRef Name="Zdate"/><PropertyRef Name="Ztime"/><PropertyRef Name="ZdocNo"/><PropertyRef Name="CurrentStat"/></Key><Property Name="Zdate" Type="Edm.DateTime" Nullable="false" Precision="7" sap:unicode="false" sap:label="Current Date" sap:creatable="false"
					sap:updatable="false" sap:sortable="false" sap:filterable="false"/><Property Name="Ztime" Type="Edm.String" Nullable="false" MaxLength="8" sap:unicode="false" sap:label="Local Time" sap:creatable="false"
					sap:updatable="false" sap:sortable="false" sap:filterable="false"/><Property Name="ZdocNo" Type="Edm.String" Nullable="false" MaxLength="10" sap:unicode="false" sap:label="Purchase Req."
					sap:creatable="false" sap:updatable="false" sap:sortable="false" sap:filterable="false"/><Property Name="CurrentStat" Type="Edm.String" Nullable="false" MaxLength="2" sap:unicode="false" sap:label="Current Status"
					sap:creatable="false" sap:updatable="false" sap:sortable="false" sap:filterable="false"/><Property Name="PendingWith" Type="Edm.String" Nullable="false" MaxLength="3" sap:unicode="false" sap:label="Pending With"
					sap:creatable="false" sap:updatable="false" sap:sortable="false" sap:filterable="false"/><Property Name="CurrentUsr" Type="Edm.String" Nullable="false" MaxLength="12" sap:unicode="false" sap:label="User Name"
					sap:creatable="false" sap:updatable="false" sap:sortable="false" sap:filterable="false"/><Property Name="Type" Type="Edm.String" Nullable="false" MaxLength="1" sap:unicode="false" sap:label="Message type" sap:creatable="false"
					sap:updatable="false" sap:sortable="false" sap:filterable="false"/><Property Name="Message" Type="Edm.String" Nullable="false" MaxLength="220" sap:unicode="false" sap:label="Message text"
					sap:creatable="false" sap:updatable="false" sap:sortable="false" sap:filterable="false"/><Property Name="MessageV1" Type="Edm.String" Nullable="false" MaxLength="50" sap:unicode="false" sap:label="Message Variable"
					sap:creatable="false" sap:updatable="false" sap:sortable="false" sap:filterable="false"/><Property Name="MessageV2" Type="Edm.String" Nullable="false" MaxLength="50" sap:unicode="false" sap:label="Message Variable"
					sap:creatable="false" sap:updatable="false" sap:sortable="false" sap:filterable="false"/><Property Name="MessageV3" Type="Edm.String" Nullable="false" MaxLength="50" sap:unicode="false" sap:label="Message Variable"
					sap:creatable="false" sap:updatable="false" sap:sortable="false" sap:filterable="false"/><Property Name="MessageV4" Type="Edm.String" Nullable="false" MaxLength="50" sap:unicode="false" sap:label="Message Variable"
					sap:creatable="false" sap:updatable="false" sap:sortable="false" sap:filterable="false"/><Property Name="ReqCategory" Type="Edm.String" Nullable="false" MaxLength="30" sap:unicode="false" sap:label="30 Characters"
					sap:creatable="false" sap:updatable="false" sap:sortable="false" sap:filterable="false"/><Property Name="Action" Type="Edm.String" Nullable="false" MaxLength="1" sap:unicode="false" sap:label="Single-Character Flag"
					sap:creatable="false" sap:updatable="false" sap:sortable="false" sap:filterable="false"/><Property Name="Status" Type="Edm.String" Nullable="false" MaxLength="40" sap:unicode="false" sap:label="Char" sap:creatable="false"
					sap:updatable="false" sap:sortable="false" sap:filterable="false"/><Property Name="Remarks" Type="Edm.String" Nullable="false" MaxLength="140" sap:unicode="false" sap:label="CHAR140" sap:creatable="false"
					sap:updatable="false" sap:sortable="false" sap:filterable="false"/></EntityType>
			<EntityType Name="YMM_PR_BUYER_ID" sap:content-version="1">
				<Key><PropertyRef Name="afnam"/></Key><Property Name="afnam" Type="Edm.String" Nullable="false" sap:unicode="false" sap:creatable="false" sap:updatable="false"
					sap:sortable="false" sap:filterable="false"/></EntityType>
			<EntityType Name="YMM_PR_SAM" sap:content-version="1">
				<Key><PropertyRef Name="AFNAM"/></Key><Property Name="AFNAM" Type="Edm.String" Nullable="false" sap:unicode="false" sap:creatable="false" sap:updatable="false"
					sap:sortable="false" sap:filterable="false"/><Property Name="Department" Type="Edm.String" Nullable="false" sap:unicode="false" sap:creatable="false" sap:updatable="false"
					sap:sortable="false" sap:filterable="false"/></EntityType>
			<EntityType Name="YMM_PR_HAM" sap:content-version="1">
				<Key><PropertyRef Name="AFNAM"/></Key><Property Name="AFNAM" Type="Edm.String" Nullable="false" sap:unicode="false" sap:creatable="false" sap:updatable="false"
					sap:sortable="false" sap:filterable="false"/><Property Name="Department" Type="Edm.String" Nullable="false" sap:unicode="false" sap:creatable="false" sap:updatable="false"
					sap:sortable="false" sap:filterable="false"/></EntityType>
			<EntityType Name="ymm_SAM_HAM_BUYER_user" sap:content-version="1">
				<Key><PropertyRef Name="USER"/></Key><Property Name="USER" Type="Edm.String" Nullable="false" sap:unicode="false" sap:creatable="false" sap:updatable="false"
					sap:sortable="false" sap:filterable="false"/><Property Name="GROUP" Type="Edm.String" Nullable="false" sap:unicode="false" sap:creatable="false" sap:updatable="false"
					sap:sortable="false" sap:filterable="false"/></EntityType>
			<EntityType Name="ymm_cc_set" sap:content-version="1">
				<Key><PropertyRef Name="WERKS"/><PropertyRef Name="BU_DESC"/></Key><Property Name="WERKS" Type="Edm.String" Nullable="false" sap:unicode="false" sap:creatable="false" sap:updatable="false"
					sap:sortable="false" sap:filterable="false"/><Property Name="BU_DESC" Type="Edm.String" Nullable="false" sap:unicode="false" sap:creatable="false" sap:updatable="false"
					sap:sortable="false" sap:filterable="false"/><NavigationProperty Name="ymm_cc_nav_association_set" Relationship="YMM_PR_CREATION_ASSOCIATION_SRV.ymm_cc_association_set"
					FromRole="FromRole_ymm_cc_association_set" ToRole="ToRole_ymm_cc_association_set"/><NavigationProperty Name="ymm_wbs_assc_nav_set" Relationship="YMM_PR_CREATION_ASSOCIATION_SRV.ymm_WBS_assc_set"
					FromRole="FromRole_ymm_WBS_assc_set" ToRole="ToRole_ymm_WBS_assc_set"/></EntityType>
			<EntityType Name="File" m:HasStream="true" sap:content-version="1">
				<Key><PropertyRef Name="Mandt"/><PropertyRef Name="Filename"/></Key><Property Name="Mandt" Type="Edm.String" Nullable="false" MaxLength="3" sap:unicode="false" sap:label="Client" sap:creatable="false"
					sap:updatable="false" sap:sortable="false" sap:filterable="false"/><Property Name="Filename" Type="Edm.String" Nullable="false" MaxLength="200" sap:unicode="false" sap:label="Text (200 char)"
					sap:creatable="false" sap:updatable="false" sap:sortable="false" sap:filterable="false"/><Property Name="Sydate" Type="Edm.DateTime" Nullable="false" Precision="7" sap:unicode="false" sap:label="Current Date"
					sap:creatable="false" sap:updatable="false" sap:sortable="false" sap:filterable="false"/><Property Name="Sytime" Type="Edm.Time" Nullable="false" Precision="0" sap:unicode="false" sap:label="Time" sap:creatable="false"
					sap:updatable="false" sap:sortable="false" sap:filterable="false"/><Property Name="Value" Type="Edm.Binary" Nullable="false" sap:unicode="false" sap:label="Binary String" sap:creatable="false"
					sap:updatable="false" sap:sortable="false" sap:filterable="false"/><Property Name="Mimetype" Type="Edm.String" Nullable="false" MaxLength="100" sap:unicode="false" sap:label="Character 100"
					sap:creatable="false" sap:updatable="false" sap:sortable="false" sap:filterable="false"/></EntityType>
			<EntityType Name="ZMM_DEPT_MASTER" sap:content-version="1">
				<Key><PropertyRef Name="Zzbu"/></Key><Property Name="Zzbu" Type="Edm.String" Nullable="false" MaxLength="2" sap:unicode="false" sap:label="Business Unit" sap:creatable="false"
					sap:updatable="false" sap:sortable="false" sap:filterable="false"/><Property Name="ZzdeptCode2" Type="Edm.String" Nullable="false" MaxLength="2" sap:unicode="false" sap:label="Department"
					sap:creatable="false" sap:updatable="false" sap:sortable="false" sap:filterable="false"/><Property Name="ZzdeptDesc2" Type="Edm.String" Nullable="false" MaxLength="40" sap:unicode="false" sap:label="Department Descripti"
					sap:creatable="false" sap:updatable="false" sap:sortable="false" sap:filterable="false"/><Property Name="ZzaprL3" Type="Edm.String" Nullable="false" MaxLength="12" sap:unicode="false" sap:label="Approver L3" sap:creatable="false"
					sap:updatable="false" sap:sortable="false" sap:filterable="false"/><Property Name="ZzaprL3Name" Type="Edm.String" Nullable="false" MaxLength="40" sap:unicode="false" sap:label="Approver L3 Name"
					sap:creatable="false" sap:updatable="false" sap:sortable="false" sap:filterable="false"/><Property Name="ZzaprL2" Type="Edm.String" Nullable="false" MaxLength="12" sap:unicode="false" sap:label="Approver L2" sap:creatable="false"
					sap:updatable="false" sap:sortable="false" sap:filterable="false"/><Property Name="ZzaprL1" Type="Edm.String" Nullable="false" MaxLength="12" sap:unicode="false" sap:label="Approver L1" sap:creatable="false"
					sap:updatable="false" sap:sortable="false" sap:filterable="false"/><Property Name="Zzactive" Type="Edm.String" Nullable="false" MaxLength="1" sap:unicode="false" sap:label="Active/Deactive"
					sap:creatable="false" sap:updatable="false" sap:sortable="false" sap:filterable="false"/></EntityType>
			<EntityType Name="ymm_header_text" sap:content-version="1">
				<Key><PropertyRef Name="BANFN"/></Key><Property Name="BANFN" Type="Edm.String" Nullable="false" sap:unicode="false" sap:creatable="false" sap:updatable="false"
					sap:sortable="false" sap:filterable="false"/><Property Name="text" Type="Edm.String" Nullable="false" sap:unicode="false" sap:creatable="false" sap:updatable="false"
					sap:sortable="false" sap:filterable="false"/></EntityType>
			<EntityType Name="ztgetattachment" m:HasStream="true" sap:content-version="1">
				<Key><PropertyRef Name="DocumentId"/></Key><Property Name="ObjectId" Type="Edm.String" Nullable="false" MaxLength="70" sap:unicode="false" sap:label="Instance ID"
					sap:creatable="false" sap:updatable="false" sap:sortable="false" sap:filterable="false"/><Property Name="ObjectType" Type="Edm.String" Nullable="false" MaxLength="32" sap:unicode="false" sap:label="Object Type"
					sap:creatable="false" sap:updatable="false" sap:sortable="false" sap:filterable="false"/><Property Name="ObjectCat" Type="Edm.String" Nullable="false" MaxLength="2" sap:unicode="false" sap:label="Object Category"
					sap:creatable="false" sap:updatable="false" sap:sortable="false" sap:filterable="false"/><Property Name="DocumentId" Type="Edm.String" Nullable="false" MaxLength="36" sap:unicode="false" sap:label="Document Id"
					sap:creatable="false" sap:updatable="false" sap:sortable="false" sap:filterable="false"/><Property Name="FileName" Type="Edm.String" Nullable="false" MaxLength="255" sap:unicode="false" sap:label="File Name" sap:creatable="false"
					sap:updatable="false" sap:sortable="false" sap:filterable="false"/><Property Name="MimeType" Type="Edm.String" Nullable="false" MaxLength="64" sap:unicode="false" sap:label="MIME type" sap:creatable="false"
					sap:updatable="false" sap:sortable="false" sap:filterable="false"/><Property Name="Creator" Type="Edm.String" Nullable="false" MaxLength="12" sap:unicode="false" sap:label="Created" sap:creatable="false"
					sap:updatable="false" sap:sortable="false" sap:filterable="false"/><Property Name="CreatorName" Type="Edm.String" Nullable="false" MaxLength="60" sap:unicode="false" sap:label="Created By"
					sap:creatable="false" sap:updatable="false" sap:sortable="false" sap:filterable="false"/><Property Name="CreatedOn" Type="Edm.DateTime" Precision="0" sap:unicode="false" sap:label="Time Stamp" sap:creatable="false"
					sap:updatable="false" sap:sortable="false" sap:filterable="false"/></EntityType>
			<EntityType Name="ymm_manager_set" sap:content-version="1">
				<Key><PropertyRef Name="User"/></Key><Property Name="User" Type="Edm.String" Nullable="false" sap:unicode="false" sap:creatable="false" sap:updatable="false"
					sap:sortable="false" sap:filterable="false"/><Property Name="Role" Type="Edm.String" Nullable="false" sap:unicode="false" sap:creatable="false" sap:updatable="false"
					sap:sortable="false" sap:filterable="false"/></EntityType>
			<EntityType Name="ymm_fiori_log_appr2_det" sap:content-version="1">
				<Key><PropertyRef Name="PRnumber"/></Key><Property Name="PRnumber" Type="Edm.String" Nullable="false" sap:unicode="false" sap:creatable="false" sap:updatable="false"
					sap:sortable="false" sap:filterable="false"/><Property Name="Item_No" Type="Edm.String" Nullable="false" sap:unicode="false" sap:creatable="false" sap:updatable="false"
					sap:sortable="false" sap:filterable="false"/><Property Name="Desc_of_Item" Type="Edm.String" Nullable="false" sap:unicode="false" sap:creatable="false" sap:updatable="false"
					sap:sortable="false" sap:filterable="false"/><Property Name="Material_grp" Type="Edm.String" Nullable="false" sap:unicode="false" sap:creatable="false" sap:updatable="false"
					sap:sortable="false" sap:filterable="false"/><Property Name="Quantity" Type="Edm.Decimal" Nullable="false" Precision="13" Scale="3" sap:unicode="false" sap:creatable="false"
					sap:updatable="false" sap:sortable="false" sap:filterable="false"/><Property Name="Net_Price" Type="Edm.Decimal" Nullable="false" Precision="28" Scale="9" sap:unicode="false" sap:creatable="false"
					sap:updatable="false" sap:sortable="false" sap:filterable="false"/><Property Name="Currency" Type="Edm.String" Nullable="false" sap:unicode="false" sap:creatable="false" sap:updatable="false"
					sap:sortable="false" sap:filterable="false"/><Property Name="Net_value" Type="Edm.Decimal" Nullable="false" Precision="28" Scale="9" sap:unicode="false" sap:creatable="false"
					sap:updatable="false" sap:sortable="false" sap:filterable="false"/><Property Name="Plant" Type="Edm.String" Nullable="false" sap:unicode="false" sap:creatable="false" sap:updatable="false"
					sap:sortable="false" sap:filterable="false"/><Property Name="BU_Name" Type="Edm.String" Nullable="false" sap:unicode="false" sap:creatable="false" sap:updatable="false"
					sap:sortable="false" sap:filterable="false"/><Property Name="Created_by" Type="Edm.String" Nullable="false" sap:unicode="false" sap:creatable="false" sap:updatable="false"
					sap:sortable="false" sap:filterable="false"/><Property Name="Reviewed_by" Type="Edm.String" Nullable="false" sap:unicode="false" sap:creatable="false" sap:updatable="false"
					sap:sortable="false" sap:filterable="false"/><Property Name="Reviewed_Date" Type="Edm.DateTime" Precision="0" sap:unicode="false" sap:label="Time Stamp" sap:creatable="false"
					sap:updatable="false" sap:sortable="false" sap:filterable="false"/></EntityType>
			<EntityType Name="ZmmshDeptCode2" sap:content-version="1">
				<Key><PropertyRef Name="ZzdeptCode2"/></Key><Property Name="ZzdeptCode2" Type="Edm.String" Nullable="false" MaxLength="2" sap:unicode="false" sap:label="Department"
					sap:creatable="false" sap:updatable="false" sap:sortable="false" sap:filterable="false"/><Property Name="ZzdeptDesc2" Type="Edm.String" Nullable="false" MaxLength="40" sap:unicode="false" sap:label="Department Descripti"
					sap:creatable="false" sap:updatable="false" sap:sortable="false" sap:filterable="false"/><Property Name="ZzaprL3" Type="Edm.String" Nullable="false" MaxLength="12" sap:unicode="false" sap:label="Approver L3" sap:creatable="false"
					sap:updatable="false" sap:sortable="false" sap:filterable="false"/><Property Name="ZzaprL3Name" Type="Edm.String" Nullable="false" MaxLength="40" sap:unicode="false" sap:label="Approver L3 Name"
					sap:creatable="false" sap:updatable="false" sap:sortable="false" sap:filterable="false"/><Property Name="ZzaprL2" Type="Edm.String" Nullable="false" MaxLength="12" sap:unicode="false" sap:label="Approver L2" sap:creatable="false"
					sap:updatable="false" sap:sortable="false" sap:filterable="false"/><Property Name="ZzaprL1" Type="Edm.String" Nullable="false" MaxLength="12" sap:unicode="false" sap:label="Approver L1" sap:creatable="false"
					sap:updatable="false" sap:sortable="false" sap:filterable="false"/><Property Name="Zzactive" Type="Edm.String" Nullable="false" MaxLength="1" sap:unicode="false" sap:label="Active/Deactive"
					sap:creatable="false" sap:updatable="false" sap:sortable="false" sap:filterable="false"/></EntityType>
			<EntityType Name="ZmmshAfnam" sap:content-version="1">
				<Key><PropertyRef Name="Afnam"/></Key><Property Name="Afnam" Type="Edm.String" Nullable="false" MaxLength="12" sap:unicode="false" sap:label="Requisitioner" sap:creatable="false"
					sap:updatable="false" sap:sortable="false" sap:filterable="false"/><Property Name="ZzassName" Type="Edm.String" Nullable="false" MaxLength="40" sap:unicode="false" sap:label="Associate Name"
					sap:creatable="false" sap:updatable="false" sap:sortable="false" sap:filterable="false"/><Property Name="ZzmngAfnam" Type="Edm.String" Nullable="false" MaxLength="12" sap:unicode="false" sap:label="Manager Associate No"
					sap:creatable="false" sap:updatable="false" sap:sortable="false" sap:filterable="false"/><Property Name="ZzmngAssName" Type="Edm.String" Nullable="false" MaxLength="40" sap:unicode="false" sap:label="Manager Ass. Name"
					sap:creatable="false" sap:updatable="false" sap:sortable="false" sap:filterable="false"/><Property Name="ZzccPcCode" Type="Edm.String" Nullable="false" MaxLength="10" sap:unicode="false" sap:label="CC/PC Code"
					sap:creatable="false" sap:updatable="false" sap:sortable="false" sap:filterable="false"/><Property Name="ZzccPcName" Type="Edm.String" Nullable="false" MaxLength="40" sap:unicode="false" sap:label="CC/ PC Name"
					sap:creatable="false" sap:updatable="false" sap:sortable="false" sap:filterable="false"/><Property Name="Zzactive" Type="Edm.String" Nullable="false" MaxLength="1" sap:unicode="false" sap:label="Active/Deactive"
					sap:creatable="false" sap:updatable="false" sap:sortable="false" sap:filterable="false"/></EntityType>
			<EntityType Name="ZmmshKostl" sap:content-version="1">
				<Key><PropertyRef Name="Werks"/></Key><Property Name="Werks" Type="Edm.String" Nullable="false" MaxLength="4" sap:unicode="false" sap:label="Plant" sap:creatable="false"
					sap:updatable="false" sap:sortable="false" sap:filterable="false"/><Property Name="Kostl" Type="Edm.String" Nullable="false" MaxLength="10" sap:unicode="false" sap:label="Cost Center" sap:creatable="false"
					sap:updatable="false" sap:sortable="false" sap:filterable="false"/><Property Name="Ktext" Type="Edm.String" Nullable="false" MaxLength="20" sap:unicode="false" sap:label="Name" sap:creatable="false"
					sap:updatable="false" sap:sortable="false" sap:filterable="false"/><Property Name="Ltext" Type="Edm.String" Nullable="false" MaxLength="40" sap:unicode="false" sap:label="Description" sap:creatable="false"
					sap:updatable="false" sap:sortable="false" sap:filterable="false"/></EntityType>
			<EntityType Name="ZmmshBu" sap:content-version="1">
				<Key><PropertyRef Name="Zzbu"/></Key><Property Name="Zzbu" Type="Edm.String" Nullable="false" MaxLength="2" sap:unicode="false" sap:label="Business Unit" sap:creatable="false"
					sap:updatable="false" sap:sortable="false" sap:filterable="false"/><Property Name="ZzbuDesc" Type="Edm.String" Nullable="false" MaxLength="20" sap:unicode="false" sap:label="Business Unit Descri"
					sap:creatable="false" sap:updatable="false" sap:sortable="false" sap:filterable="false"/></EntityType>
			<EntityType Name="ymmsh_material" sap:content-version="1">
				<Key><PropertyRef Name="WERKS"/></Key><Property Name="WERKS" Type="Edm.String" Nullable="false" sap:unicode="false" sap:creatable="false" sap:updatable="false"
					sap:sortable="false" sap:filterable="false"/><Property Name="matkl" Type="Edm.String" Nullable="false" sap:unicode="false" sap:creatable="false" sap:updatable="false"
					sap:sortable="false" sap:filterable="false"/><Property Name="matnr" Type="Edm.String" Nullable="false" sap:unicode="false" sap:creatable="false" sap:updatable="false"
					sap:sortable="false" sap:filterable="false"/><Property Name="maktx" Type="Edm.String" Nullable="false" sap:unicode="false" sap:creatable="false" sap:updatable="false"
					sap:sortable="false" sap:filterable="false"/><Property Name="UnitOfMeasure" Type="Edm.String" Nullable="false" sap:unicode="false" sap:creatable="false" sap:updatable="false"
					sap:sortable="false" sap:filterable="false"/><Property Name="Currency" Type="Edm.String" Nullable="false" sap:unicode="false" sap:creatable="false" sap:updatable="false"
					sap:sortable="false" sap:filterable="false"/><Property Name="bukrs" Type="Edm.String" Nullable="false" sap:unicode="false" sap:creatable="false" sap:updatable="false"
					sap:sortable="false" sap:filterable="false"/><Property Name="WGBEZ60" Type="Edm.String" Nullable="false" sap:unicode="false" sap:creatable="false" sap:updatable="false"
					sap:sortable="false" sap:filterable="false"/><Property Name="req_category" Type="Edm.String" Nullable="false" sap:unicode="false" sap:creatable="false" sap:updatable="false"
					sap:sortable="false" sap:filterable="false"/></EntityType>
			<EntityType Name="ymmsh_WBS" sap:content-version="1">
				<Key><PropertyRef Name="PRCTR"/><PropertyRef Name="werks"/><PropertyRef Name="BU_DESC"/></Key><Property Name="PSPNR" Type="Edm.String" Nullable="false" sap:unicode="false" sap:creatable="false" sap:updatable="false"
					sap:sortable="false" sap:filterable="false"/><Property Name="PRCTR" Type="Edm.String" Nullable="false" sap:unicode="false" sap:creatable="false" sap:updatable="false"
					sap:sortable="false" sap:filterable="false"/><Property Name="werks" Type="Edm.String" Nullable="false" sap:unicode="false" sap:creatable="false" sap:updatable="false"
					sap:sortable="false" sap:filterable="false"/><Property Name="BU_DESC" Type="Edm.String" Nullable="false" sap:unicode="false" sap:creatable="false" sap:updatable="false"
					sap:sortable="false" sap:filterable="false"/><Property Name="POSID" Type="Edm.String" Nullable="false" sap:unicode="false" sap:creatable="false" sap:updatable="false"
					sap:sortable="false" sap:filterable="false"/><Property Name="POST1" Type="Edm.String" Nullable="false" sap:unicode="false" sap:creatable="false" sap:updatable="false"
					sap:sortable="false" sap:filterable="false"/></EntityType>
			<EntityType Name="ymmsh_CostCenter" sap:content-version="1">
				<Key><PropertyRef Name="prctr"/><PropertyRef Name="werks"/><PropertyRef Name="ZBU00"/></Key><Property Name="prctr" Type="Edm.String" Nullable="false" sap:unicode="false" sap:creatable="false" sap:updatable="false"
					sap:sortable="false" sap:filterable="false"/><Property Name="werks" Type="Edm.String" Nullable="false" sap:unicode="false" sap:creatable="false" sap:updatable="false"
					sap:sortable="false" sap:filterable="false"/><Property Name="ZBU00" Type="Edm.String" Nullable="false" sap:unicode="false" sap:creatable="false" sap:updatable="false"
					sap:sortable="false" sap:filterable="false"/><Property Name="BU_DESC" Type="Edm.String" Nullable="false" sap:unicode="false" sap:creatable="false" sap:updatable="false"
					sap:sortable="false" sap:filterable="false"/><Property Name="kostl" Type="Edm.String" Nullable="false" sap:unicode="false" sap:creatable="false" sap:updatable="false"
					sap:sortable="false" sap:filterable="false"/><Property Name="LTEXT" Type="Edm.String" Nullable="false" sap:unicode="false" sap:creatable="false" sap:updatable="false"
					sap:sortable="false" sap:filterable="false"/></EntityType>
			<EntityType Name="ymm_material_code" sap:content-version="1">
				<Key><PropertyRef Name="werks"/></Key><Property Name="werks" Type="Edm.String" Nullable="false" sap:unicode="false" sap:creatable="false" sap:updatable="false"
					sap:sortable="false" sap:filterable="false"/><Property Name="matkl" Type="Edm.String" Nullable="false" sap:unicode="false" sap:creatable="false" sap:updatable="false"
					sap:sortable="false" sap:filterable="false"/><NavigationProperty Name="ymm_materialcode_ass_set_nav" Relationship="YMM_PR_CREATION_ASSOCIATION_SRV.ymm_materialcode_ass_set"
					FromRole="FromRole_ymm_materialcode_ass_set" ToRole="ToRole_ymm_materialcode_ass_set"/></EntityType>
			<EntityType Name="YmmshPr" sap:content-version="1">
				<Key><PropertyRef Name="Banfn"/></Key><Property Name="Banfn" Type="Edm.String" Nullable="false" MaxLength="10" sap:unicode="false" sap:label="Purchase Req." sap:creatable="false"
					sap:updatable="false" sap:sortable="false" sap:filterable="false"/><Property Name="Afnam" Type="Edm.String" Nullable="false" MaxLength="12" sap:unicode="false" sap:label="Requisitioner" sap:creatable="false"
					sap:updatable="false" sap:sortable="false" sap:filterable="false"/><Property Name="Txz01" Type="Edm.String" Nullable="false" MaxLength="40" sap:unicode="false" sap:label="Short Text" sap:creatable="false"
					sap:updatable="false" sap:sortable="false" sap:filterable="false"/><Property Name="Ernam" Type="Edm.String" Nullable="false" MaxLength="12" sap:unicode="false" sap:label="Created By" sap:creatable="false"
					sap:updatable="false" sap:sortable="false" sap:filterable="false"/><Property Name="Badat" Type="Edm.DateTime" Precision="7" sap:unicode="false" sap:label="Requisn Date" sap:creatable="false"
					sap:updatable="false" sap:sortable="false" sap:filterable="false"/><Property Name="ZzbuDesc" Type="Edm.String" Nullable="false" MaxLength="20" sap:unicode="false" sap:label="Business Unit Descri"
					sap:creatable="false" sap:updatable="false" sap:sortable="false" sap:filterable="false"/><Property Name="ZzdeptDesc2" Type="Edm.String" Nullable="false" MaxLength="40" sap:unicode="false" sap:label="Department Descripti"
					sap:creatable="false" sap:updatable="false" sap:sortable="false" sap:filterable="false"/><Property Name="bnfpo" Type="Edm.String" Nullable="false" sap:unicode="false" sap:creatable="false" sap:updatable="false"
					sap:sortable="false" sap:filterable="false"/><Property Name="bsart" Type="Edm.String" Nullable="false" sap:unicode="false" sap:creatable="false" sap:updatable="false"
					sap:sortable="false" sap:filterable="false"/></EntityType>
			<EntityType Name="ymm_user" sap:content-version="1">
				<Key><PropertyRef Name="SYUSER"/></Key><Property Name="SYUSER" Type="Edm.String" Nullable="false" sap:unicode="false" sap:creatable="false" sap:updatable="false"
					sap:sortable="false" sap:filterable="false"/></EntityType>
			<EntityType Name="ymm_agreement_header" sap:content-version="1">
				<Key><PropertyRef Name="ebeln"/><PropertyRef Name="werks"/></Key><Property Name="ebeln" Type="Edm.String" Nullable="false" sap:unicode="false" sap:creatable="false" sap:updatable="false"
					sap:sortable="false" sap:filterable="false"/><Property Name="werks" Type="Edm.String" Nullable="false" sap:unicode="false" sap:creatable="false" sap:updatable="false"
					sap:sortable="false" sap:filterable="false"/><Property Name="ebelp" Type="Edm.String" Nullable="false" sap:unicode="false" sap:creatable="false" sap:updatable="false"
					sap:sortable="false" sap:filterable="false"/><NavigationProperty Name="ymm_agreement_assc_nav_set" Relationship="YMM_PR_CREATION_ASSOCIATION_SRV.ymm_agreement_assc_set"
					FromRole="FromRole_ymm_agreement_assc_set" ToRole="ToRole_ymm_agreement_assc_set"/></EntityType>
			<EntityType Name="ymm_agreement_item" sap:content-version="1">
				<Key><PropertyRef Name="ebeln"/><PropertyRef Name="werks"/></Key><Property Name="ebeln" Type="Edm.String" Nullable="false" sap:unicode="false" sap:creatable="false" sap:updatable="false"
					sap:sortable="false" sap:filterable="false"/><Property Name="ebelp" Type="Edm.String" Nullable="false" sap:unicode="false" sap:creatable="false" sap:updatable="false"
					sap:sortable="false" sap:filterable="false"/><Property Name="matnr" Type="Edm.String" Nullable="false" sap:unicode="false" sap:creatable="false" sap:updatable="false"
					sap:sortable="false" sap:filterable="false"/><Property Name="maktx" Type="Edm.String" Nullable="false" sap:unicode="false" sap:creatable="false" sap:updatable="false"
					sap:sortable="false" sap:filterable="false"/><Property Name="werks" Type="Edm.String" Nullable="false" sap:unicode="false" sap:creatable="false" sap:updatable="false"
					sap:sortable="false" sap:filterable="false"/><Property Name="matkl" Type="Edm.String" Nullable="false" sap:unicode="false" sap:creatable="false" sap:updatable="false"
					sap:sortable="false" sap:filterable="false"/><Property Name="UnitOfMeasure" Type="Edm.String" Nullable="false" sap:unicode="false" sap:creatable="false" sap:updatable="false"
					sap:sortable="false" sap:filterable="false"/><Property Name="NETPR" Type="Edm.Decimal" Nullable="false" Precision="31" Scale="0" sap:unicode="false" sap:creatable="false"
					sap:updatable="false" sap:sortable="false" sap:filterable="false"/><Property Name="lifnr" Type="Edm.String" Nullable="false" sap:unicode="false" sap:creatable="false" sap:updatable="false"
					sap:sortable="false" sap:filterable="false"/><Property Name="Currency" Type="Edm.String" Nullable="false" sap:unicode="false" sap:creatable="false" sap:updatable="false"
					sap:sortable="false" sap:filterable="false"/><Property Name="req_category" Type="Edm.String" Nullable="false" sap:unicode="false" sap:creatable="false" sap:updatable="false"
					sap:sortable="false" sap:filterable="false"/></EntityType>
			<EntityType Name="ymm_pr_f4" sap:content-version="1">
				<Key><PropertyRef Name="Banfn"/></Key><Property Name="Banfn" Type="Edm.String" Nullable="false" sap:unicode="false" sap:creatable="false" sap:updatable="false"
					sap:sortable="false" sap:filterable="false"/><Property Name="Afnam" Type="Edm.String" Nullable="false" sap:unicode="false" sap:creatable="false" sap:updatable="false"
					sap:sortable="false" sap:filterable="false"/><Property Name="Txz01" Type="Edm.String" Nullable="false" sap:unicode="false" sap:creatable="false" sap:updatable="false"
					sap:sortable="false" sap:filterable="false"/><Property Name="Ernam" Type="Edm.String" Nullable="false" sap:unicode="false" sap:creatable="false" sap:updatable="false"
					sap:sortable="false" sap:filterable="false"/><Property Name="ZzbuDesc" Type="Edm.String" Nullable="false" sap:unicode="false" sap:creatable="false" sap:updatable="false"
					sap:sortable="false" sap:filterable="false"/><Property Name="ZzdeptDesc2" Type="Edm.String" Nullable="false" sap:unicode="false" sap:creatable="false" sap:updatable="false"
					sap:sortable="false" sap:filterable="false"/><Property Name="bsart" Type="Edm.String" Nullable="false" sap:unicode="false" sap:creatable="false" sap:updatable="false"
					sap:sortable="false" sap:filterable="false"/></EntityType>
			<EntityType Name="ymm_get_attachment" sap:content-version="1">
				<Key><PropertyRef Name="InstidA"/></Key><Property Name="Brelguid" Type="Edm.Guid" Nullable="false" sap:unicode="false" sap:label="GUID" sap:creatable="false" sap:updatable="false"
					sap:sortable="false" sap:filterable="false"/><Property Name="Reltype" Type="Edm.String" Nullable="false" MaxLength="10" sap:unicode="false" sap:label="Rel. Type" sap:creatable="false"
					sap:updatable="false" sap:sortable="false" sap:filterable="false"/><Property Name="InstidA" Type="Edm.String" Nullable="false" MaxLength="70" sap:unicode="false" sap:label="Instance ID" sap:creatable="false"
					sap:updatable="false" sap:sortable="false" sap:filterable="false"/><Property Name="TypeidA" Type="Edm.String" Nullable="false" MaxLength="32" sap:unicode="false" sap:label="Object Type" sap:creatable="false"
					sap:updatable="false" sap:sortable="false" sap:filterable="false"/><Property Name="CatidA" Type="Edm.String" Nullable="false" MaxLength="2" sap:unicode="false" sap:label="Object Category"
					sap:creatable="false" sap:updatable="false" sap:sortable="false" sap:filterable="false"/><Property Name="InstidB" Type="Edm.String" Nullable="false" MaxLength="70" sap:unicode="false" sap:label="Instance ID" sap:creatable="false"
					sap:updatable="false" sap:sortable="false" sap:filterable="false"/><Property Name="TypeidB" Type="Edm.String" Nullable="false" MaxLength="32" sap:unicode="false" sap:label="Object Type" sap:creatable="false"
					sap:updatable="false" sap:sortable="false" sap:filterable="false"/><Property Name="CatidB" Type="Edm.String" Nullable="false" MaxLength="2" sap:unicode="false" sap:label="Object Category"
					sap:creatable="false" sap:updatable="false" sap:sortable="false" sap:filterable="false"/><Property Name="LogsysA" Type="Edm.String" Nullable="false" MaxLength="10" sap:unicode="false" sap:label="Logical system"
					sap:creatable="false" sap:updatable="false" sap:sortable="false" sap:filterable="false"/><Property Name="ArchA" Type="Edm.String" Nullable="false" MaxLength="1" sap:unicode="false" sap:label="Object Archived"
					sap:creatable="false" sap:updatable="false" sap:sortable="false" sap:filterable="false"/><Property Name="LogsysB" Type="Edm.String" Nullable="false" MaxLength="10" sap:unicode="false" sap:label="Logical system"
					sap:creatable="false" sap:updatable="false" sap:sortable="false" sap:filterable="false"/><Property Name="ArchB" Type="Edm.String" Nullable="false" MaxLength="1" sap:unicode="false" sap:label="Object Archived"
					sap:creatable="false" sap:updatable="false" sap:sortable="false" sap:filterable="false"/><Property Name="Utctime" Type="Edm.DateTime" Precision="0" sap:unicode="false" sap:label="Time Stamp" sap:creatable="false"
					sap:updatable="false" sap:sortable="false" sap:filterable="false"/><Property Name="Homesys" Type="Edm.String" Nullable="false" MaxLength="10" sap:unicode="false" sap:label="Logical system"
					sap:creatable="false" sap:updatable="false" sap:sortable="false" sap:filterable="false"/></EntityType>
			<Association Name="ymm_agreement_assc_set" sap:content-version="1"><End Type="YMM_PR_CREATION_ASSOCIATION_SRV.ymm_agreement_header" Multiplicity="1" Role="FromRole_ymm_agreement_assc_set"/><End Type="YMM_PR_CREATION_ASSOCIATION_SRV.ymm_agreement_item" Multiplicity="*" Role="ToRole_ymm_agreement_assc_set"/>
				<ReferentialConstraint>
					<Principal Role="FromRole_ymm_agreement_assc_set"><PropertyRef Name="werks"/><PropertyRef Name="ebeln"/></Principal>
					<Dependent Role="ToRole_ymm_agreement_assc_set"><PropertyRef Name="werks"/><PropertyRef Name="ebeln"/></Dependent>
				</ReferentialConstraint>
			</Association>
			<Association Name="ymm_materialcode_ass_set" sap:content-version="1"><End Type="YMM_PR_CREATION_ASSOCIATION_SRV.ymm_material_code" Multiplicity="1" Role="FromRole_ymm_materialcode_ass_set"/><End Type="YMM_PR_CREATION_ASSOCIATION_SRV.ymmsh_material" Multiplicity="*" Role="ToRole_ymm_materialcode_ass_set"/>
				<ReferentialConstraint>
					<Principal Role="FromRole_ymm_materialcode_ass_set"><PropertyRef Name="werks"/></Principal>
					<Dependent Role="ToRole_ymm_materialcode_ass_set"><PropertyRef Name="WERKS"/></Dependent>
				</ReferentialConstraint>
			</Association>
			<Association Name="ymm_headertext_ass" sap:content-version="1"><End Type="YMM_PR_CREATION_ASSOCIATION_SRV.PR_Header" Multiplicity="1" Role="FromRole_ymm_headertext_ass"/><End Type="YMM_PR_CREATION_ASSOCIATION_SRV.ymm_header_text" Multiplicity="*" Role="ToRole_ymm_headertext_ass"/>
				<ReferentialConstraint>
					<Principal Role="FromRole_ymm_headertext_ass"><PropertyRef Name="Banfn"/></Principal>
					<Dependent Role="ToRole_ymm_headertext_ass"><PropertyRef Name="BANFN"/></Dependent>
				</ReferentialConstraint>
			</Association>
			<Association Name="ymm_fiori_appr2_ass" sap:content-version="1"><End Type="YMM_PR_CREATION_ASSOCIATION_SRV.PR_Header" Multiplicity="1" Role="FromRole_ymm_fiori_appr2_ass"/><End Type="YMM_PR_CREATION_ASSOCIATION_SRV.ymm_fiori_log_appr2_det" Multiplicity="*" Role="ToRole_ymm_fiori_appr2_ass"/>
				<ReferentialConstraint>
					<Principal Role="FromRole_ymm_fiori_appr2_ass"><PropertyRef Name="Banfn"/></Principal>
					<Dependent Role="ToRole_ymm_fiori_appr2_ass"><PropertyRef Name="PRnumber"/></Dependent>
				</ReferentialConstraint>
			</Association>
			<Association Name="ymm_get_att_association" sap:content-version="1"><End Type="YMM_PR_CREATION_ASSOCIATION_SRV.PR_Header" Multiplicity="1" Role="FromRole_ymm_get_att_association"/><End Type="YMM_PR_CREATION_ASSOCIATION_SRV.ymm_get_attachment" Multiplicity="*" Role="ToRole_ymm_get_att_association"/>
				<ReferentialConstraint>
					<Principal Role="FromRole_ymm_get_att_association"><PropertyRef Name="Banfn"/></Principal>
					<Dependent Role="ToRole_ymm_get_att_association"><PropertyRef Name="InstidA"/></Dependent>
				</ReferentialConstraint>
			</Association>
			<Association Name="PrHeaderItem" sap:content-version="1"><End Type="YMM_PR_CREATION_ASSOCIATION_SRV.PR_Header" Multiplicity="1" Role="FromRole_PrHeaderItem"/><End Type="YMM_PR_CREATION_ASSOCIATION_SRV.PR_Item" Multiplicity="*" Role="ToRole_PrHeaderItem"/>
				<ReferentialConstraint>
					<Principal Role="FromRole_PrHeaderItem"><PropertyRef Name="Banfn"/></Principal>
					<Dependent Role="ToRole_PrHeaderItem"><PropertyRef Name="PreqItem"/></Dependent>
				</ReferentialConstraint>
			</Association>
			<Association Name="ymm_cc_association_set" sap:content-version="1"><End Type="YMM_PR_CREATION_ASSOCIATION_SRV.ymm_cc_set" Multiplicity="1" Role="FromRole_ymm_cc_association_set"/><End Type="YMM_PR_CREATION_ASSOCIATION_SRV.ymmsh_CostCenter" Multiplicity="*" Role="ToRole_ymm_cc_association_set"/>
				<ReferentialConstraint>
					<Principal Role="FromRole_ymm_cc_association_set"><PropertyRef Name="BU_DESC"/><PropertyRef Name="WERKS"/></Principal>
					<Dependent Role="ToRole_ymm_cc_association_set"><PropertyRef Name="BU_DESC"/><PropertyRef Name="werks"/></Dependent>
				</ReferentialConstraint>
			</Association>
			<Association Name="ymm_WBS_assc_set" sap:content-version="1"><End Type="YMM_PR_CREATION_ASSOCIATION_SRV.ymm_cc_set" Multiplicity="1" Role="FromRole_ymm_WBS_assc_set"/><End Type="YMM_PR_CREATION_ASSOCIATION_SRV.ymmsh_WBS" Multiplicity="*" Role="ToRole_ymm_WBS_assc_set"/>
				<ReferentialConstraint>
					<Principal Role="FromRole_ymm_WBS_assc_set"><PropertyRef Name="BU_DESC"/><PropertyRef Name="WERKS"/></Principal>
					<Dependent Role="ToRole_ymm_WBS_assc_set"><PropertyRef Name="BU_DESC"/><PropertyRef Name="werks"/></Dependent>
				</ReferentialConstraint>
			</Association>
			<EntityContainer Name="YMM_PR_CREATION_ASSOCIATION_SRV_Entities" m:IsDefaultEntityContainer="true" sap:supported-formats="atom json xlsx"><EntitySet Name="PR_HeaderSet" EntityType="YMM_PR_CREATION_ASSOCIATION_SRV.PR_Header" sap:creatable="false" sap:updatable="false"
				sap:pageable="false" sap:content-version="1"/><EntitySet Name="PR_ItemSet" EntityType="YMM_PR_CREATION_ASSOCIATION_SRV.PR_Item" sap:creatable="false" sap:updatable="false"
				sap:pageable="false" sap:content-version="1"/><EntitySet Name="ymm_service_shSet" EntityType="YMM_PR_CREATION_ASSOCIATION_SRV.ymm_service_sh" sap:creatable="false" sap:updatable="false"
				sap:deletable="false" sap:pageable="false" sap:addressable="false" sap:content-version="1"/><EntitySet Name="zmmsh_categorySet" EntityType="YMM_PR_CREATION_ASSOCIATION_SRV.zmmsh_category" sap:creatable="false" sap:updatable="false"
				sap:deletable="false" sap:pageable="false" sap:addressable="false" sap:content-version="1"/><EntitySet Name="ymm_sh_glSet" EntityType="YMM_PR_CREATION_ASSOCIATION_SRV.ymm_sh_gl" sap:creatable="false" sap:updatable="false"
				sap:deletable="false" sap:pageable="false" sap:addressable="false" sap:content-version="1"/><EntitySet Name="YMM_FIORI_LOGSet" EntityType="YMM_PR_CREATION_ASSOCIATION_SRV.YMM_FIORI_LOG" sap:creatable="false" sap:updatable="false"
				sap:deletable="false" sap:pageable="false" sap:content-version="1"/><EntitySet Name="YMM_PR_BUYER_IDSet" EntityType="YMM_PR_CREATION_ASSOCIATION_SRV.YMM_PR_BUYER_ID" sap:creatable="false"
				sap:updatable="false" sap:deletable="false" sap:pageable="false" sap:addressable="false" sap:content-version="1"/><EntitySet Name="YMM_PR_SAMSet" EntityType="YMM_PR_CREATION_ASSOCIATION_SRV.YMM_PR_SAM" sap:creatable="false" sap:updatable="false"
				sap:deletable="false" sap:pageable="false" sap:addressable="false" sap:content-version="1"/><EntitySet Name="YMM_PR_HAMSet" EntityType="YMM_PR_CREATION_ASSOCIATION_SRV.YMM_PR_HAM" sap:creatable="false" sap:updatable="false"
				sap:deletable="false" sap:pageable="false" sap:addressable="false" sap:content-version="1"/><EntitySet Name="ymm_SAM_HAM_BUYER_userSet" EntityType="YMM_PR_CREATION_ASSOCIATION_SRV.ymm_SAM_HAM_BUYER_user" sap:creatable="false"
				sap:updatable="false" sap:deletable="false" sap:pageable="false" sap:addressable="false" sap:content-version="1"/><EntitySet Name="ymm_cc_setSet" EntityType="YMM_PR_CREATION_ASSOCIATION_SRV.ymm_cc_set" sap:creatable="false" sap:updatable="false"
				sap:deletable="false" sap:pageable="false" sap:addressable="false" sap:content-version="1"/><EntitySet Name="FileSet" EntityType="YMM_PR_CREATION_ASSOCIATION_SRV.File" sap:creatable="false" sap:updatable="false"
				sap:deletable="false" sap:pageable="false" sap:content-version="1"/><EntitySet Name="ZMM_DEPT_MASTERSet" EntityType="YMM_PR_CREATION_ASSOCIATION_SRV.ZMM_DEPT_MASTER" sap:creatable="false"
				sap:updatable="false" sap:deletable="false" sap:pageable="false" sap:content-version="1"/><EntitySet Name="ymm_header_textSet" EntityType="YMM_PR_CREATION_ASSOCIATION_SRV.ymm_header_text" sap:creatable="false"
				sap:updatable="false" sap:deletable="false" sap:pageable="false" sap:addressable="false" sap:content-version="1"/><EntitySet Name="ztgetattachmentSet" EntityType="YMM_PR_CREATION_ASSOCIATION_SRV.ztgetattachment" sap:creatable="false"
				sap:updatable="false" sap:deletable="false" sap:pageable="false" sap:content-version="1"/><EntitySet Name="ymm_manager_setSet" EntityType="YMM_PR_CREATION_ASSOCIATION_SRV.ymm_manager_set" sap:creatable="false"
				sap:updatable="false" sap:deletable="false" sap:pageable="false" sap:addressable="false" sap:content-version="1"/><EntitySet Name="ymm_fiori_log_appr2_detSet" EntityType="YMM_PR_CREATION_ASSOCIATION_SRV.ymm_fiori_log_appr2_det" sap:creatable="false"
				sap:updatable="false" sap:deletable="false" sap:pageable="false" sap:addressable="false" sap:content-version="1"/><EntitySet Name="ZmmshDeptCode2Set" EntityType="YMM_PR_CREATION_ASSOCIATION_SRV.ZmmshDeptCode2" sap:creatable="false" sap:updatable="false"
				sap:deletable="false" sap:pageable="false" sap:content-version="1"/><EntitySet Name="ZmmshAfnamSet" EntityType="YMM_PR_CREATION_ASSOCIATION_SRV.ZmmshAfnam" sap:creatable="false" sap:updatable="false"
				sap:deletable="false" sap:pageable="false" sap:content-version="1"/><EntitySet Name="ZmmshKostlSet" EntityType="YMM_PR_CREATION_ASSOCIATION_SRV.ZmmshKostl" sap:creatable="false" sap:updatable="false"
				sap:deletable="false" sap:pageable="false" sap:content-version="1"/><EntitySet Name="ZmmshBuSet" EntityType="YMM_PR_CREATION_ASSOCIATION_SRV.ZmmshBu" sap:creatable="false" sap:updatable="false"
				sap:deletable="false" sap:pageable="false" sap:content-version="1"/><EntitySet Name="ymmsh_materialSet" EntityType="YMM_PR_CREATION_ASSOCIATION_SRV.ymmsh_material" sap:creatable="false" sap:updatable="false"
				sap:deletable="false" sap:pageable="false" sap:addressable="false" sap:content-version="1"/><EntitySet Name="ymmsh_WBSSet" EntityType="YMM_PR_CREATION_ASSOCIATION_SRV.ymmsh_WBS" sap:creatable="false" sap:updatable="false"
				sap:deletable="false" sap:pageable="false" sap:addressable="false" sap:content-version="1"/><EntitySet Name="ymmsh_CostCenterSet" EntityType="YMM_PR_CREATION_ASSOCIATION_SRV.ymmsh_CostCenter" sap:creatable="false"
				sap:updatable="false" sap:deletable="false" sap:pageable="false" sap:addressable="false" sap:content-version="1"/><EntitySet Name="ymm_material_codeSet" EntityType="YMM_PR_CREATION_ASSOCIATION_SRV.ymm_material_code" sap:creatable="false"
				sap:updatable="false" sap:deletable="false" sap:pageable="false" sap:addressable="false" sap:content-version="1"/><EntitySet Name="YmmshPrSet" EntityType="YMM_PR_CREATION_ASSOCIATION_SRV.YmmshPr" sap:creatable="false" sap:updatable="false"
				sap:deletable="false" sap:pageable="false" sap:content-version="1"/><EntitySet Name="ymm_userSet" EntityType="YMM_PR_CREATION_ASSOCIATION_SRV.ymm_user" sap:creatable="false" sap:updatable="false"
				sap:deletable="false" sap:pageable="false" sap:addressable="false" sap:content-version="1"/><EntitySet Name="ymm_agreement_headerSet" EntityType="YMM_PR_CREATION_ASSOCIATION_SRV.ymm_agreement_header" sap:creatable="false"
				sap:updatable="false" sap:deletable="false" sap:pageable="false" sap:addressable="false" sap:content-version="1"/><EntitySet Name="ymm_agreement_itemSet" EntityType="YMM_PR_CREATION_ASSOCIATION_SRV.ymm_agreement_item" sap:creatable="false"
				sap:updatable="false" sap:deletable="false" sap:pageable="false" sap:addressable="false" sap:content-version="1"/><EntitySet Name="ymm_pr_f4Set" EntityType="YMM_PR_CREATION_ASSOCIATION_SRV.ymm_pr_f4" sap:creatable="false" sap:updatable="false"
				sap:deletable="false" sap:pageable="false" sap:addressable="false" sap:content-version="1"/><EntitySet Name="ymm_get_attachmentSet" EntityType="YMM_PR_CREATION_ASSOCIATION_SRV.ymm_get_attachment" sap:creatable="false"
				sap:updatable="false" sap:deletable="false" sap:pageable="false" sap:content-version="1"/>
				<AssociationSet Name="ymm_cc_association_setSet" Association="YMM_PR_CREATION_ASSOCIATION_SRV.ymm_cc_association_set" sap:creatable="false"
					sap:updatable="false" sap:deletable="false" sap:content-version="1"><End EntitySet="ymm_cc_setSet" Role="FromRole_ymm_cc_association_set"/><End EntitySet="ymmsh_CostCenterSet" Role="ToRole_ymm_cc_association_set"/></AssociationSet>
				<AssociationSet Name="ymm_WBS_assc_setSet" Association="YMM_PR_CREATION_ASSOCIATION_SRV.ymm_WBS_assc_set" sap:creatable="false"
					sap:updatable="false" sap:deletable="false" sap:content-version="1"><End EntitySet="ymm_cc_setSet" Role="FromRole_ymm_WBS_assc_set"/><End EntitySet="ymmsh_WBSSet" Role="ToRole_ymm_WBS_assc_set"/></AssociationSet>
				<AssociationSet Name="PrHeaderItemSet" Association="YMM_PR_CREATION_ASSOCIATION_SRV.PrHeaderItem" sap:creatable="false"
					sap:updatable="false" sap:deletable="false" sap:content-version="1"><End EntitySet="PR_HeaderSet" Role="FromRole_PrHeaderItem"/><End EntitySet="PR_ItemSet" Role="ToRole_PrHeaderItem"/></AssociationSet>
				<AssociationSet Name="ymm_get_att_associationSet" Association="YMM_PR_CREATION_ASSOCIATION_SRV.ymm_get_att_association"
					sap:creatable="false" sap:updatable="false" sap:deletable="false" sap:content-version="1"><End EntitySet="PR_HeaderSet" Role="FromRole_ymm_get_att_association"/><End EntitySet="ymm_get_attachmentSet" Role="ToRole_ymm_get_att_association"/></AssociationSet>
				<AssociationSet Name="ymm_materialcode_ass_setSet" Association="YMM_PR_CREATION_ASSOCIATION_SRV.ymm_materialcode_ass_set"
					sap:creatable="false" sap:updatable="false" sap:deletable="false" sap:content-version="1"><End EntitySet="ymm_material_codeSet" Role="FromRole_ymm_materialcode_ass_set"/><End EntitySet="ymmsh_materialSet" Role="ToRole_ymm_materialcode_ass_set"/></AssociationSet>
				<AssociationSet Name="ymm_agreement_assc_setSet" Association="YMM_PR_CREATION_ASSOCIATION_SRV.ymm_agreement_assc_set" sap:creatable="false"
					sap:updatable="false" sap:deletable="false" sap:content-version="1"><End EntitySet="ymm_agreement_headerSet" Role="FromRole_ymm_agreement_assc_set"/><End EntitySet="ymm_agreement_itemSet" Role="ToRole_ymm_agreement_assc_set"/></AssociationSet>
				<AssociationSet Name="ymm_fiori_appr2_assSet" Association="YMM_PR_CREATION_ASSOCIATION_SRV.ymm_fiori_appr2_ass" sap:creatable="false"
					sap:updatable="false" sap:deletable="false" sap:content-version="1"><End EntitySet="PR_HeaderSet" Role="FromRole_ymm_fiori_appr2_ass"/><End EntitySet="ymm_fiori_log_appr2_detSet" Role="ToRole_ymm_fiori_appr2_ass"/></AssociationSet>
				<AssociationSet Name="ymm_headertext_assSet" Association="YMM_PR_CREATION_ASSOCIATION_SRV.ymm_headertext_ass" sap:creatable="false"
					sap:updatable="false" sap:deletable="false" sap:content-version="1"><End EntitySet="PR_HeaderSet" Role="FromRole_ymm_headertext_ass"/><End EntitySet="ymm_header_textSet" Role="ToRole_ymm_headertext_ass"/></AssociationSet>
			</EntityContainer><atom:link xmlns:atom="http://www.w3.org/2005/Atom" rel="self" href="./sap/YMM_PR_CREATION_ASSOCIATION_SRV/$metadata"/><atom:link xmlns:atom="http://www.w3.org/2005/Atom" rel="latest-version" href="./sap/YMM_PR_CREATION_ASSOCIATION_SRV/$metadata"/></Schema>
	</edmx:DataServices>
</edmx:Edmx>