<edmx:Edmx Version="1.0"
    xmlns:edmx="http://schemas.microsoft.com/ado/2007/06/edmx"
    xmlns:m="http://schemas.microsoft.com/ado/2007/08/dataservices/metadata"
    xmlns:sap="http://www.sap.com/Protocols/SAPData">
    <edmx:DataServices m:DataServiceVersion="2.0">
        <Schema Namespace="ZPM_LM_SRV" xml:lang="en" sap:schema-version="1"
            xmlns="http://schemas.microsoft.com/ado/2008/09/edm">
            <EntityType Name="ShopMap" m:HasStream="true" sap:content-version="1">
                <Key>
                    <PropertyRef Name="ShopId"/>
                </Key>
                <Property Name="ShopId" Type="Edm.String" Nullable="false" MaxLength="4" sap:unicode="false" sap:label="Plant" sap:creatable="false" sap:updatable="false" sap:sortable="false" sap:filterable="false"/>
                <Property Name="MimeType" Type="Edm.String" Nullable="false" MaxLength="128" sap:unicode="false" sap:label="MIME type" sap:creatable="false" sap:updatable="false" sap:sortable="false" sap:filterable="false"/>
                <Property Name="SvgUri" Type="Edm.String" Nullable="false" sap:unicode="false" sap:label="SVG URI" sap:creatable="false" sap:updatable="false" sap:sortable="false" sap:filterable="false"/>
            </EntityType>
            <EntityType Name="Locomotive" sap:content-version="1">
                <Key>
                    <PropertyRef Name="FunctionalLoc"/>
                    <PropertyRef Name="Equipment"/>
                </Key>
                <Property Name="LocomotiveNumber" Type="Edm.String" Nullable="false" MaxLength="30" sap:unicode="false" sap:label="Sort field" sap:creatable="false" sap:updatable="false" sap:sortable="false" sap:filterable="false"/>
                <Property Name="ModelNo" Type="Edm.String" Nullable="false" MaxLength="20" sap:unicode="false" sap:label="Model number" sap:creatable="false" sap:updatable="false" sap:sortable="false" sap:filterable="false"/>
                <Property Name="FunctionalLoc" Type="Edm.String" Nullable="false" MaxLength="30" sap:unicode="false" sap:label="Functional loc." sap:creatable="false" sap:updatable="false" sap:sortable="false" sap:filterable="false"/>
                <Property Name="Equipment" Type="Edm.String" Nullable="false" MaxLength="18" sap:unicode="false" sap:label="Equipment" sap:creatable="false" sap:updatable="false" sap:sortable="false" sap:filterable="false"/>
            </EntityType>
            <EntityType Name="Shop" sap:content-version="1">
                <Key>
                    <PropertyRef Name="Id"/>
                </Key>
                <Property Name="Id" Type="Edm.String" Nullable="false" MaxLength="4" sap:unicode="false" sap:label="Plant" sap:creatable="false" sap:updatable="false" sap:sortable="false" sap:filterable="false"/>
                <Property Name="Name" Type="Edm.String" Nullable="false" MaxLength="40" sap:unicode="false" sap:label="Name" sap:creatable="false" sap:updatable="false" sap:sortable="false" sap:filterable="false"/>
                <Property Name="MapPath" Type="Edm.String" Nullable="false" MaxLength="255" sap:unicode="false" sap:label="Map Path" sap:creatable="false" sap:updatable="false" sap:sortable="false" sap:filterable="false"/>
                <NavigationProperty Name="TrackSpotSet" Relationship="ZPM_LM_SRV.ShopToTrack" FromRole="FromRole_ShopToTrack" ToRole="ToRole_ShopToTrack"/>
            </EntityType>
            <EntityType Name="TrackSpot" sap:content-version="1">
                <Key>
                    <PropertyRef Name="Track"/>
                    <PropertyRef Name="Spot"/>
                </Key>
                <Property Name="Track" Type="Edm.String" Nullable="false" MaxLength="5" sap:unicode="false" sap:label="Track" sap:creatable="false" sap:updatable="false" sap:sortable="false" sap:filterable="false"/>
                <Property Name="Spot" Type="Edm.String" Nullable="false" MaxLength="4" sap:unicode="false" sap:label="Spot" sap:creatable="false" sap:updatable="false" sap:sortable="false" sap:filterable="false"/>
                <Property Name="Trackspot" Type="Edm.String" Nullable="false" MaxLength="10" sap:unicode="false" sap:label="Track-Spot" sap:creatable="false" sap:updatable="false" sap:sortable="false" sap:filterable="false"/>
            </EntityType>
            <EntityType Name="Defect" sap:content-version="1">
                <Key>
                    <PropertyRef Name="Equipment"/>
                </Key>
                <Property Name="Equipment" Type="Edm.String" Nullable="false" MaxLength="18" sap:unicode="false" sap:label="Equipment" sap:creatable="false" sap:updatable="false" sap:sortable="false"/>
                <Property Name="FunctionalLoc" Type="Edm.String" Nullable="false" MaxLength="40" sap:unicode="false" sap:label="Functional loc." sap:creatable="false" sap:updatable="false" sap:sortable="false" sap:filterable="false"/>
                <Property Name="DefectNumber" Type="Edm.String" Nullable="false" MaxLength="12" sap:unicode="false" sap:label="Notification" sap:creatable="false" sap:updatable="false" sap:sortable="false" sap:filterable="false"/>
                <Property Name="DefectType" Type="Edm.String" Nullable="false" MaxLength="2" sap:unicode="false" sap:label="Notifictn type" sap:creatable="false" sap:updatable="false" sap:sortable="false" sap:filterable="false"/>
                <Property Name="DefectDescr" Type="Edm.String" Nullable="false" MaxLength="40" sap:unicode="false" sap:label="Description" sap:creatable="false" sap:updatable="false" sap:sortable="false" sap:filterable="false"/>
                <Property Name="WorkCenter" Type="Edm.String" Nullable="false" MaxLength="8" sap:unicode="false" sap:label="Work center" sap:creatable="false" sap:updatable="false" sap:sortable="false" sap:filterable="false"/>
                <Property Name="PlanDefectDur" Type="Edm.Int32" Nullable="false" sap:unicode="false" sap:label="Number" sap:creatable="false" sap:updatable="false" sap:sortable="false" sap:filterable="false"/>
                <Property Name="PlanDefectUom" Type="Edm.String" Nullable="false" MaxLength="3" sap:unicode="false" sap:label="Int. Meas. Unit" sap:creatable="false" sap:updatable="false" sap:sortable="false" sap:filterable="false" sap:semantics="unit-of-measure"/>
                <Property Name="MandatoryDefect" Type="Edm.Boolean" Nullable="false" sap:unicode="false" sap:label="TRUE" sap:creatable="false" sap:updatable="false" sap:sortable="false" sap:filterable="false"/>
                <Property Name="NearingDueDate" Type="Edm.Boolean" Nullable="false" sap:unicode="false" sap:label="TRUE" sap:creatable="false" sap:updatable="false" sap:sortable="false" sap:filterable="false"/>
                <Property Name="ReqStartDate" Type="Edm.DateTime" Nullable="false" Precision="7" sap:unicode="false" sap:label="Req. start" sap:creatable="false" sap:updatable="false" sap:sortable="false" sap:filterable="false"/>
                <Property Name="ObjectNumber" Type="Edm.String" Nullable="false" MaxLength="22" sap:unicode="false" sap:label="Object number" sap:creatable="false" sap:updatable="false" sap:sortable="false" sap:filterable="false"/>
            </EntityType>
            <Association Name="ShopToTrack" sap:content-version="1">
                <End Type="ZPM_LM_SRV.Shop" Multiplicity="1" Role="FromRole_ShopToTrack"/>
                <End Type="ZPM_LM_SRV.TrackSpot" Multiplicity="*" Role="ToRole_ShopToTrack"/>
            </Association>
            <EntityContainer Name="ZPM_LM_SRV_Entities" m:IsDefaultEntityContainer="true" sap:supported-formats="atom json xlsx">
                <EntitySet Name="ShopMapSet" EntityType="ZPM_LM_SRV.ShopMap" sap:creatable="false" sap:updatable="false" sap:deletable="false" sap:pageable="false" sap:addressable="false" sap:content-version="1"/>
                <EntitySet Name="LocomotiveSet" EntityType="ZPM_LM_SRV.Locomotive" sap:creatable="false" sap:updatable="false" sap:deletable="false" sap:pageable="false" sap:addressable="false" sap:content-version="1"/>
                <EntitySet Name="ShopSet" EntityType="ZPM_LM_SRV.Shop" sap:creatable="false" sap:updatable="false" sap:deletable="false" sap:pageable="false" sap:addressable="false" sap:content-version="1"/>
                <EntitySet Name="TrackSpotSet" EntityType="ZPM_LM_SRV.TrackSpot" sap:creatable="false" sap:updatable="false" sap:deletable="false" sap:pageable="false" sap:addressable="false" sap:content-version="1"/>
                <EntitySet Name="DefectSet" EntityType="ZPM_LM_SRV.Defect" sap:creatable="false" sap:updatable="false" sap:deletable="false" sap:pageable="false" sap:addressable="false" sap:content-version="1"/>
                <AssociationSet Name="ShopToTrackSet" Association="ZPM_LM_SRV.ShopToTrack" sap:creatable="false" sap:updatable="false" sap:deletable="false" sap:content-version="1">
                    <End EntitySet="ShopSet" Role="FromRole_ShopToTrack"/>
                    <End EntitySet="TrackSpotSet" Role="ToRole_ShopToTrack"/>
                </AssociationSet>
                <FunctionImport Name="GetInboundLocomotives" ReturnType="Collection(ZPM_LM_SRV.Locomotive)" EntitySet="LocomotiveSet" m:HttpMethod="GET">
                    <Parameter Name="plant" Type="Edm.String" Mode="In"/>
                </FunctionImport>
                <FunctionImport Name="GetShoppedLocomotives" ReturnType="Collection(ZPM_LM_SRV.Locomotive)" EntitySet="LocomotiveSet" m:HttpMethod="GET">
                    <Parameter Name="plant" Type="Edm.String" Mode="In"/>
                </FunctionImport>
            </EntityContainer>
            <atom:link rel="self" href="./sap/ZPM_LM_SRV/$metadata"
                xmlns:atom="http://www.w3.org/2005/Atom"/>
                <atom:link rel="latest-version" href="./sap/ZPM_LM_SRV/$metadata"
                    xmlns:atom="http://www.w3.org/2005/Atom"/>
                </Schema>
            </edmx:DataServices>
        </edmx:Edmx>