[{
	"CAInvoicingDocument": "CAInvoicingDocument 1",
	"CAOfficialDocumentNumber": "CAOfficialDocumentNumber 1",
	"FirstName": "FirstName 1",
	"LastName": "LastName 1",
	"BusinessPartnerFullName": "BusinessPartnerFullName 1",
	"StreetName": "StreetName 1",
	"AddressCityName": "AddressCityName 1",
	"Country": "Country 1",
	"BusinessPartner": "BusinessPartner 1",
	"ContractAccount": "ContractAccount 1",
	"ContractAccountName": "ContractAccountName 1",
	"CAInvcgType": "CAInvcgType 1",
	"CAInvcgTypeText": "CAInvcgTypeText 1",
	"CAInvcgDocPeriodDate": "/Date(1546297200000)/",
	"DocumentDate": "/Date(1546297200000)/",
	"TransactionCurrency": "TransactionCurrency 1",
	"CAAmountInTransactionCurrency": 2022.95,
	"CAInvcgProcess": "CAInvcgProcess 1",
	"CAInvcgProcessText": "CAInvcgProcessText 1",
	"CAInvcgDocumentType": "CAInvcgDocumentType 1",
	"CAInvcgDocumentTypeText": "CAInvcgDocumentTypeText 1",
	"CADunningCounter": "CADunningCounter 1",
	"CAInvcgDocHasControlDoc": true,
	"ApplicationForm": "ApplicationForm 1",
	"CAInvcgDocumentPrintDate": "/Date(1546297200000)/",
	"CAInvcgDocLockedForPrinting": "CAInvcgDocLockedForPrinting 1",
	"CAInvcgDocLockedForPrintText": "CAInvcgDocLockedForPrintText 1",
	"CANetDueDate": "/Date(1546297200000)/",
	"CAInvcgDocumentReversalReason": "",
	"CAInvcgDocReversalReasonText": "",
	"CAInvcgIsDocumentPosted": true,
	"CAInvcgIsDocumentPreliminary": true,
	"CAInvcgIsDocumentSimulated": false,
	"CAPostingDate": "/Date(1546297200000)/",
	"CAApplicationArea": "CAApplicationArea 1",
	"CAInvcgTechnicalDocumentType": "CAInvcgTechnicalDocumentType 1",
	"CAInvcgDocTechDocTypeText": "CAInvcgDocTechDocTypeText 1",
	"CAInvcgTargetProcess": "CAInvcgTargetProcess 1",
	"CAInvcgTargetProcText": "CAInvcgTargetProcText 1",
	"CAInvcgMasterDataType": "CAInvcgMasterDataType 1",
	"CAInvcgMasterDataTypeText": "CAInvcgMasterDataTypeText 1",
	"AltvContractAcctForCollvBills": "AltvContractAcctForCollvBills 1",
	"CASubstituteDocumentNumber": "CASubstituteDocumentNumber 1",
	"CreatedByUser": "CreatedByUser 1",
	"CAInvcgCreationDate": "/Date(1546297200000)/",
	"CAInvcgCreationTime": "PT2H37M40S",
	"CAInvcgDocCreationMode": "CAInvcgDocCreationMode 1",
	"CAInvcgDocCreationModeText": "CAInvcgDocCreationModeText 1",
	"CAInvcgNmbrOfInvoicingDocItems": 2022,
	"CAReconciliationKey": "CAReconciliationKey 1",
	"CAInvcgDocInternalNumber": "CAInvcgDocInternalNumber 1",
	"CACashDiscountDueDate": "/Date(1546297200000)/",
	"CACashDiscountRate": 72.84,
	"CAInvcgPreliminaryCategory": "CAInvcgPreliminaryCategory 1",
	"CAInvcgCategory": "CAInvcgCategory 1",
	"CAInvcgCategoryText": "CAInvcgCategoryText 1",
	"CAInvcgReversalDocument": "000000000000",
	"CAInvcgReversedDocument": "000000000000",
	"CAInvcgCorrectionCategory": "CAInvcgCorrectionCategory 1",
	"CAInvcgCorrectionCatText": "CAInvcgCorrectionCatText 1",
	"CAPaymentMethod": "CAPaymentMethod 1",
	"CAPaymentFormNumber": "CAPaymentFormNumber 1",
	"FormIDForAttachedPaymentMedium": "FormIDForAttachedPaymentMedium 1",
	"CAKeyIdentification": "CAKeyIdentification 1",
	"CAPartnerSettlementRule": "CAPartnerSettlementRule 1",
	"CompanyCode": "CompanyCode 1",
	"CompanyCodeName": "CompanyCodeName 1",
	"BusinessPlace": "BusinessPlace 1",
	"CAInvcgDocBaseDteForPerdAssgmt": "/Date(1546297200000)/",
	"CAInvcgDocPeriodCategory": "CAInvcgDocPeriodCategory 1",
	"CAInvcgPeriodCatText": "CAInvcgPeriodCatText 1",
	"CAInvcgDocPeriodStartDate": "/Date(1546297200000)/",
	"CAInvcgDocHasChargeOrDiscItems": "CAInvcgDocHasChargeOrDiscItems 1",
	"CAInvcgDocChrgDiscItemsText": "CAInvcgDocChrgDiscItemsText 1",
	"CAInvcgBolloTaxPostStatus": "CAInvcgBolloTaxPostStatus 1",
	"CAInvcgBolloTaxPostStatText": "CAInvcgBolloTaxPostStatText 1",
	"CAInvcgDocPartOfList": "CAInvcgDocPartOfList 1",
	"CAInvcgDocPartOfListText": "CAInvcgDocPartOfListText 1",
	"CAInvcgDocHasObjectRelation": false,
	"CAInvcgDocHasSEPAPreNotif": true,
	"CAInvcgNmbrOfDocsFromExternal": "CAInvcgNmbrOfDocsFromExternal 1",
	"CAContract": "CAContract 1",
	"CAContractSemanticObject": "CAContractSemanticObject 1",
	"CASubApplication": "CASubApplication 1",
	"CAInvcgDocumentPrintIsEnabled": true,
	"CAInvcgDocPrntOutpCtrlIsEnbld": false,
	"CAInvcgDocPrintPreviewIsEnbld": false,
	"CAInvcgDocBillgReqIsEnabled": true,
	"CAInvcgDocReversalIsEnabled": true,
	"__metadata": {
		"uri": "C_CAInvcgDocDisp('CAInvoicingDocument%201')",
		"type": "O2C_CI_INVDOC_DISPLAY_SRV.C_CAInvcgDocDispType"
	},
	"to_AltvContractAccountHeader": {
		"__deferred": {
			"uri": "C_CAInvcgDocDisp('CAInvoicingDocument%201')/to_AltvContractAccountHeader"
		}
	},
	"to_BusinessPartner": {
		"__deferred": {
			"uri": "C_CAInvcgDocDisp('CAInvoicingDocument%201')/to_BusinessPartner"
		}
	},
	"to_CAInvcgDocContractAccount": {
		"__deferred": {
			"uri": "C_CAInvcgDocDisp('CAInvoicingDocument%201')/to_CAInvcgDocContractAccount"
		}
	},
	"to_CAInvcgDocItem": {
		"__deferred": {
			"uri": "C_CAInvcgDocDisp('CAInvoicingDocument%201')/to_CAInvcgDocItem"
		}
	},
	"to_CAInvcgDocPosting": {
		"__deferred": {
			"uri": "C_CAInvcgDocDisp('CAInvoicingDocument%201')/to_CAInvcgDocPosting"
		}
	},
	"to_CAInvcgDocRelation": {
		"__deferred": {
			"uri": "C_CAInvcgDocDisp('CAInvoicingDocument%201')/to_CAInvcgDocRelation"
		}
	},
	"to_CAInvcgDocSource": {
		"__deferred": {
			"uri": "C_CAInvcgDocDisp('CAInvoicingDocument%201')/to_CAInvcgDocSource"
		}
	},
	"to_CAInvcgUserContact": {
		"__deferred": {
			"uri": "C_CAInvcgDocDisp('CAInvoicingDocument%201')/to_CAInvcgUserContact"
		}
	},
	"to_ContractAccountHeader": {
		"__deferred": {
			"uri": "C_CAInvcgDocDisp('CAInvoicingDocument%201')/to_ContractAccountHeader"
		}
	},
	"to_ContractAccountPartner": {
		"__deferred": {
			"uri": "C_CAInvcgDocDisp('CAInvoicingDocument%201')/to_ContractAccountPartner"
		}
	},
	"to__CIT": {
		"__deferred": {
			"uri": "C_CAInvcgDocDisp('CAInvoicingDocument%201')/to__CIT"
		}
	},
	"to__BIT": {
		"__deferred": {
			"uri": "C_CAInvcgDocDisp('CAInvoicingDocument%201')/to__BIT"
		}
	}
}, {
	"CAInvoicingDocument": "CAInvoicingDocument 2",
	"CAOfficialDocumentNumber": "CAOfficialDocumentNumber 2",
	"FirstName": "FirstName 2",
	"LastName": "LastName 2",
	"BusinessPartnerFullName": "BusinessPartnerFullName 2",
	"StreetName": "StreetName 2",
	"AddressCityName": "AddressCityName 2",
	"Country": "Country 2",
	"BusinessPartner": "BusinessPartner 2",
	"ContractAccount": "ContractAccount 2",
	"ContractAccountName": "ContractAccountName 2",
	"CAInvcgType": "CAInvcgType 2",
	"CAInvcgTypeText": "CAInvcgTypeText 2",
	"CAInvcgDocPeriodDate": "/Date(1546297200000)/",
	"DocumentDate": "/Date(1546297200000)/",
	"TransactionCurrency": "TransactionCurrency 2",
	"CAAmountInTransactionCurrency": 4881.75,
	"CAInvcgProcess": "CAInvcgProcess 2",
	"CAInvcgProcessText": "CAInvcgProcessText 2",
	"CAInvcgDocumentType": "CAInvcgDocumentType 2",
	"CAInvcgDocumentTypeText": "CAInvcgDocumentTypeText 2",
	"CADunningCounter": "CADunningCounter 2",
	"CAInvcgDocHasControlDoc": true,
	"ApplicationForm": "ApplicationForm 2",
	"CAInvcgDocumentPrintDate": "/Date(1546297200000)/",
	"CAInvcgDocLockedForPrinting": "CAInvcgDocLockedForPrinting 2",
	"CAInvcgDocLockedForPrintText": "CAInvcgDocLockedForPrintText 2",
	"CANetDueDate": "/Date(1546297200000)/",
	"CAInvcgDocumentReversalReason": "",
	"CAInvcgDocReversalReasonText": "",
	"CAInvcgIsDocumentPosted": false,
	"CAInvcgIsDocumentPreliminary": true,
	"CAInvcgIsDocumentSimulated": true,
	"CAPostingDate": "/Date(1546297200000)/",
	"CAApplicationArea": "CAApplicationArea 2",
	"CAInvcgTechnicalDocumentType": "CAInvcgTechnicalDocumentType 2",
	"CAInvcgDocTechDocTypeText": "CAInvcgDocTechDocTypeText 2",
	"CAInvcgTargetProcess": "CAInvcgTargetProcess 2",
	"CAInvcgTargetProcText": "CAInvcgTargetProcText 2",
	"CAInvcgMasterDataType": "CAInvcgMasterDataType 2",
	"CAInvcgMasterDataTypeText": "CAInvcgMasterDataTypeText 2",
	"AltvContractAcctForCollvBills": "AltvContractAcctForCollvBills 2",
	"CASubstituteDocumentNumber": "CASubstituteDocumentNumber 2",
	"CreatedByUser": "CreatedByUser 2",
	"CAInvcgCreationDate": "/Date(1546297200000)/",
	"CAInvcgCreationTime": "PT5H22M54S",
	"CAInvcgDocCreationMode": "CAInvcgDocCreationMode 2",
	"CAInvcgDocCreationModeText": "CAInvcgDocCreationModeText 2",
	"CAInvcgNmbrOfInvoicingDocItems": 72,
	"CAReconciliationKey": "CAReconciliationKey 2",
	"CAInvcgDocInternalNumber": "CAInvcgDocInternalNumber 2",
	"CACashDiscountDueDate": "/Date(1546297200000)/",
	"CACashDiscountRate": 7647.49,
	"CAInvcgPreliminaryCategory": "CAInvcgPreliminaryCategory 2",
	"CAInvcgCategory": "CAInvcgCategory 2",
	"CAInvcgCategoryText": "CAInvcgCategoryText 2",
	"CAInvcgReversalDocument": "000000000000",
	"CAInvcgReversedDocument": "000000000000",
	"CAInvcgCorrectionCategory": "CAInvcgCorrectionCategory 2",
	"CAInvcgCorrectionCatText": "CAInvcgCorrectionCatText 2",
	"CAPaymentMethod": "CAPaymentMethod 2",
	"CAPaymentFormNumber": "CAPaymentFormNumber 2",
	"FormIDForAttachedPaymentMedium": "FormIDForAttachedPaymentMedium 2",
	"CAKeyIdentification": "CAKeyIdentification 2",
	"CAPartnerSettlementRule": "CAPartnerSettlementRule 2",
	"CompanyCode": "CompanyCode 2",
	"CompanyCodeName": "CompanyCodeName 2",
	"BusinessPlace": "BusinessPlace 2",
	"CAInvcgDocBaseDteForPerdAssgmt": "/Date(1546297200000)/",
	"CAInvcgDocPeriodCategory": "CAInvcgDocPeriodCategory 2",
	"CAInvcgPeriodCatText": "CAInvcgPeriodCatText 2",
	"CAInvcgDocPeriodStartDate": "/Date(1546297200000)/",
	"CAInvcgDocHasChargeOrDiscItems": "CAInvcgDocHasChargeOrDiscItems 2",
	"CAInvcgDocChrgDiscItemsText": "CAInvcgDocChrgDiscItemsText 2",
	"CAInvcgBolloTaxPostStatus": "CAInvcgBolloTaxPostStatus 2",
	"CAInvcgBolloTaxPostStatText": "CAInvcgBolloTaxPostStatText 2",
	"CAInvcgDocPartOfList": "CAInvcgDocPartOfList 2",
	"CAInvcgDocPartOfListText": "CAInvcgDocPartOfListText 2",
	"CAInvcgDocHasObjectRelation": false,
	"CAInvcgDocHasSEPAPreNotif": true,
	"CAInvcgNmbrOfDocsFromExternal": "CAInvcgNmbrOfDocsFromExternal 2",
	"CAContract": "CAContract 2",
	"CAContractSemanticObject": "CAContractSemanticObject 2",
	"CASubApplication": "CASubApplication 2",
	"CAInvcgDocumentPrintIsEnabled": true,
	"CAInvcgDocPrntOutpCtrlIsEnbld": true,
	"CAInvcgDocPrintPreviewIsEnbld": false,
	"CAInvcgDocBillgReqIsEnabled": false,
	"CAInvcgDocReversalIsEnabled": true,
	"__metadata": {
		"uri": "C_CAInvcgDocDisp('CAInvoicingDocument%202')",
		"type": "O2C_CI_INVDOC_DISPLAY_SRV.C_CAInvcgDocDispType"
	},
	"to_AltvContractAccountHeader": {
		"__deferred": {
			"uri": "C_CAInvcgDocDisp('CAInvoicingDocument%202')/to_AltvContractAccountHeader"
		}
	},
	"to_BusinessPartner": {
		"__deferred": {
			"uri": "C_CAInvcgDocDisp('CAInvoicingDocument%202')/to_BusinessPartner"
		}
	},
	"to_CAInvcgDocContractAccount": {
		"__deferred": {
			"uri": "C_CAInvcgDocDisp('CAInvoicingDocument%202')/to_CAInvcgDocContractAccount"
		}
	},
	"to_CAInvcgDocItem": {
		"__deferred": {
			"uri": "C_CAInvcgDocDisp('CAInvoicingDocument%202')/to_CAInvcgDocItem"
		}
	},
	"to_CAInvcgDocPosting": {
		"__deferred": {
			"uri": "C_CAInvcgDocDisp('CAInvoicingDocument%202')/to_CAInvcgDocPosting"
		}
	},
	"to_CAInvcgDocRelation": {
		"__deferred": {
			"uri": "C_CAInvcgDocDisp('CAInvoicingDocument%202')/to_CAInvcgDocRelation"
		}
	},
	"to_CAInvcgDocSource": {
		"__deferred": {
			"uri": "C_CAInvcgDocDisp('CAInvoicingDocument%202')/to_CAInvcgDocSource"
		}
	},
	"to_CAInvcgUserContact": {
		"__deferred": {
			"uri": "C_CAInvcgDocDisp('CAInvoicingDocument%202')/to_CAInvcgUserContact"
		}
	},
	"to_ContractAccountHeader": {
		"__deferred": {
			"uri": "C_CAInvcgDocDisp('CAInvoicingDocument%202')/to_ContractAccountHeader"
		}
	},
	"to_ContractAccountPartner": {
		"__deferred": {
			"uri": "C_CAInvcgDocDisp('CAInvoicingDocument%202')/to_ContractAccountPartner"
		}
	},
	"to__CIT": {
		"__deferred": {
			"uri": "C_CAInvcgDocDisp('CAInvoicingDocument%202')/to__CIT"
		}
	},
	"to__BIT": {
		"__deferred": {
			"uri": "C_CAInvcgDocDisp('CAInvoicingDocument%202')/to__BIT"
		}
	}
}, {
	"CAInvoicingDocument": "CAInvoicingDocument 3",
	"CAOfficialDocumentNumber": "CAOfficialDocumentNumber 3",
	"FirstName": "FirstName 3",
	"LastName": "LastName 3",
	"BusinessPartnerFullName": "BusinessPartnerFullName 3",
	"StreetName": "StreetName 3",
	"AddressCityName": "AddressCityName 3",
	"Country": "Country 3",
	"BusinessPartner": "BusinessPartner 3",
	"ContractAccount": "ContractAccount 3",
	"ContractAccountName": "ContractAccountName 3",
	"CAInvcgType": "CAInvcgType 3",
	"CAInvcgTypeText": "CAInvcgTypeText 3",
	"CAInvcgDocPeriodDate": "/Date(1546297200000)/",
	"DocumentDate": "/Date(1546297200000)/",
	"TransactionCurrency": "TransactionCurrency 3",
	"CAAmountInTransactionCurrency": 6070.74,
	"CAInvcgProcess": "CAInvcgProcess 3",
	"CAInvcgProcessText": "CAInvcgProcessText 3",
	"CAInvcgDocumentType": "CAInvcgDocumentType 3",
	"CAInvcgDocumentTypeText": "CAInvcgDocumentTypeText 3",
	"CADunningCounter": "CADunningCounter 3",
	"CAInvcgDocHasControlDoc": false,
	"ApplicationForm": "ApplicationForm 3",
	"CAInvcgDocumentPrintDate": "/Date(1546297200000)/",
	"CAInvcgDocLockedForPrinting": "CAInvcgDocLockedForPrinting 3",
	"CAInvcgDocLockedForPrintText": "CAInvcgDocLockedForPrintText 3",
	"CANetDueDate": "/Date(1546297200000)/",
	"CAInvcgDocumentReversalReason": "",
	"CAInvcgDocReversalReasonText": "",
	"CAInvcgIsDocumentPosted": true,
	"CAInvcgIsDocumentPreliminary": false,
	"CAInvcgIsDocumentSimulated": true,
	"CAPostingDate": "/Date(1546297200000)/",
	"CAApplicationArea": "CAApplicationArea 3",
	"CAInvcgTechnicalDocumentType": "CAInvcgTechnicalDocumentType 3",
	"CAInvcgDocTechDocTypeText": "CAInvcgDocTechDocTypeText 3",
	"CAInvcgTargetProcess": "CAInvcgTargetProcess 3",
	"CAInvcgTargetProcText": "CAInvcgTargetProcText 3",
	"CAInvcgMasterDataType": "CAInvcgMasterDataType 3",
	"CAInvcgMasterDataTypeText": "CAInvcgMasterDataTypeText 3",
	"AltvContractAcctForCollvBills": "AltvContractAcctForCollvBills 3",
	"CASubstituteDocumentNumber": "CASubstituteDocumentNumber 3",
	"CreatedByUser": "CreatedByUser 3",
	"CAInvcgCreationDate": "/Date(1546297200000)/",
	"CAInvcgCreationTime": "PT17H5M45S",
	"CAInvcgDocCreationMode": "CAInvcgDocCreationMode 3",
	"CAInvcgDocCreationModeText": "CAInvcgDocCreationModeText 3",
	"CAInvcgNmbrOfInvoicingDocItems": 4881,
	"CAReconciliationKey": "CAReconciliationKey 3",
	"CAInvcgDocInternalNumber": "CAInvcgDocInternalNumber 3",
	"CACashDiscountDueDate": "/Date(1546297200000)/",
	"CACashDiscountRate": 9259.55,
	"CAInvcgPreliminaryCategory": "CAInvcgPreliminaryCategory 3",
	"CAInvcgCategory": "CAInvcgCategory 3",
	"CAInvcgCategoryText": "CAInvcgCategoryText 3",
	"CAInvcgReversalDocument": "000000000000",
	"CAInvcgReversedDocument": "000000000000",
	"CAInvcgCorrectionCategory": "CAInvcgCorrectionCategory 3",
	"CAInvcgCorrectionCatText": "CAInvcgCorrectionCatText 3",
	"CAPaymentMethod": "CAPaymentMethod 3",
	"CAPaymentFormNumber": "CAPaymentFormNumber 3",
	"FormIDForAttachedPaymentMedium": "FormIDForAttachedPaymentMedium 3",
	"CAKeyIdentification": "CAKeyIdentification 3",
	"CAPartnerSettlementRule": "CAPartnerSettlementRule 3",
	"CompanyCode": "CompanyCode 3",
	"CompanyCodeName": "CompanyCodeName 3",
	"BusinessPlace": "BusinessPlace 3",
	"CAInvcgDocBaseDteForPerdAssgmt": "/Date(1546297200000)/",
	"CAInvcgDocPeriodCategory": "CAInvcgDocPeriodCategory 3",
	"CAInvcgPeriodCatText": "CAInvcgPeriodCatText 3",
	"CAInvcgDocPeriodStartDate": "/Date(1546297200000)/",
	"CAInvcgDocHasChargeOrDiscItems": "CAInvcgDocHasChargeOrDiscItems 3",
	"CAInvcgDocChrgDiscItemsText": "CAInvcgDocChrgDiscItemsText 3",
	"CAInvcgBolloTaxPostStatus": "CAInvcgBolloTaxPostStatus 3",
	"CAInvcgBolloTaxPostStatText": "CAInvcgBolloTaxPostStatText 3",
	"CAInvcgDocPartOfList": "CAInvcgDocPartOfList 3",
	"CAInvcgDocPartOfListText": "CAInvcgDocPartOfListText 3",
	"CAInvcgDocHasObjectRelation": false,
	"CAInvcgDocHasSEPAPreNotif": true,
	"CAInvcgNmbrOfDocsFromExternal": "CAInvcgNmbrOfDocsFromExternal 3",
	"CAContract": "CAContract 3",
	"CAContractSemanticObject": "CAContractSemanticObject 3",
	"CASubApplication": "CASubApplication 3",
	"CAInvcgDocumentPrintIsEnabled": true,
	"__metadata": {
		"uri": "C_CAInvcgDocDisp('CAInvoicingDocument%203')",
		"type": "O2C_CI_INVDOC_DISPLAY_SRV.C_CAInvcgDocDispType"
	},
	"to_AltvContractAccountHeader": {
		"__deferred": {
			"uri": "C_CAInvcgDocDisp('CAInvoicingDocument%203')/to_AltvContractAccountHeader"
		}
	},
	"to_BusinessPartner": {
		"__deferred": {
			"uri": "C_CAInvcgDocDisp('CAInvoicingDocument%203')/to_BusinessPartner"
		}
	},
	"to_CAInvcgDocContractAccount": {
		"__deferred": {
			"uri": "C_CAInvcgDocDisp('CAInvoicingDocument%203')/to_CAInvcgDocContractAccount"
		}
	},
	"to_CAInvcgDocItem": {
		"__deferred": {
			"uri": "C_CAInvcgDocDisp('CAInvoicingDocument%203')/to_CAInvcgDocItem"
		}
	},
	"to_CAInvcgDocPosting": {
		"__deferred": {
			"uri": "C_CAInvcgDocDisp('CAInvoicingDocument%203')/to_CAInvcgDocPosting"
		}
	},
	"to_CAInvcgDocRelation": {
		"__deferred": {
			"uri": "C_CAInvcgDocDisp('CAInvoicingDocument%203')/to_CAInvcgDocRelation"
		}
	},
	"to_CAInvcgDocSource": {
		"__deferred": {
			"uri": "C_CAInvcgDocDisp('CAInvoicingDocument%203')/to_CAInvcgDocSource"
		}
	},
	"to_CAInvcgUserContact": {
		"__deferred": {
			"uri": "C_CAInvcgDocDisp('CAInvoicingDocument%203')/to_CAInvcgUserContact"
		}
	},
	"to_ContractAccountHeader": {
		"__deferred": {
			"uri": "C_CAInvcgDocDisp('CAInvoicingDocument%203')/to_ContractAccountHeader"
		}
	},
	"to_ContractAccountPartner": {
		"__deferred": {
			"uri": "C_CAInvcgDocDisp('CAInvoicingDocument%203')/to_ContractAccountPartner"
		}
	},
	"to__CIT": {
		"__deferred": {
			"uri": "C_CAInvcgDocDisp('CAInvoicingDocument%203')/to__CIT"
		}
	},
	"to__BIT": {
		"__deferred": {
			"uri": "C_CAInvcgDocDisp('CAInvoicingDocument%203')/to__BIT"
		}
	},
	"CAInvcgDocPrntOutpCtrlIsEnbld": false,
	"CAInvcgDocPrintPreviewIsEnbld": true,
	"CAInvcgDocBillgReqIsEnabled": true,
	"CAInvcgDocReversalIsEnabled": true
}, {
	"CAInvoicingDocument": "CAInvoicingDocument 4",
	"CAOfficialDocumentNumber": "CAOfficialDocumentNumber 4",
	"FirstName": "FirstName 4",
	"LastName": "LastName 4",
	"BusinessPartnerFullName": "BusinessPartnerFullName 4",
	"StreetName": "StreetName 4",
	"AddressCityName": "AddressCityName 4",
	"Country": "Country 4",
	"BusinessPartner": "BusinessPartner 4",
	"ContractAccount": "ContractAccount 4",
	"ContractAccountName": "ContractAccountName 4",
	"CAInvcgType": "CAInvcgType 4",
	"CAInvcgTypeText": "CAInvcgTypeText 4",
	"CAInvcgDocPeriodDate": "/Date(1546297200000)/",
	"DocumentDate": "/Date(1546297200000)/",
	"TransactionCurrency": "TransactionCurrency 4",
	"CAAmountInTransactionCurrency": 2919.03,
	"CAInvcgProcess": "CAInvcgProcess 4",
	"CAInvcgProcessText": "CAInvcgProcessText 4",
	"CAInvcgDocumentType": "CAInvcgDocumentType 4",
	"CAInvcgDocumentTypeText": "CAInvcgDocumentTypeText 4",
	"CADunningCounter": "CADunningCounter 4",
	"CAInvcgDocHasControlDoc": true,
	"ApplicationForm": "ApplicationForm 4",
	"CAInvcgDocumentPrintDate": "/Date(1546297200000)/",
	"CAInvcgDocLockedForPrinting": "CAInvcgDocLockedForPrinting 4",
	"CAInvcgDocLockedForPrintText": "CAInvcgDocLockedForPrintText 4",
	"CANetDueDate": "/Date(1546297200000)/",
	"CAInvcgDocumentReversalReason": "",
	"CAInvcgDocReversalReasonText": "",
	"CAInvcgIsDocumentPosted": false,
	"CAInvcgIsDocumentPreliminary": true,
	"CAInvcgIsDocumentSimulated": false,
	"CAPostingDate": "/Date(1546297200000)/",
	"CAApplicationArea": "CAApplicationArea 4",
	"CAInvcgTechnicalDocumentType": "CAInvcgTechnicalDocumentType 4",
	"CAInvcgDocTechDocTypeText": "CAInvcgDocTechDocTypeText 4",
	"CAInvcgTargetProcess": "CAInvcgTargetProcess 4",
	"CAInvcgTargetProcText": "CAInvcgTargetProcText 4",
	"CAInvcgMasterDataType": "CAInvcgMasterDataType 4",
	"CAInvcgMasterDataTypeText": "CAInvcgMasterDataTypeText 4",
	"AltvContractAcctForCollvBills": "AltvContractAcctForCollvBills 4",
	"CASubstituteDocumentNumber": "CASubstituteDocumentNumber 4",
	"CreatedByUser": "CreatedByUser 4",
	"CAInvcgCreationDate": "/Date(1546297200000)/",
	"CAInvcgCreationTime": "PT10H48M26S",
	"CAInvcgDocCreationMode": "CAInvcgDocCreationMode 4",
	"CAInvcgDocCreationModeText": "CAInvcgDocCreationModeText 4",
	"CAInvcgNmbrOfInvoicingDocItems": 7647,
	"CAReconciliationKey": "CAReconciliationKey 4",
	"CAInvcgDocInternalNumber": "CAInvcgDocInternalNumber 4",
	"CACashDiscountDueDate": "/Date(1546297200000)/",
	"CACashDiscountRate": 144.6,
	"CAInvcgPreliminaryCategory": "CAInvcgPreliminaryCategory 4",
	"CAInvcgCategory": "CAInvcgCategory 4",
	"CAInvcgCategoryText": "CAInvcgCategoryText 4",
	"CAInvcgReversalDocument": "000000000000",
	"CAInvcgReversedDocument": "000000000000",
	"CAInvcgCorrectionCategory": "CAInvcgCorrectionCategory 4",
	"CAInvcgCorrectionCatText": "CAInvcgCorrectionCatText 4",
	"CAPaymentMethod": "CAPaymentMethod 4",
	"CAPaymentFormNumber": "CAPaymentFormNumber 4",
	"FormIDForAttachedPaymentMedium": "FormIDForAttachedPaymentMedium 4",
	"CAKeyIdentification": "CAKeyIdentification 4",
	"CAPartnerSettlementRule": "CAPartnerSettlementRule 4",
	"CompanyCode": "CompanyCode 4",
	"CompanyCodeName": "CompanyCodeName 4",
	"BusinessPlace": "BusinessPlace 4",
	"CAInvcgDocBaseDteForPerdAssgmt": "/Date(1546297200000)/",
	"CAInvcgDocPeriodCategory": "CAInvcgDocPeriodCategory 4",
	"CAInvcgPeriodCatText": "CAInvcgPeriodCatText 4",
	"CAInvcgDocPeriodStartDate": "/Date(1546297200000)/",
	"CAInvcgDocHasChargeOrDiscItems": "CAInvcgDocHasChargeOrDiscItems 4",
	"CAInvcgDocChrgDiscItemsText": "CAInvcgDocChrgDiscItemsText 4",
	"CAInvcgBolloTaxPostStatus": "CAInvcgBolloTaxPostStatus 4",
	"CAInvcgBolloTaxPostStatText": "CAInvcgBolloTaxPostStatText 4",
	"CAInvcgDocPartOfList": "CAInvcgDocPartOfList 4",
	"CAInvcgDocPartOfListText": "CAInvcgDocPartOfListText 4",
	"CAInvcgDocHasObjectRelation": false,
	"CAInvcgDocHasSEPAPreNotif": true,
	"CAInvcgNmbrOfDocsFromExternal": "CAInvcgNmbrOfDocsFromExternal 4",
	"CAContract": "CAContract 4",
	"CAContractSemanticObject": "CAContractSemanticObject 4",
	"CASubApplication": "CASubApplication 4",
	"CAInvcgDocumentPrintIsEnabled": true,
	"__metadata": {
		"uri": "C_CAInvcgDocDisp('CAInvoicingDocument%204')",
		"type": "O2C_CI_INVDOC_DISPLAY_SRV.C_CAInvcgDocDispType"
	},
	"to_AltvContractAccountHeader": {
		"__deferred": {
			"uri": "C_CAInvcgDocDisp('CAInvoicingDocument%204')/to_AltvContractAccountHeader"
		}
	},
	"to_BusinessPartner": {
		"__deferred": {
			"uri": "C_CAInvcgDocDisp('CAInvoicingDocument%204')/to_BusinessPartner"
		}
	},
	"to_CAInvcgDocContractAccount": {
		"__deferred": {
			"uri": "C_CAInvcgDocDisp('CAInvoicingDocument%204')/to_CAInvcgDocContractAccount"
		}
	},
	"to_CAInvcgDocItem": {
		"__deferred": {
			"uri": "C_CAInvcgDocDisp('CAInvoicingDocument%204')/to_CAInvcgDocItem"
		}
	},
	"to_CAInvcgDocPosting": {
		"__deferred": {
			"uri": "C_CAInvcgDocDisp('CAInvoicingDocument%204')/to_CAInvcgDocPosting"
		}
	},
	"to_CAInvcgDocRelation": {
		"__deferred": {
			"uri": "C_CAInvcgDocDisp('CAInvoicingDocument%204')/to_CAInvcgDocRelation"
		}
	},
	"to_CAInvcgDocSource": {
		"__deferred": {
			"uri": "C_CAInvcgDocDisp('CAInvoicingDocument%204')/to_CAInvcgDocSource"
		}
	},
	"to_CAInvcgUserContact": {
		"__deferred": {
			"uri": "C_CAInvcgDocDisp('CAInvoicingDocument%204')/to_CAInvcgUserContact"
		}
	},
	"to_ContractAccountHeader": {
		"__deferred": {
			"uri": "C_CAInvcgDocDisp('CAInvoicingDocument%204')/to_ContractAccountHeader"
		}
	},
	"to_ContractAccountPartner": {
		"__deferred": {
			"uri": "C_CAInvcgDocDisp('CAInvoicingDocument%204')/to_ContractAccountPartner"
		}
	},
	"to__CIT": {
		"__deferred": {
			"uri": "C_CAInvcgDocDisp('CAInvoicingDocument%204')/to__CIT"
		}
	},
	"to__BIT": {
		"__deferred": {
			"uri": "C_CAInvcgDocDisp('CAInvoicingDocument%204')/to__BIT"
		}
	},
	"CAInvcgDocPrntOutpCtrlIsEnbld": true,
	"CAInvcgDocPrintPreviewIsEnbld": true,
	"CAInvcgDocBillgReqIsEnabled": true,
	"CAInvcgDocReversalIsEnabled": true
}, {
	"CAInvoicingDocument": "CAInvoicingDocument 5",
	"CAOfficialDocumentNumber": "CAOfficialDocumentNumber 5",
	"FirstName": "FirstName 5",
	"LastName": "LastName 5",
	"BusinessPartnerFullName": "BusinessPartnerFullName 5",
	"StreetName": "StreetName 5",
	"AddressCityName": "AddressCityName 5",
	"Country": "Country 5",
	"BusinessPartner": "BusinessPartner 5",
	"ContractAccount": "ContractAccount 5",
	"ContractAccountName": "ContractAccountName 5",
	"CAInvcgType": "CAInvcgType 5",
	"CAInvcgTypeText": "CAInvcgTypeText 5",
	"CAInvcgDocPeriodDate": "/Date(1546297200000)/",
	"DocumentDate": "/Date(1546297200000)/",
	"TransactionCurrency": "TransactionCurrency 5",
	"CAAmountInTransactionCurrency": 6073.23,
	"CAInvcgProcess": "CAInvcgProcess 5",
	"CAInvcgProcessText": "CAInvcgProcessText 5",
	"CAInvcgDocumentType": "CAInvcgDocumentType 5",
	"CAInvcgDocumentTypeText": "CAInvcgDocumentTypeText 5",
	"CADunningCounter": "CADunningCounter 5",
	"CAInvcgDocHasControlDoc": false,
	"ApplicationForm": "ApplicationForm 5",
	"CAInvcgDocumentPrintDate": "/Date(1546297200000)/",
	"CAInvcgDocLockedForPrinting": "CAInvcgDocLockedForPrinting 5",
	"CAInvcgDocLockedForPrintText": "CAInvcgDocLockedForPrintText 5",
	"CANetDueDate": "/Date(1546297200000)/",
	"CAInvcgDocumentReversalReason": "",
	"CAInvcgDocReversalReasonText": "",
	"CAInvcgIsDocumentPosted": false,
	"CAInvcgIsDocumentPreliminary": true,
	"CAInvcgIsDocumentSimulated": true,
	"CAPostingDate": "/Date(1546297200000)/",
	"CAApplicationArea": "CAApplicationArea 5",
	"CAInvcgTechnicalDocumentType": "CAInvcgTechnicalDocumentType 5",
	"CAInvcgDocTechDocTypeText": "CAInvcgDocTechDocTypeText 5",
	"CAInvcgTargetProcess": "CAInvcgTargetProcess 5",
	"CAInvcgTargetProcText": "CAInvcgTargetProcText 5",
	"CAInvcgMasterDataType": "CAInvcgMasterDataType 5",
	"CAInvcgMasterDataTypeText": "CAInvcgMasterDataTypeText 5",
	"AltvContractAcctForCollvBills": "AltvContractAcctForCollvBills 5",
	"CASubstituteDocumentNumber": "CASubstituteDocumentNumber 5",
	"CreatedByUser": "CreatedByUser 5",
	"CAInvcgCreationDate": "/Date(1546297200000)/",
	"CAInvcgCreationTime": "PT4H52M50S",
	"CAInvcgDocCreationMode": "CAInvcgDocCreationMode 5",
	"CAInvcgDocCreationModeText": "CAInvcgDocCreationModeText 5",
	"CAInvcgNmbrOfInvoicingDocItems": 6070,
	"CAReconciliationKey": "CAReconciliationKey 5",
	"CAInvcgDocInternalNumber": "CAInvcgDocInternalNumber 5",
	"CACashDiscountDueDate": "/Date(1546297200000)/",
	"CACashDiscountRate": 9360.34,
	"CAInvcgPreliminaryCategory": "CAInvcgPreliminaryCategory 5",
	"CAInvcgCategory": "CAInvcgCategory 5",
	"CAInvcgCategoryText": "CAInvcgCategoryText 5",
	"CAInvcgReversalDocument": "000000000000",
	"CAInvcgReversedDocument": "000000000000",
	"CAInvcgCorrectionCategory": "CAInvcgCorrectionCategory 5",
	"CAInvcgCorrectionCatText": "CAInvcgCorrectionCatText 5",
	"CAPaymentMethod": "CAPaymentMethod 5",
	"CAPaymentFormNumber": "CAPaymentFormNumber 5",
	"FormIDForAttachedPaymentMedium": "FormIDForAttachedPaymentMedium 5",
	"CAKeyIdentification": "CAKeyIdentification 5",
	"CAPartnerSettlementRule": "CAPartnerSettlementRule 5",
	"CompanyCode": "CompanyCode 5",
	"CompanyCodeName": "CompanyCodeName 5",
	"BusinessPlace": "BusinessPlace 5",
	"CAInvcgDocBaseDteForPerdAssgmt": "/Date(1546297200000)/",
	"CAInvcgDocPeriodCategory": "CAInvcgDocPeriodCategory 5",
	"CAInvcgPeriodCatText": "CAInvcgPeriodCatText 5",
	"CAInvcgDocPeriodStartDate": "/Date(1546297200000)/",
	"CAInvcgDocHasChargeOrDiscItems": "CAInvcgDocHasChargeOrDiscItems 5",
	"CAInvcgDocChrgDiscItemsText": "CAInvcgDocChrgDiscItemsText 5",
	"CAInvcgBolloTaxPostStatus": "CAInvcgBolloTaxPostStatus 5",
	"CAInvcgBolloTaxPostStatText": "CAInvcgBolloTaxPostStatText 5",
	"CAInvcgDocPartOfList": "CAInvcgDocPartOfList 5",
	"CAInvcgDocPartOfListText": "CAInvcgDocPartOfListText 5",
	"CAInvcgDocHasObjectRelation": false,
	"CAInvcgDocHasSEPAPreNotif": true,
	"CAInvcgNmbrOfDocsFromExternal": "CAInvcgNmbrOfDocsFromExternal 5",
	"CAContract": "CAContract 5",
	"CAContractSemanticObject": "CAContractSemanticObject 5",
	"CASubApplication": "CASubApplication 5",
	"CAInvcgDocumentPrintIsEnabled": true,
	"__metadata": {
		"uri": "C_CAInvcgDocDisp('CAInvoicingDocument%205')",
		"type": "O2C_CI_INVDOC_DISPLAY_SRV.C_CAInvcgDocDispType"
	},
	"to_AltvContractAccountHeader": {
		"__deferred": {
			"uri": "C_CAInvcgDocDisp('CAInvoicingDocument%205')/to_AltvContractAccountHeader"
		}
	},
	"to_BusinessPartner": {
		"__deferred": {
			"uri": "C_CAInvcgDocDisp('CAInvoicingDocument%205')/to_BusinessPartner"
		}
	},
	"to_CAInvcgDocContractAccount": {
		"__deferred": {
			"uri": "C_CAInvcgDocDisp('CAInvoicingDocument%205')/to_CAInvcgDocContractAccount"
		}
	},
	"to_CAInvcgDocItem": {
		"__deferred": {
			"uri": "C_CAInvcgDocDisp('CAInvoicingDocument%205')/to_CAInvcgDocItem"
		}
	},
	"to_CAInvcgDocPosting": {
		"__deferred": {
			"uri": "C_CAInvcgDocDisp('CAInvoicingDocument%205')/to_CAInvcgDocPosting"
		}
	},
	"to_CAInvcgDocRelation": {
		"__deferred": {
			"uri": "C_CAInvcgDocDisp('CAInvoicingDocument%205')/to_CAInvcgDocRelation"
		}
	},
	"to_CAInvcgDocSource": {
		"__deferred": {
			"uri": "C_CAInvcgDocDisp('CAInvoicingDocument%205')/to_CAInvcgDocSource"
		}
	},
	"to_CAInvcgUserContact": {
		"__deferred": {
			"uri": "C_CAInvcgDocDisp('CAInvoicingDocument%205')/to_CAInvcgUserContact"
		}
	},
	"to_ContractAccountHeader": {
		"__deferred": {
			"uri": "C_CAInvcgDocDisp('CAInvoicingDocument%205')/to_ContractAccountHeader"
		}
	},
	"to_ContractAccountPartner": {
		"__deferred": {
			"uri": "C_CAInvcgDocDisp('CAInvoicingDocument%205')/to_ContractAccountPartner"
		}
	},
	"to__CIT": {
		"__deferred": {
			"uri": "C_CAInvcgDocDisp('CAInvoicingDocument%205')/to__CIT"
		}
	},
	"to__BIT": {
		"__deferred": {
			"uri": "C_CAInvcgDocDisp('CAInvoicingDocument%205')/to__BIT"
		}
	},
	"CAInvcgDocPrntOutpCtrlIsEnbld": false,
	"CAInvcgDocPrintPreviewIsEnbld": true,
	"CAInvcgDocBillgReqIsEnabled": true,
	"CAInvcgDocReversalIsEnabled": true
}, {
	"CAInvoicingDocument": "CAInvoicingDocument 6",
	"CAOfficialDocumentNumber": "CAOfficialDocumentNumber 6",
	"FirstName": "FirstName 6",
	"LastName": "LastName 6",
	"BusinessPartnerFullName": "BusinessPartnerFullName 6",
	"StreetName": "StreetName 6",
	"AddressCityName": "AddressCityName 6",
	"Country": "Country 6",
	"BusinessPartner": "BusinessPartner 6",
	"ContractAccount": "ContractAccount 6",
	"ContractAccountName": "ContractAccountName 6",
	"CAInvcgType": "CAInvcgType 6",
	"CAInvcgTypeText": "CAInvcgTypeText 6",
	"CAInvcgDocPeriodDate": "/Date(1546297200000)/",
	"DocumentDate": "/Date(1546297200000)/",
	"TransactionCurrency": "TransactionCurrency 6",
	"CAAmountInTransactionCurrency": 4943.12,
	"CAInvcgProcess": "CAInvcgProcess 6",
	"CAInvcgProcessText": "CAInvcgProcessText 6",
	"CAInvcgDocumentType": "CAInvcgDocumentType 6",
	"CAInvcgDocumentTypeText": "CAInvcgDocumentTypeText 6",
	"CADunningCounter": "CADunningCounter 6",
	"CAInvcgDocHasControlDoc": true,
	"ApplicationForm": "ApplicationForm 6",
	"CAInvcgDocumentPrintDate": "/Date(1546297200000)/",
	"CAInvcgDocLockedForPrinting": "CAInvcgDocLockedForPrinting 6",
	"CAInvcgDocLockedForPrintText": "CAInvcgDocLockedForPrintText 6",
	"CANetDueDate": "/Date(1546297200000)/",
	"CAInvcgDocumentReversalReason": "",
	"CAInvcgDocReversalReasonText": "",
	"CAInvcgIsDocumentPosted": true,
	"CAInvcgIsDocumentPreliminary": true,
	"CAInvcgIsDocumentSimulated": true,
	"CAPostingDate": "/Date(1546297200000)/",
	"CAApplicationArea": "CAApplicationArea 6",
	"CAInvcgTechnicalDocumentType": "CAInvcgTechnicalDocumentType 6",
	"CAInvcgDocTechDocTypeText": "CAInvcgDocTechDocTypeText 6",
	"CAInvcgTargetProcess": "CAInvcgTargetProcess 6",
	"CAInvcgTargetProcText": "CAInvcgTargetProcText 6",
	"CAInvcgMasterDataType": "CAInvcgMasterDataType 6",
	"CAInvcgMasterDataTypeText": "CAInvcgMasterDataTypeText 6",
	"AltvContractAcctForCollvBills": "AltvContractAcctForCollvBills 6",
	"CASubstituteDocumentNumber": "CASubstituteDocumentNumber 6",
	"CreatedByUser": "CreatedByUser 6",
	"CAInvcgCreationDate": "/Date(1546297200000)/",
	"CAInvcgCreationTime": "PT15H38M15S",
	"CAInvcgDocCreationMode": "CAInvcgDocCreationMode 6",
	"CAInvcgDocCreationModeText": "CAInvcgDocCreationModeText 6",
	"CAInvcgNmbrOfInvoicingDocItems": 9259,
	"CAReconciliationKey": "CAReconciliationKey 6",
	"CAInvcgDocInternalNumber": "CAInvcgDocInternalNumber 6",
	"CACashDiscountDueDate": "/Date(1546297200000)/",
	"CACashDiscountRate": 9049.51,
	"CAInvcgPreliminaryCategory": "CAInvcgPreliminaryCategory 6",
	"CAInvcgCategory": "CAInvcgCategory 6",
	"CAInvcgCategoryText": "CAInvcgCategoryText 6",
	"CAInvcgReversalDocument": "000000000000",
	"CAInvcgReversedDocument": "000000000000",
	"CAInvcgCorrectionCategory": "CAInvcgCorrectionCategory 6",
	"CAInvcgCorrectionCatText": "CAInvcgCorrectionCatText 6",
	"CAPaymentMethod": "CAPaymentMethod 6",
	"CAPaymentFormNumber": "CAPaymentFormNumber 6",
	"FormIDForAttachedPaymentMedium": "FormIDForAttachedPaymentMedium 6",
	"CAKeyIdentification": "CAKeyIdentification 6",
	"CAPartnerSettlementRule": "CAPartnerSettlementRule 6",
	"CompanyCode": "CompanyCode 6",
	"CompanyCodeName": "CompanyCodeName 6",
	"BusinessPlace": "BusinessPlace 6",
	"CAInvcgDocBaseDteForPerdAssgmt": "/Date(1546297200000)/",
	"CAInvcgDocPeriodCategory": "CAInvcgDocPeriodCategory 6",
	"CAInvcgPeriodCatText": "CAInvcgPeriodCatText 6",
	"CAInvcgDocPeriodStartDate": "/Date(1546297200000)/",
	"CAInvcgDocHasChargeOrDiscItems": "CAInvcgDocHasChargeOrDiscItems 6",
	"CAInvcgDocChrgDiscItemsText": "CAInvcgDocChrgDiscItemsText 6",
	"CAInvcgBolloTaxPostStatus": "CAInvcgBolloTaxPostStatus 6",
	"CAInvcgBolloTaxPostStatText": "CAInvcgBolloTaxPostStatText 6",
	"CAInvcgDocPartOfList": "CAInvcgDocPartOfList 6",
	"CAInvcgDocPartOfListText": "CAInvcgDocPartOfListText 6",
	"CAInvcgDocHasObjectRelation": false,
	"CAInvcgDocHasSEPAPreNotif": false,
	"CAInvcgNmbrOfDocsFromExternal": "CAInvcgNmbrOfDocsFromExternal 6",
	"CAContract": "CAContract 6",
	"CAContractSemanticObject": "CAContractSemanticObject 7",
	"CASubApplication": "CASubApplication 6",
	"CAInvcgDocumentPrintIsEnabled": true,
	"__metadata": {
		"uri": "C_CAInvcgDocDisp('CAInvoicingDocument%206')",
		"type": "O2C_CI_INVDOC_DISPLAY_SRV.C_CAInvcgDocDispType"
	},
	"to_AltvContractAccountHeader": {
		"__deferred": {
			"uri": "C_CAInvcgDocDisp('CAInvoicingDocument%206')/to_AltvContractAccountHeader"
		}
	},
	"to_BusinessPartner": {
		"__deferred": {
			"uri": "C_CAInvcgDocDisp('CAInvoicingDocument%206')/to_BusinessPartner"
		}
	},
	"to_CAInvcgDocContractAccount": {
		"__deferred": {
			"uri": "C_CAInvcgDocDisp('CAInvoicingDocument%206')/to_CAInvcgDocContractAccount"
		}
	},
	"to_CAInvcgDocItem": {
		"__deferred": {
			"uri": "C_CAInvcgDocDisp('CAInvoicingDocument%206')/to_CAInvcgDocItem"
		}
	},
	"to_CAInvcgDocPosting": {
		"__deferred": {
			"uri": "C_CAInvcgDocDisp('CAInvoicingDocument%206')/to_CAInvcgDocPosting"
		}
	},
	"to_CAInvcgDocRelation": {
		"__deferred": {
			"uri": "C_CAInvcgDocDisp('CAInvoicingDocument%206')/to_CAInvcgDocRelation"
		}
	},
	"to_CAInvcgDocSource": {
		"__deferred": {
			"uri": "C_CAInvcgDocDisp('CAInvoicingDocument%206')/to_CAInvcgDocSource"
		}
	},
	"to_CAInvcgUserContact": {
		"__deferred": {
			"uri": "C_CAInvcgDocDisp('CAInvoicingDocument%206')/to_CAInvcgUserContact"
		}
	},
	"to_ContractAccountHeader": {
		"__deferred": {
			"uri": "C_CAInvcgDocDisp('CAInvoicingDocument%206')/to_ContractAccountHeader"
		}
	},
	"to_ContractAccountPartner": {
		"__deferred": {
			"uri": "C_CAInvcgDocDisp('CAInvoicingDocument%206')/to_ContractAccountPartner"
		}
	},
	"to__CIT": {
		"__deferred": {
			"uri": "C_CAInvcgDocDisp('CAInvoicingDocument%206')/to__CIT"
		}
	},
	"to__BIT": {
		"__deferred": {
			"uri": "C_CAInvcgDocDisp('CAInvoicingDocument%206')/to__BIT"
		}
	},
	"CAInvcgDocPrntOutpCtrlIsEnbld": true,
	"CAInvcgDocPrintPreviewIsEnbld": true,
	"CAInvcgDocBillgReqIsEnabled": true,
	"CAInvcgDocReversalIsEnabled": true
}, {
	"CAInvoicingDocument": "CAInvoicingDocument 7",
	"CAOfficialDocumentNumber": "CAOfficialDocumentNumber 7",
	"FirstName": "FirstName 7",
	"LastName": "LastName 7",
	"BusinessPartnerFullName": "BusinessPartnerFullName 7",
	"StreetName": "StreetName 7",
	"AddressCityName": "AddressCityName 7",
	"Country": "Country 7",
	"BusinessPartner": "BusinessPartner 7",
	"ContractAccount": "ContractAccount 7",
	"ContractAccountName": "ContractAccountName 7",
	"CAInvcgType": "CAInvcgType 7",
	"CAInvcgTypeText": "CAInvcgTypeText 7",
	"CAInvcgDocPeriodDate": "/Date(1546297200000)/",
	"DocumentDate": "/Date(1546297200000)/",
	"TransactionCurrency": "TransactionCurrency 7",
	"CAAmountInTransactionCurrency": 4552.16,
	"CAInvcgProcess": "CAInvcgProcess 7",
	"CAInvcgProcessText": "CAInvcgProcessText 7",
	"CAInvcgDocumentType": "CAInvcgDocumentType 7",
	"CAInvcgDocumentTypeText": "CAInvcgDocumentTypeText 7",
	"CADunningCounter": "CADunningCounter 7",
	"CAInvcgDocHasControlDoc": true,
	"ApplicationForm": "ApplicationForm 7",
	"CAInvcgDocumentPrintDate": "/Date(1546297200000)/",
	"CAInvcgDocLockedForPrinting": "CAInvcgDocLockedForPrinting 7",
	"CAInvcgDocLockedForPrintText": "CAInvcgDocLockedForPrintText 7",
	"CANetDueDate": "/Date(1546297200000)/",
	"CAInvcgDocumentReversalReason": "",
	"CAInvcgDocReversalReasonText": "",
	"CAInvcgIsDocumentPosted": false,
	"CAInvcgIsDocumentPreliminary": false,
	"CAInvcgIsDocumentSimulated": true,
	"CAPostingDate": "/Date(1546297200000)/",
	"CAApplicationArea": "CAApplicationArea 7",
	"CAInvcgTechnicalDocumentType": "CAInvcgTechnicalDocumentType 7",
	"CAInvcgDocTechDocTypeText": "CAInvcgDocTechDocTypeText 7",
	"CAInvcgTargetProcess": "CAInvcgTargetProcess 7",
	"CAInvcgTargetProcText": "CAInvcgTargetProcText 7",
	"CAInvcgMasterDataType": "CAInvcgMasterDataType 7",
	"CAInvcgMasterDataTypeText": "CAInvcgMasterDataTypeText 7",
	"AltvContractAcctForCollvBills": "AltvContractAcctForCollvBills 7",
	"CASubstituteDocumentNumber": "CASubstituteDocumentNumber 7",
	"CreatedByUser": "CreatedByUser 7",
	"CAInvcgCreationDate": "/Date(1546297200000)/",
	"CAInvcgCreationTime": "PT6H47M23S",
	"CAInvcgDocCreationMode": "CAInvcgDocCreationMode 7",
	"CAInvcgDocCreationModeText": "CAInvcgDocCreationModeText 7",
	"CAInvcgNmbrOfInvoicingDocItems": 2919,
	"CAReconciliationKey": "CAReconciliationKey 7",
	"CAInvcgDocInternalNumber": "CAInvcgDocInternalNumber 7",
	"CACashDiscountDueDate": "/Date(1546297200000)/",
	"CACashDiscountRate": 6277.6,
	"CAInvcgPreliminaryCategory": "CAInvcgPreliminaryCategory 7",
	"CAInvcgCategory": "CAInvcgCategory 7",
	"CAInvcgCategoryText": "CAInvcgCategoryText 7",
	"CAInvcgReversalDocument": "000000000000",
	"CAInvcgReversedDocument": "000000000000",
	"CAInvcgCorrectionCategory": "CAInvcgCorrectionCategory 7",
	"CAInvcgCorrectionCatText": "CAInvcgCorrectionCatText 7",
	"CAPaymentMethod": "CAPaymentMethod 7",
	"CAPaymentFormNumber": "CAPaymentFormNumber 7",
	"FormIDForAttachedPaymentMedium": "FormIDForAttachedPaymentMedium 7",
	"CAKeyIdentification": "CAKeyIdentification 7",
	"CAPartnerSettlementRule": "CAPartnerSettlementRule 7",
	"CompanyCode": "CompanyCode 7",
	"CompanyCodeName": "CompanyCodeName 7",
	"BusinessPlace": "BusinessPlace 7",
	"CAInvcgDocBaseDteForPerdAssgmt": "/Date(1546297200000)/",
	"CAInvcgDocPeriodCategory": "CAInvcgDocPeriodCategory 7",
	"CAInvcgPeriodCatText": "CAInvcgPeriodCatText 7",
	"CAInvcgDocPeriodStartDate": "/Date(1546297200000)/",
	"CAInvcgDocHasChargeOrDiscItems": "CAInvcgDocHasChargeOrDiscItems 7",
	"CAInvcgDocChrgDiscItemsText": "CAInvcgDocChrgDiscItemsText 7",
	"CAInvcgBolloTaxPostStatus": "CAInvcgBolloTaxPostStatus 7",
	"CAInvcgBolloTaxPostStatText": "CAInvcgBolloTaxPostStatText 7",
	"CAInvcgDocPartOfList": "CAInvcgDocPartOfList 7",
	"CAInvcgDocPartOfListText": "CAInvcgDocPartOfListText 7",
	"CAInvcgDocHasObjectRelation": true,
	"CAInvcgDocHasSEPAPreNotif": true,
	"CAInvcgNmbrOfDocsFromExternal": "CAInvcgNmbrOfDocsFromExternal 7",
	"CAContract": "CAContract 7",
	"CAContractSemanticObject": "CAContractSemanticObject 7",
	"CASubApplication": "CASubApplication 7",
	"CAInvcgDocumentPrintIsEnabled": true,
	"__metadata": {
		"uri": "C_CAInvcgDocDisp('CAInvoicingDocument%207')",
		"type": "O2C_CI_INVDOC_DISPLAY_SRV.C_CAInvcgDocDispType"
	},
	"to_AltvContractAccountHeader": {
		"__deferred": {
			"uri": "C_CAInvcgDocDisp('CAInvoicingDocument%207')/to_AltvContractAccountHeader"
		}
	},
	"to_BusinessPartner": {
		"__deferred": {
			"uri": "C_CAInvcgDocDisp('CAInvoicingDocument%207')/to_BusinessPartner"
		}
	},
	"to_CAInvcgDocContractAccount": {
		"__deferred": {
			"uri": "C_CAInvcgDocDisp('CAInvoicingDocument%207')/to_CAInvcgDocContractAccount"
		}
	},
	"to_CAInvcgDocItem": {
		"__deferred": {
			"uri": "C_CAInvcgDocDisp('CAInvoicingDocument%207')/to_CAInvcgDocItem"
		}
	},
	"to_CAInvcgDocPosting": {
		"__deferred": {
			"uri": "C_CAInvcgDocDisp('CAInvoicingDocument%207')/to_CAInvcgDocPosting"
		}
	},
	"to_CAInvcgDocRelation": {
		"__deferred": {
			"uri": "C_CAInvcgDocDisp('CAInvoicingDocument%207')/to_CAInvcgDocRelation"
		}
	},
	"to_CAInvcgDocSource": {
		"__deferred": {
			"uri": "C_CAInvcgDocDisp('CAInvoicingDocument%207')/to_CAInvcgDocSource"
		}
	},
	"to_CAInvcgUserContact": {
		"__deferred": {
			"uri": "C_CAInvcgDocDisp('CAInvoicingDocument%207')/to_CAInvcgUserContact"
		}
	},
	"to_ContractAccountHeader": {
		"__deferred": {
			"uri": "C_CAInvcgDocDisp('CAInvoicingDocument%207')/to_ContractAccountHeader"
		}
	},
	"to_ContractAccountPartner": {
		"__deferred": {
			"uri": "C_CAInvcgDocDisp('CAInvoicingDocument%207')/to_ContractAccountPartner"
		}
	},
	"to__CIT": {
		"__deferred": {
			"uri": "C_CAInvcgDocDisp('CAInvoicingDocument%207')/to__CIT"
		}
	},
	"to__BIT": {
		"__deferred": {
			"uri": "C_CAInvcgDocDisp('CAInvoicingDocument%207')/to__BIT"
		}
	},
	"CAInvcgDocPrntOutpCtrlIsEnbld": false,
	"CAInvcgDocPrintPreviewIsEnbld": true,
	"CAInvcgDocBillgReqIsEnabled": true,
	"CAInvcgDocReversalIsEnabled": true
}, {
	"CAInvoicingDocument": "CAInvoicingDocument 8",
	"CAOfficialDocumentNumber": "CAOfficialDocumentNumber 8",
	"FirstName": "FirstName 8",
	"LastName": "LastName 8",
	"BusinessPartnerFullName": "BusinessPartnerFullName 8",
	"StreetName": "StreetName 8",
	"AddressCityName": "AddressCityName 8",
	"Country": "Country 8",
	"BusinessPartner": "BusinessPartner 8",
	"ContractAccount": "ContractAccount 8",
	"ContractAccountName": "ContractAccountName 8",
	"CAInvcgType": "CAInvcgType 8",
	"CAInvcgTypeText": "CAInvcgTypeText 8",
	"CAInvcgDocPeriodDate": "/Date(1546297200000)/",
	"DocumentDate": "/Date(1546297200000)/",
	"TransactionCurrency": "TransactionCurrency 8",
	"CAAmountInTransactionCurrency": 4501.5,
	"CAInvcgProcess": "CAInvcgProcess 8",
	"CAInvcgProcessText": "CAInvcgProcessText 8",
	"CAInvcgDocumentType": "CAInvcgDocumentType 8",
	"CAInvcgDocumentTypeText": "CAInvcgDocumentTypeText 8",
	"CADunningCounter": "CADunningCounter 8",
	"CAInvcgDocHasControlDoc": false,
	"ApplicationForm": "ApplicationForm 8",
	"CAInvcgDocumentPrintDate": "/Date(1546297200000)/",
	"CAInvcgDocLockedForPrinting": "CAInvcgDocLockedForPrinting 8",
	"CAInvcgDocLockedForPrintText": "CAInvcgDocLockedForPrintText 8",
	"CANetDueDate": "/Date(1546297200000)/",
	"CAInvcgDocumentReversalReason": "",
	"CAInvcgDocReversalReasonText": "",
	"CAInvcgIsDocumentPosted": false,
	"CAInvcgIsDocumentPreliminary": true,
	"CAInvcgIsDocumentSimulated": false,
	"CAPostingDate": "/Date(1546297200000)/",
	"CAApplicationArea": "CAApplicationArea 8",
	"CAInvcgTechnicalDocumentType": "CAInvcgTechnicalDocumentType 8",
	"CAInvcgDocTechDocTypeText": "CAInvcgDocTechDocTypeText 8",
	"CAInvcgTargetProcess": "CAInvcgTargetProcess 8",
	"CAInvcgTargetProcText": "CAInvcgTargetProcText 8",
	"CAInvcgMasterDataType": "CAInvcgMasterDataType 8",
	"CAInvcgMasterDataTypeText": "CAInvcgMasterDataTypeText 8",
	"AltvContractAcctForCollvBills": "AltvContractAcctForCollvBills 8",
	"CASubstituteDocumentNumber": "CASubstituteDocumentNumber 8",
	"CreatedByUser": "CreatedByUser 8",
	"CAInvcgCreationDate": "/Date(1546297200000)/",
	"CAInvcgCreationTime": "PT12H30M56S",
	"CAInvcgDocCreationMode": "CAInvcgDocCreationMode 8",
	"CAInvcgDocCreationModeText": "CAInvcgDocCreationModeText 8",
	"CAInvcgNmbrOfInvoicingDocItems": 144,
	"CAReconciliationKey": "CAReconciliationKey 8",
	"CAInvcgDocInternalNumber": "CAInvcgDocInternalNumber 8",
	"CACashDiscountDueDate": "/Date(1546297200000)/",
	"CACashDiscountRate": 2981.98,
	"CAInvcgPreliminaryCategory": "CAInvcgPreliminaryCategory 8",
	"CAInvcgCategory": "CAInvcgCategory 8",
	"CAInvcgCategoryText": "CAInvcgCategoryText 8",
	"CAInvcgReversalDocument": "000000000000",
	"CAInvcgReversedDocument": "000000000000",
	"CAInvcgCorrectionCategory": "CAInvcgCorrectionCategory 8",
	"CAInvcgCorrectionCatText": "CAInvcgCorrectionCatText 8",
	"CAPaymentMethod": "CAPaymentMethod 8",
	"CAPaymentFormNumber": "CAPaymentFormNumber 8",
	"FormIDForAttachedPaymentMedium": "FormIDForAttachedPaymentMedium 8",
	"CAKeyIdentification": "CAKeyIdentification 8",
	"CAPartnerSettlementRule": "CAPartnerSettlementRule 8",
	"CompanyCode": "CompanyCode 8",
	"CompanyCodeName": "CompanyCodeName 8",
	"BusinessPlace": "BusinessPlace 8",
	"CAInvcgDocBaseDteForPerdAssgmt": "/Date(1546297200000)/",
	"CAInvcgDocPeriodCategory": "CAInvcgDocPeriodCategory 8",
	"CAInvcgPeriodCatText": "CAInvcgPeriodCatText 8",
	"CAInvcgDocPeriodStartDate": "/Date(1546297200000)/",
	"CAInvcgDocHasChargeOrDiscItems": "CAInvcgDocHasChargeOrDiscItems 8",
	"CAInvcgDocChrgDiscItemsText": "CAInvcgDocChrgDiscItemsText 8",
	"CAInvcgBolloTaxPostStatus": "CAInvcgBolloTaxPostStatus 8",
	"CAInvcgBolloTaxPostStatText": "CAInvcgBolloTaxPostStatText 8",
	"CAInvcgDocPartOfList": "CAInvcgDocPartOfList 8",
	"CAInvcgDocPartOfListText": "CAInvcgDocPartOfListText 8",
	"CAInvcgDocHasObjectRelation": false,
	"CAInvcgDocHasSEPAPreNotif": false,
	"CAInvcgNmbrOfDocsFromExternal": "CAInvcgNmbrOfDocsFromExternal 8",
	"CAContract": "CAContract 8",
	"CAContractSemanticObject": "CAContractSemanticObject 8",
	"CASubApplication": "CASubApplication 8",
	"CAInvcgDocumentPrintIsEnabled": true,
	"__metadata": {
		"uri": "C_CAInvcgDocDisp('CAInvoicingDocument%208')",
		"type": "O2C_CI_INVDOC_DISPLAY_SRV.C_CAInvcgDocDispType"
	},
	"to_AltvContractAccountHeader": {
		"__deferred": {
			"uri": "C_CAInvcgDocDisp('CAInvoicingDocument%208')/to_AltvContractAccountHeader"
		}
	},
	"to_BusinessPartner": {
		"__deferred": {
			"uri": "C_CAInvcgDocDisp('CAInvoicingDocument%208')/to_BusinessPartner"
		}
	},
	"to_CAInvcgDocContractAccount": {
		"__deferred": {
			"uri": "C_CAInvcgDocDisp('CAInvoicingDocument%208')/to_CAInvcgDocContractAccount"
		}
	},
	"to_CAInvcgDocItem": {
		"__deferred": {
			"uri": "C_CAInvcgDocDisp('CAInvoicingDocument%208')/to_CAInvcgDocItem"
		}
	},
	"to_CAInvcgDocPosting": {
		"__deferred": {
			"uri": "C_CAInvcgDocDisp('CAInvoicingDocument%208')/to_CAInvcgDocPosting"
		}
	},
	"to_CAInvcgDocRelation": {
		"__deferred": {
			"uri": "C_CAInvcgDocDisp('CAInvoicingDocument%208')/to_CAInvcgDocRelation"
		}
	},
	"to_CAInvcgDocSource": {
		"__deferred": {
			"uri": "C_CAInvcgDocDisp('CAInvoicingDocument%208')/to_CAInvcgDocSource"
		}
	},
	"to_CAInvcgUserContact": {
		"__deferred": {
			"uri": "C_CAInvcgDocDisp('CAInvoicingDocument%208')/to_CAInvcgUserContact"
		}
	},
	"to_ContractAccountHeader": {
		"__deferred": {
			"uri": "C_CAInvcgDocDisp('CAInvoicingDocument%208')/to_ContractAccountHeader"
		}
	},
	"to_ContractAccountPartner": {
		"__deferred": {
			"uri": "C_CAInvcgDocDisp('CAInvoicingDocument%208')/to_ContractAccountPartner"
		}
	},
	"to__CIT": {
		"__deferred": {
			"uri": "C_CAInvcgDocDisp('CAInvoicingDocument%208')/to__CIT"
		}
	},
	"to__BIT": {
		"__deferred": {
			"uri": "C_CAInvcgDocDisp('CAInvoicingDocument%208')/to__BIT"
		}
	},
	"CAInvcgDocPrntOutpCtrlIsEnbld": true,
	"CAInvcgDocPrintPreviewIsEnbld": true,
	"CAInvcgDocBillgReqIsEnabled": true,
	"CAInvcgDocReversalIsEnabled": true
}, {
	"CAInvoicingDocument": "CAInvoicingDocument 9",
	"CAOfficialDocumentNumber": "CAOfficialDocumentNumber 9",
	"FirstName": "FirstName 9",
	"LastName": "LastName 9",
	"BusinessPartnerFullName": "BusinessPartnerFullName 9",
	"StreetName": "StreetName 9",
	"AddressCityName": "AddressCityName 9",
	"Country": "Country 9",
	"BusinessPartner": "BusinessPartner 9",
	"ContractAccount": "ContractAccount 9",
	"ContractAccountName": "ContractAccountName 9",
	"CAInvcgType": "CAInvcgType 9",
	"CAInvcgTypeText": "CAInvcgTypeText 9",
	"CAInvcgDocPeriodDate": "/Date(1546297200000)/",
	"DocumentDate": "/Date(1546297200000)/",
	"TransactionCurrency": "TransactionCurrency 9",
	"CAAmountInTransactionCurrency": 5639.91,
	"CAInvcgProcess": "CAInvcgProcess 9",
	"CAInvcgProcessText": "CAInvcgProcessText 9",
	"CAInvcgDocumentType": "CAInvcgDocumentType 9",
	"CAInvcgDocumentTypeText": "CAInvcgDocumentTypeText 9",
	"CADunningCounter": "CADunningCounter 9",
	"CAInvcgDocHasControlDoc": false,
	"ApplicationForm": "ApplicationForm 9",
	"CAInvcgDocumentPrintDate": "/Date(1546297200000)/",
	"CAInvcgDocLockedForPrinting": "CAInvcgDocLockedForPrinting 9",
	"CAInvcgDocLockedForPrintText": "CAInvcgDocLockedForPrintText 9",
	"CANetDueDate": "/Date(1546297200000)/",
	"CAInvcgDocumentReversalReason": "",
	"CAInvcgDocReversalReasonText": "",
	"CAInvcgIsDocumentPosted": false,
	"CAInvcgIsDocumentPreliminary": false,
	"CAInvcgIsDocumentSimulated": false,
	"CAPostingDate": "/Date(1546297200000)/",
	"CAApplicationArea": "CAApplicationArea 9",
	"CAInvcgTechnicalDocumentType": "CAInvcgTechnicalDocumentType 9",
	"CAInvcgDocTechDocTypeText": "CAInvcgDocTechDocTypeText 9",
	"CAInvcgTargetProcess": "CAInvcgTargetProcess 9",
	"CAInvcgTargetProcText": "CAInvcgTargetProcText 9",
	"CAInvcgMasterDataType": "CAInvcgMasterDataType 9",
	"CAInvcgMasterDataTypeText": "CAInvcgMasterDataTypeText 9",
	"AltvContractAcctForCollvBills": "AltvContractAcctForCollvBills 9",
	"CASubstituteDocumentNumber": "CASubstituteDocumentNumber 9",
	"CreatedByUser": "CreatedByUser 9",
	"CAInvcgCreationDate": "/Date(1546297200000)/",
	"CAInvcgCreationTime": "PT22H9M42S",
	"CAInvcgDocCreationMode": "CAInvcgDocCreationMode 9",
	"CAInvcgDocCreationModeText": "CAInvcgDocCreationModeText 9",
	"CAInvcgNmbrOfInvoicingDocItems": 6073,
	"CAReconciliationKey": "CAReconciliationKey 9",
	"CAInvcgDocInternalNumber": "CAInvcgDocInternalNumber 9",
	"CACashDiscountDueDate": "/Date(1546297200000)/",
	"CACashDiscountRate": 49.81,
	"CAInvcgPreliminaryCategory": "CAInvcgPreliminaryCategory 9",
	"CAInvcgCategory": "CAInvcgCategory 9",
	"CAInvcgCategoryText": "CAInvcgCategoryText 9",
	"CAInvcgReversalDocument": "000000000000",
	"CAInvcgReversedDocument": "000000000000",
	"CAInvcgCorrectionCategory": "CAInvcgCorrectionCategory 9",
	"CAInvcgCorrectionCatText": "CAInvcgCorrectionCatText 9",
	"CAPaymentMethod": "CAPaymentMethod 9",
	"CAPaymentFormNumber": "CAPaymentFormNumber 9",
	"FormIDForAttachedPaymentMedium": "FormIDForAttachedPaymentMedium 9",
	"CAKeyIdentification": "CAKeyIdentification 9",
	"CAPartnerSettlementRule": "CAPartnerSettlementRule 9",
	"CompanyCode": "CompanyCode 9",
	"CompanyCodeName": "CompanyCodeName 9",
	"BusinessPlace": "BusinessPlace 9",
	"CAInvcgDocBaseDteForPerdAssgmt": "/Date(1546297200000)/",
	"CAInvcgDocPeriodCategory": "CAInvcgDocPeriodCategory 9",
	"CAInvcgPeriodCatText": "CAInvcgPeriodCatText 9",
	"CAInvcgDocPeriodStartDate": "/Date(1546297200000)/",
	"CAInvcgDocHasChargeOrDiscItems": "CAInvcgDocHasChargeOrDiscItems 9",
	"CAInvcgDocChrgDiscItemsText": "CAInvcgDocChrgDiscItemsText 9",
	"CAInvcgBolloTaxPostStatus": "CAInvcgBolloTaxPostStatus 9",
	"CAInvcgBolloTaxPostStatText": "CAInvcgBolloTaxPostStatText 9",
	"CAInvcgDocPartOfList": "CAInvcgDocPartOfList 9",
	"CAInvcgDocPartOfListText": "CAInvcgDocPartOfListText 9",
	"CAInvcgDocHasObjectRelation": true,
	"CAInvcgDocHasSEPAPreNotif": false,
	"CAInvcgNmbrOfDocsFromExternal": "CAInvcgNmbrOfDocsFromExternal 9",
	"CAContract": "CAContract 9",
	"CAContractSemanticObject": "CAContractSemanticObject 9",
	"CASubApplication": "CASubApplication 9",
	"CAInvcgDocumentPrintIsEnabled": true,
	"__metadata": {
		"uri": "C_CAInvcgDocDisp('CAInvoicingDocument%209')",
		"type": "O2C_CI_INVDOC_DISPLAY_SRV.C_CAInvcgDocDispType"
	},
	"to_AltvContractAccountHeader": {
		"__deferred": {
			"uri": "C_CAInvcgDocDisp('CAInvoicingDocument%209')/to_AltvContractAccountHeader"
		}
	},
	"to_BusinessPartner": {
		"__deferred": {
			"uri": "C_CAInvcgDocDisp('CAInvoicingDocument%209')/to_BusinessPartner"
		}
	},
	"to_CAInvcgDocContractAccount": {
		"__deferred": {
			"uri": "C_CAInvcgDocDisp('CAInvoicingDocument%209')/to_CAInvcgDocContractAccount"
		}
	},
	"to_CAInvcgDocItem": {
		"__deferred": {
			"uri": "C_CAInvcgDocDisp('CAInvoicingDocument%209')/to_CAInvcgDocItem"
		}
	},
	"to_CAInvcgDocPosting": {
		"__deferred": {
			"uri": "C_CAInvcgDocDisp('CAInvoicingDocument%209')/to_CAInvcgDocPosting"
		}
	},
	"to_CAInvcgDocRelation": {
		"__deferred": {
			"uri": "C_CAInvcgDocDisp('CAInvoicingDocument%209')/to_CAInvcgDocRelation"
		}
	},
	"to_CAInvcgDocSource": {
		"__deferred": {
			"uri": "C_CAInvcgDocDisp('CAInvoicingDocument%209')/to_CAInvcgDocSource"
		}
	},
	"to_CAInvcgUserContact": {
		"__deferred": {
			"uri": "C_CAInvcgDocDisp('CAInvoicingDocument%209')/to_CAInvcgUserContact"
		}
	},
	"to_ContractAccountHeader": {
		"__deferred": {
			"uri": "C_CAInvcgDocDisp('CAInvoicingDocument%209')/to_ContractAccountHeader"
		}
	},
	"to_ContractAccountPartner": {
		"__deferred": {
			"uri": "C_CAInvcgDocDisp('CAInvoicingDocument%209')/to_ContractAccountPartner"
		}
	},
	"to__CIT": {
		"__deferred": {
			"uri": "C_CAInvcgDocDisp('CAInvoicingDocument%209')/to__CIT"
		}
	},
	"to__BIT": {
		"__deferred": {
			"uri": "C_CAInvcgDocDisp('CAInvoicingDocument%209')/to__BIT"
		}
	},
	"CAInvcgDocPrntOutpCtrlIsEnbld": false
	,
	"CAInvcgDocPrintPreviewIsEnbld": true,
	"CAInvcgDocBillgReqIsEnabled": true,
	"CAInvcgDocReversalIsEnabled": true
}, {
	"CAInvoicingDocument": "CAInvoicingDocument 10",
	"CAOfficialDocumentNumber": "CAOfficialDocumentNumber 10",
	"FirstName": "FirstName 10",
	"LastName": "LastName 10",
	"BusinessPartnerFullName": "BusinessPartnerFullName 10",
	"StreetName": "StreetName 10",
	"AddressCityName": "AddressCityName 10",
	"Country": "Country 10",
	"BusinessPartner": "BusinessPartner 10",
	"ContractAccount": "ContractAccount 10",
	"ContractAccountName": "ContractAccountName 10",
	"CAInvcgType": "CAInvcgType 10",
	"CAInvcgTypeText": "CAInvcgTypeText 10",
	"CAInvcgDocPeriodDate": "/Date(1546297200000)/",
	"DocumentDate": "/Date(1546297200000)/",
	"TransactionCurrency": "TransactionCurrency 10",
	"CAAmountInTransactionCurrency": 8629.47,
	"CAInvcgProcess": "CAInvcgProcess 10",
	"CAInvcgProcessText": "CAInvcgProcessText 10",
	"CAInvcgDocumentType": "CAInvcgDocumentType 10",
	"CAInvcgDocumentTypeText": "CAInvcgDocumentTypeText 10",
	"CADunningCounter": "CADunningCounter 10",
	"CAInvcgDocHasControlDoc": false,
	"ApplicationForm": "ApplicationForm 10",
	"CAInvcgDocumentPrintDate": "/Date(1546297200000)/",
	"CAInvcgDocLockedForPrinting": "CAInvcgDocLockedForPrinting 10",
	"CAInvcgDocLockedForPrintText": "CAInvcgDocLockedForPrintText 10",
	"CANetDueDate": "/Date(1546297200000)/",
	"CAInvcgDocumentReversalReason": "",
	"CAInvcgDocReversalReasonText": "",
	"CAInvcgIsDocumentPosted": true,
	"CAInvcgIsDocumentPreliminary": false,
	"CAInvcgIsDocumentSimulated": false,
	"CAPostingDate": "/Date(1546297200000)/",
	"CAApplicationArea": "CAApplicationArea 10",
	"CAInvcgTechnicalDocumentType": "CAInvcgTechnicalDocumentType 10",
	"CAInvcgDocTechDocTypeText": "CAInvcgDocTechDocTypeText 10",
	"CAInvcgTargetProcess": "CAInvcgTargetProcess 10",
	"CAInvcgTargetProcText": "CAInvcgTargetProcText 10",
	"CAInvcgMasterDataType": "CAInvcgMasterDataType 10",
	"CAInvcgMasterDataTypeText": "CAInvcgMasterDataTypeText 10",
	"AltvContractAcctForCollvBills": "AltvContractAcctForCollvBills 10",
	"CASubstituteDocumentNumber": "CASubstituteDocumentNumber 10",
	"CreatedByUser": "CreatedByUser 10",
	"CAInvcgCreationDate": "/Date(1546297200000)/",
	"CAInvcgCreationTime": "PT7H41M44S",
	"CAInvcgDocCreationMode": "CAInvcgDocCreationMode 10",
	"CAInvcgDocCreationModeText": "CAInvcgDocCreationModeText 10",
	"CAInvcgNmbrOfInvoicingDocItems": 9360,
	"CAReconciliationKey": "CAReconciliationKey 10",
	"CAInvcgDocInternalNumber": "CAInvcgDocInternalNumber 10",
	"CACashDiscountDueDate": "/Date(1546297200000)/",
	"CACashDiscountRate": 1383.52,
	"CAInvcgPreliminaryCategory": "CAInvcgPreliminaryCategory 10",
	"CAInvcgCategory": "CAInvcgCategory 10",
	"CAInvcgCategoryText": "CAInvcgCategoryText 10",
	"CAInvcgReversalDocument": "000000000000",
	"CAInvcgReversedDocument": "000000000000",
	"CAInvcgCorrectionCategory": "CAInvcgCorrectionCategory 10",
	"CAInvcgCorrectionCatText": "CAInvcgCorrectionCatText 10",
	"CAPaymentMethod": "CAPaymentMethod 10",
	"CAPaymentFormNumber": "CAPaymentFormNumber 10",
	"FormIDForAttachedPaymentMedium": "FormIDForAttachedPaymentMedium 10",
	"CAKeyIdentification": "CAKeyIdentification 10",
	"CAPartnerSettlementRule": "CAPartnerSettlementRule 10",
	"CompanyCode": "CompanyCode 10",
	"CompanyCodeName": "CompanyCodeName 10",
	"BusinessPlace": "BusinessPlace 10",
	"CAInvcgDocBaseDteForPerdAssgmt": "/Date(1546297200000)/",
	"CAInvcgDocPeriodCategory": "CAInvcgDocPeriodCategory 10",
	"CAInvcgPeriodCatText": "CAInvcgPeriodCatText 10",
	"CAInvcgDocPeriodStartDate": "/Date(1546297200000)/",
	"CAInvcgDocHasChargeOrDiscItems": "CAInvcgDocHasChargeOrDiscItems 10",
	"CAInvcgDocChrgDiscItemsText": "CAInvcgDocChrgDiscItemsText 10",
	"CAInvcgBolloTaxPostStatus": "CAInvcgBolloTaxPostStatus 10",
	"CAInvcgBolloTaxPostStatText": "CAInvcgBolloTaxPostStatText 10",
	"CAInvcgDocPartOfList": "CAInvcgDocPartOfList 10",
	"CAInvcgDocPartOfListText": "CAInvcgDocPartOfListText 10",
	"CAInvcgDocHasObjectRelation": true,
	"CAInvcgDocHasSEPAPreNotif": true,
	"CAInvcgNmbrOfDocsFromExternal": "CAInvcgNmbrOfDocsFromExternal 10",
	"CAContract": "CAContract 10",
	"CAContractSemanticObject": "CAContractSemanticObject 10",
	"CASubApplication": "CASubApplication 10",
	"CAInvcgDocumentPrintIsEnabled": true,
	"__metadata": {
		"uri": "C_CAInvcgDocDisp('CAInvoicingDocument%2010')",
		"type": "O2C_CI_INVDOC_DISPLAY_SRV.C_CAInvcgDocDispType"
	},
	"to_AltvContractAccountHeader": {
		"__deferred": {
			"uri": "C_CAInvcgDocDisp('CAInvoicingDocument%2010')/to_AltvContractAccountHeader"
		}
	},
	"to_BusinessPartner": {
		"__deferred": {
			"uri": "C_CAInvcgDocDisp('CAInvoicingDocument%2010')/to_BusinessPartner"
		}
	},
	"to_CAInvcgDocContractAccount": {
		"__deferred": {
			"uri": "C_CAInvcgDocDisp('CAInvoicingDocument%2010')/to_CAInvcgDocContractAccount"
		}
	},
	"to_CAInvcgDocItem": {
		"__deferred": {
			"uri": "C_CAInvcgDocDisp('CAInvoicingDocument%2010')/to_CAInvcgDocItem"
		}
	},
	"to_CAInvcgDocPosting": {
		"__deferred": {
			"uri": "C_CAInvcgDocDisp('CAInvoicingDocument%2010')/to_CAInvcgDocPosting"
		}
	},
	"to_CAInvcgDocRelation": {
		"__deferred": {
			"uri": "C_CAInvcgDocDisp('CAInvoicingDocument%2010')/to_CAInvcgDocRelation"
		}
	},
	"to_CAInvcgDocSource": {
		"__deferred": {
			"uri": "C_CAInvcgDocDisp('CAInvoicingDocument%2010')/to_CAInvcgDocSource"
		}
	},
	"to_CAInvcgUserContact": {
		"__deferred": {
			"uri": "C_CAInvcgDocDisp('CAInvoicingDocument%2010')/to_CAInvcgUserContact"
		}
	},
	"to_ContractAccountHeader": {
		"__deferred": {
			"uri": "C_CAInvcgDocDisp('CAInvoicingDocument%2010')/to_ContractAccountHeader"
		}
	},
	"to_ContractAccountPartner": {
		"__deferred": {
			"uri": "C_CAInvcgDocDisp('CAInvoicingDocument%2010')/to_ContractAccountPartner"
		}
	},
	"to__CIT": {
		"__deferred": {
			"uri": "C_CAInvcgDocDisp('CAInvoicingDocument%2010')/to__CIT"
		}
	},
	"to__BIT": {
		"__deferred": {
			"uri": "C_CAInvcgDocDisp('CAInvoicingDocument%2010')/to__BIT"
		}
	},
	"CAInvcgDocPrntOutpCtrlIsEnbld": true,
	"CAInvcgDocPrintPreviewIsEnbld": true,
	"CAInvcgDocBillgReqIsEnabled": true,
	"CAInvcgDocReversalIsEnabled": true
}]