<core:FragmentDefinition xmlns="sap.m" xmlns:core="sap.ui.core" xmlns:f="sap.ui.layout.form">
	<Dialog title="{i18n|sap.suite.ui.generic.template.ObjectPage|C_MKT_WebTrackingMappingTP>copyTitle}" class="sapUiPopupWithPadding"
		contentHeight="500px">
		<f:SimpleForm id="SimpleForm" class="editableForm" maxContainerCols="1" editable="true" layout="ResponsiveGridLayout">
			<f:content>
				<Label id="copyNameLabel" text="{i18n|sap.suite.ui.generic.template.ObjectPage|C_MKT_WebTrackingMappingTP>copyName}" required="true"/>
				<Input id="copyNameText" value="{copyPopoverViewModel>/configuration/WebTrackingMappingName}" ariaLabelledBy="copyNameLabel"/>
				<Label id="dataSourceLabel" text="{i18n|sap.suite.ui.generic.template.ObjectPage|C_MKT_WebTrackingMappingTP>dataSource}"/>
				<Input id="dataSourceText" value="{copyPopoverViewModel>/configuration/WebTrackingMappingDataSource_Text}" editable="false" ariaLabelledBy="dataSourceLabel"/>
				<Label id="propertyLabel" text="{i18n|sap.suite.ui.generic.template.ObjectPage|C_MKT_WebTrackingMappingTP>googleAnalyticsProperty}"/>
				<Input id="propertyText" value="{copyPopoverDataModel>/configuration/WebTrackingMappingProperty}" editable="false" visible="{copyPopoverViewModel>/googleAnalytics}" ariaLabelledBy="propertyLabel"/>
				<Label id="viewLabel" text="{i18n|sap.suite.ui.generic.template.ObjectPage|C_MKT_WebTrackingMappingTP>googleAnalyticsView}"/>
				<Input id="viewText" value="{copyPopoverDataModel>/configuration/WebTrackingMappingView}" editable="false" visible="{copyPopoverViewModel>/googleAnalytics}" ariaLabelledBy="viewLabel"/>
				<Label id="projectLabel" text="{i18n|sap.suite.ui.generic.template.ObjectPage|C_MKT_WebTrackingMappingTP>googleBigQueryProject}"/>
				<Input id="projectText" value="{copyPopoverDataModel>/configuration/WebTrackingMappingProject}" editable="false" visible="{copyPopoverViewModel>/googleBigQuery}" ariaLabelledBy="projectLabel"/>
				<Label id="datatableLabel" text="{i18n|sap.suite.ui.generic.template.ObjectPage|C_MKT_WebTrackingMappingTP>googleBigQueryDataset}"/>
				<Input id="datatableText" value="{copyPopoverDataModel>/configuration/WebTrackingMappingDataTable}" editable="false" visible="{copyPopoverViewModel>/googleBigQuery}" ariaLabelledBy="datatableLabel"/>
				<Label id="functionLabel" text="{i18n|sap.suite.ui.generic.template.ObjectPage|C_MKT_WebTrackingMappingTP>function}"/>
				<Input id="functionText" value="{copyPopoverViewModel>/configuration/WebTrackingMappingType_Text}" editable="false" ariaLabelledBy="functionLabel"/>
			</f:content>
		</f:SimpleForm>
		<beginButton>
			<Button text="{i18n|sap.suite.ui.generic.template.ObjectPage|C_MKT_WebTrackingMappingTP>createCopy}" type="Emphasized" press="createAction"></Button>
		</beginButton>
		<endButton>
			<Button text="{i18n|sap.suite.ui.generic.template.ObjectPage|C_MKT_WebTrackingMappingTP>cancelCopy}" press="closeCopyAction"></Button>
		</endButton>
	</Dialog>
</core:FragmentDefinition>