<core:FragmentDefinition xmlns:core="sap.ui.core" xmlns:form="sap.ui.layout.form" xmlns:unified="sap.ui.unified" xmlns:ce="sap.ui.codeeditor"
	id="copyBQQueryDialogFragment" xmlns="sap.m">
	<Dialog id="copyBQQueryDialog" contentHeight="auto" contentWidth="auto" draggable="false" horizontalScrolling="false" resizable="false"
		title="{i18n>copyBQQueryDialog.title}" state="None" verticalScrolling="false" type="Standard">
		<content>
			<VBox id="copyBQQueryDialog-vbox">
				<ce:CodeEditor editable="{=${ui>/editable}}" id="copyBQQueryDialog-vbox-codeEditor" width="45em" height="30em" colorTheme="dawn" type="sql"
							value="{copyBQQueryDialogViewModel>/value}"/>
			</VBox>
		</content>
		<buttons>
			<Button id="copyBQQueryDialog-ButtonClose" type="Emphasized" press="onDialogClosePress" text="{i18n>copyBQQueryDialog.closeButtonText}"/>
		</buttons>
	</Dialog>
</core:FragmentDefinition>