<core:FragmentDefinition xmlns:core="sap.ui.core" xmlns="sap.m" controllerName="hpa.cei.wtm.ext.controller.ObjectPageDetailsExtension">
	<VBox>
		<Input value="{WebTrckgMappingFieldValue}" valueHelpRequest="onInteractionVH" suggest="onInteractionSuggest"
			suggestionItemSelected="onInteractionSuggestionSelected"
			showValueHelp="{ path: 'WebTrackingMappingField', formatter: '.enableInteractionVH'}"
			showSuggestion="{ path: 'WebTrackingMappingField', formatter: '.enableInteractionVH'}" editable="{ui>/editable}"
			visible="{ path:'WebTrackingMappingField', formatter: '.isInteractionFieldTypeString' }"
			type="{ path:'WebTrackingMappingField', formatter: '.getInteractionFieldInputType' }">
			<suggestionColumns>
				<Column>
					<Text text="{i18n|sap.suite.ui.generic.template.ObjectPage|C_MKT_WebTrackingMappingTP>interactionF4ValueColumn}"/>
				</Column>
				<Column>
					<Text text="{i18n|sap.suite.ui.generic.template.ObjectPage|C_MKT_WebTrackingMappingTP>interactionF4DescriptionColumn}"/>
				</Column>
			</suggestionColumns>
		</Input>
		<DateTimePicker value="{WebTrckgMappingFieldValue}"
			visible="{ path: 'WebTrackingMappingField', formatter: '.isInteractionFieldTypeDateTime' }" editable="{ui>/editable}"/>
		<DatePicker value="{WebTrckgMappingFieldValue}"
			visible="{ path: 'WebTrackingMappingField', formatter: '.isInteractionFieldTypeDate' }" editable="{ui>/editable}"/>
		<TimePicker value="{WebTrckgMappingFieldValue}"
			visible="{ path: 'WebTrackingMappingField', formatter: '.isInteractionFieldTypeTime' }" editable="{ui>/editable}"/>
	</VBox>
</core:FragmentDefinition>