<core:FragmentDefinition xmlns="sap.m" xmlns:l="sap.ui.layout" xmlns:f="sap.ui.layout.form" xmlns:core="sap.ui.core">
	<Dialog title="{i18n|sap.suite.ui.generic.template.ObjectPage|C_MKT_WebTrackingMappingTP>validateTitle}" class="sapUiPopupWithPadding" id="validateDialog" resizable="true">
			<f:SimpleForm id="SimpleFormChangeColumn_oneGroup" editable="true">
				<f:content>
					<Label text="{i18n|sap.suite.ui.generic.template.ObjectPage|C_MKT_WebTrackingMappingTP>validationPeriodLabel}" required="true"/>
					<DateRangeSelection id="DateRangeSelection" change="onDateChange"/>
				</f:content>
			</f:SimpleForm>
		<beginButton>
			<Button text="{i18n|sap.suite.ui.generic.template.ObjectPage|C_MKT_WebTrackingMappingTP>validationOkButton}" press="onDialogSubmitButton" enabled="{validationDialogModel>/okButtonEnabled}"/>
		</beginButton>
		<endButton>
			<Button text="{i18n|sap.suite.ui.generic.template.ObjectPage|C_MKT_WebTrackingMappingTP>ValidationCancelButton}" press="onDialogCancelButton"/>
		</endButton>
	</Dialog>
</core:FragmentDefinition>