<edmx:Edmx xmlns:edmx="http://schemas.microsoft.com/ado/2007/06/edmx"
	xmlns:m="http://schemas.microsoft.com/ado/2007/08/dataservices/metadata" xmlns:sap="http://www.sap.com/Protocols/SAPData" Version="1.0">
	<edmx:DataServices m:DataServiceVersion="2.0">
		<Schema xmlns="http://schemas.microsoft.com/ado/2008/09/edm" Namespace="SIE_ASP_WM_GOOD_ISSUE_SRV" xml:lang="en" sap:schema-version="1">
			<EntityType Name="Chk_Good" sap:content-version="1">
				<Key><PropertyRef Name="WarehouseNo"/><PropertyRef Name="Reqdate"/><PropertyRef Name="Plant"/><PropertyRef Name="CostCenter"/><PropertyRef Name="Requestor"/></Key><Property Name="WarehouseNo" Type="Edm.String" Nullable="false" MaxLength="3" sap:unicode="false" sap:label="Warehouse Number"
					sap:creatable="false" sap:updatable="false" sap:sortable="false" sap:filterable="false"/><Property Name="Reqdate" Type="Edm.DateTime" Nullable="false" Precision="7" sap:unicode="false" sap:label="Requirement date"
					sap:creatable="false" sap:updatable="false" sap:sortable="false" sap:filterable="false"/><Property Name="Plant" Type="Edm.String" Nullable="false" MaxLength="4" sap:unicode="false" sap:label="Plant" sap:creatable="false"
					sap:updatable="false" sap:sortable="false" sap:filterable="false"/><Property Name="CostCenter" Type="Edm.String" Nullable="false" MaxLength="10" sap:unicode="false" sap:label="Cost Center"
					sap:creatable="false" sap:updatable="false" sap:sortable="false" sap:filterable="false"/><Property Name="Requestor" Type="Edm.String" Nullable="false" MaxLength="12" sap:unicode="false" sap:label="User name" sap:creatable="false"
					sap:updatable="false" sap:sortable="false" sap:filterable="false"/><Property Name="MsgType1" Type="Edm.String" Nullable="false" MaxLength="1" sap:unicode="false" sap:label="Message Type"
					sap:creatable="false" sap:updatable="false" sap:sortable="false" sap:filterable="false"/><Property Name="MsgDesc" Type="Edm.String" Nullable="false" MaxLength="220" sap:unicode="false" sap:label="Message Description"
					sap:creatable="false" sap:updatable="false" sap:sortable="false" sap:filterable="false"/></EntityType>
			<EntityType Name="UserDefault" sap:content-version="1">
				<Key><PropertyRef Name="UserGID"/></Key><Property Name="UserGID" Type="Edm.String" Nullable="false" MaxLength="12" sap:unicode="false" sap:label="User GID" sap:creatable="false"
					sap:updatable="false" sap:sortable="false" sap:filterable="false"/><Property Name="Plant" Type="Edm.String" Nullable="false" MaxLength="4" sap:unicode="false" sap:label="Plant" sap:creatable="false"
					sap:updatable="false" sap:sortable="false" sap:filterable="false"/><Property Name="WarehouseNo" Type="Edm.String" Nullable="false" MaxLength="3" sap:unicode="false" sap:label="Warehouse Number"
					sap:creatable="false" sap:updatable="false" sap:sortable="false" sap:filterable="false"/><Property Name="CompanyCode" Type="Edm.String" Nullable="false" MaxLength="4" sap:unicode="false" sap:label="Company Code"
					sap:creatable="false" sap:updatable="false" sap:sortable="false" sap:filterable="false"/><Property Name="Client" Type="Edm.String" Nullable="false" MaxLength="3" sap:unicode="false" sap:label="Client" sap:creatable="false"
					sap:updatable="false" sap:sortable="false" sap:filterable="false"/><Property Name="GRLabel" Type="Edm.String" Nullable="false" MaxLength="30" sap:unicode="false" sap:label="Output Device GRLabel"
					sap:creatable="false" sap:updatable="false" sap:sortable="false" sap:filterable="false"/><Property Name="GS1Label" Type="Edm.String" Nullable="false" MaxLength="30" sap:unicode="false" sap:label="Output Device GS1Label"
					sap:creatable="false" sap:updatable="false" sap:sortable="false" sap:filterable="false"/><Property Name="MsgType" Type="Edm.String" Nullable="false" MaxLength="1" sap:unicode="false" sap:label="Message Type" sap:creatable="false"
					sap:updatable="false" sap:sortable="false" sap:filterable="false"/><Property Name="MsgDesc" Type="Edm.String" Nullable="false" MaxLength="220" sap:unicode="false" sap:label="Message Description"
					sap:creatable="false" sap:updatable="false" sap:sortable="false" sap:filterable="false"/></EntityType>
			<EntityType Name="Goodissue_list" sap:content-version="1">
				<Key><PropertyRef Name="WarehouseNo"/><PropertyRef Name="Reqdate"/><PropertyRef Name="Plant"/></Key><Property Name="WarehouseNo" Type="Edm.String" Nullable="false" MaxLength="3" sap:unicode="false" sap:label="Warehouse Number"
					sap:creatable="false" sap:updatable="false" sap:sortable="false" sap:filterable="false"/><Property Name="Reqdate" Type="Edm.DateTime" Nullable="false" Precision="0" sap:unicode="false" sap:label="Requirement date"
					sap:creatable="false" sap:updatable="false" sap:sortable="false" sap:filterable="false"/><Property Name="Plant" Type="Edm.String" Nullable="false" MaxLength="4" sap:unicode="false" sap:label="Plant" sap:creatable="false"
					sap:updatable="false" sap:sortable="false" sap:filterable="false"/><Property Name="CostCenter" Type="Edm.String" Nullable="false" MaxLength="10" sap:unicode="false" sap:label="Cost Center"
					sap:creatable="false" sap:updatable="false" sap:sortable="false" sap:filterable="false"/><Property Name="Requestor" Type="Edm.String" Nullable="false" MaxLength="12" sap:unicode="false" sap:label="User name" sap:creatable="false"
					sap:updatable="false" sap:sortable="false" sap:filterable="false"/><Property Name="ResNO" Type="Edm.String" Nullable="false" MaxLength="10" sap:unicode="false" sap:label="Reservation number"
					sap:creatable="false" sap:updatable="false" sap:sortable="false" sap:filterable="false"/><Property Name="Goodissue" Type="Edm.String" Nullable="false" MaxLength="1" sap:unicode="false" sap:label="Good issue status"
					sap:creatable="false" sap:updatable="false" sap:sortable="false" sap:filterable="false"/><Property Name="Action" Type="Edm.String" Nullable="false" MaxLength="1" sap:unicode="false" sap:label="Process" sap:creatable="false"
					sap:updatable="false" sap:sortable="false" sap:filterable="false"/><Property Name="MsgType1" Type="Edm.String" Nullable="false" MaxLength="1" sap:unicode="false" sap:label="Message Type"
					sap:creatable="false" sap:updatable="false" sap:sortable="false" sap:filterable="false"/><Property Name="MsgDesc" Type="Edm.String" Nullable="false" MaxLength="220" sap:unicode="false" sap:label="Message Description"
					sap:creatable="false" sap:updatable="false" sap:sortable="false" sap:filterable="false"/></EntityType>
			<EntityType Name="Goodissue_det" sap:content-version="1">
				<Key><PropertyRef Name="WarehouseNo"/><PropertyRef Name="Pickno"/></Key><Property Name="WarehouseNo" Type="Edm.String" Nullable="false" MaxLength="3" sap:unicode="false" sap:label="Warehouse Number"
					sap:creatable="false" sap:updatable="false" sap:sortable="false" sap:filterable="false"/><Property Name="Pickno" Type="Edm.String" Nullable="false" MaxLength="10" sap:unicode="false" sap:label="Picking no" sap:creatable="false"
					sap:updatable="false" sap:sortable="false" sap:filterable="false"/><Property Name="Pickitem" Type="Edm.String" Nullable="false" MaxLength="4" sap:unicode="false" sap:label="Picking item"
					sap:creatable="false" sap:updatable="false" sap:sortable="false" sap:filterable="false"/><Property Name="Material" Type="Edm.String" Nullable="false" MaxLength="18" sap:unicode="false" sap:label="Mat. No." sap:creatable="false"
					sap:updatable="false" sap:sortable="false" sap:filterable="false"/><Property Name="MatDesc" Type="Edm.String" Nullable="false" MaxLength="40" sap:unicode="false" sap:label="Mat. desc" sap:creatable="false"
					sap:updatable="false" sap:sortable="false" sap:filterable="false"/><Property Name="Plant" Type="Edm.String" Nullable="false" MaxLength="4" sap:unicode="false" sap:label="Plant" sap:creatable="false"
					sap:updatable="false" sap:sortable="false" sap:filterable="false"/><Property Name="Sloc" Type="Edm.String" Nullable="false" MaxLength="4" sap:unicode="false" sap:label="Sloc" sap:creatable="false"
					sap:updatable="false" sap:sortable="false" sap:filterable="false"/><Property Name="batch" Type="Edm.String" Nullable="false" MaxLength="10" sap:unicode="false" sap:label="Batch no." sap:creatable="false"
					sap:updatable="false" sap:sortable="false" sap:filterable="false"/><Property Name="ConfBatch" Type="Edm.String" Nullable="false" MaxLength="10" sap:unicode="false" sap:label="Confirm Batch No"
					sap:creatable="false" sap:updatable="false" sap:sortable="false" sap:filterable="false"/><Property Name="Intorder" Type="Edm.String" Nullable="false" MaxLength="12" sap:unicode="false" sap:label="Internal Order"
					sap:creatable="false" sap:updatable="false" sap:sortable="false" sap:filterable="false"/><Property Name="ConfBin" Type="Edm.String" Nullable="false" MaxLength="10" sap:unicode="false" sap:label="Confirm Bin" sap:creatable="false"
					sap:updatable="false" sap:sortable="false" sap:filterable="false"/><Property Name="PickQty" Type="Edm.Decimal" Nullable="false" Precision="13" Scale="3" sap:unicode="false" sap:label="Pick quantity"
					sap:creatable="false" sap:updatable="false" sap:sortable="false" sap:filterable="false"/><Property Name="ConfQty" Type="Edm.Decimal" Nullable="false" Precision="13" Scale="3" sap:unicode="false" sap:label="Confirm quantity"
					sap:creatable="false" sap:updatable="false" sap:sortable="false" sap:filterable="false"/><Property Name="ConfBatchInd" Type="Edm.String" Nullable="false" MaxLength="1" sap:unicode="false" sap:label="Conf Batch Indicator"
					sap:creatable="false" sap:updatable="false" sap:sortable="false" sap:filterable="false"/><Property Name="indicator" Type="Edm.String" Nullable="false" MaxLength="1" sap:unicode="false" sap:label="indicator" sap:creatable="false"
					sap:updatable="false" sap:sortable="false" sap:filterable="false"/><Property Name="Serialno" Type="Edm.String" Nullable="false" MaxLength="18" sap:unicode="false" sap:label="Serial Number"
					sap:creatable="false" sap:updatable="false" sap:sortable="false" sap:filterable="false"/><Property Name="Action" Type="Edm.String" Nullable="false" MaxLength="1" sap:unicode="false" sap:label="Action" sap:creatable="false"
					sap:updatable="false" sap:sortable="false" sap:filterable="false"/><Property Name="MsgType" Type="Edm.String" Nullable="false" MaxLength="1" sap:unicode="false" sap:label="Message Type" sap:creatable="false"
					sap:updatable="false" sap:sortable="false" sap:filterable="false"/><Property Name="MsgDesc" Type="Edm.String" Nullable="false" MaxLength="220" sap:unicode="false" sap:label="Message Desc"
					sap:creatable="false" sap:updatable="false" sap:sortable="false" sap:filterable="false"/></EntityType>
			<EntityContainer Name="SIE_ASP_WM_GOOD_ISSUE_SRV_Entities" m:IsDefaultEntityContainer="true" sap:supported-formats="atom json xlsx"><EntitySet Name="Chk_GoodSet" EntityType="SIE_ASP_WM_GOOD_ISSUE_SRV.Chk_Good" sap:creatable="false" sap:updatable="false"
				sap:deletable="false" sap:pageable="false" sap:addressable="false" sap:content-version="1"/><EntitySet Name="UserDefaultSet" EntityType="SIE_ASP_WM_GOOD_ISSUE_SRV.UserDefault" sap:creatable="false" sap:updatable="false"
				sap:deletable="false" sap:pageable="false" sap:addressable="false" sap:content-version="1"/><EntitySet Name="Goodissue_listSet" EntityType="SIE_ASP_WM_GOOD_ISSUE_SRV.Goodissue_list" sap:creatable="false" sap:updatable="false"
				sap:deletable="false" sap:pageable="false" sap:addressable="false" sap:content-version="1"/><EntitySet Name="Goodissue_detSet" EntityType="SIE_ASP_WM_GOOD_ISSUE_SRV.Goodissue_det" sap:creatable="false" sap:updatable="false"
				sap:deletable="false" sap:pageable="false" sap:addressable="false" sap:content-version="1"/></EntityContainer><atom:link xmlns:atom="http://www.w3.org/2005/Atom" rel="self" href="./sie/ASP_WM_GOOD_ISSUE_SRV/$metadata"/><atom:link xmlns:atom="http://www.w3.org/2005/Atom" rel="latest-version" href="./sie/ASP_WM_GOOD_ISSUE_SRV/$metadata"/></Schema>
	</edmx:DataServices>
</edmx:Edmx>