<?xml version="1.0" encoding="utf-8"?>
<edmx:Edmx Version="4.0" xmlns:edmx="http://docs.oasis-open.org/odata/ns/edmx">
	<edmx:Reference
		Uri="../../catalogservice;v=2/Vocabularies(TechnicalName='%2FIWBEP%2FVOC_COMMON',Version='0001',SAP__Origin='LOCAL')/$value"><edmx:Include Namespace="com.sap.vocabularies.Common.v1" Alias="Common"/></edmx:Reference>
	<edmx:Reference
		Uri="../../catalogservice;v=2/Vocabularies(TechnicalName='%2FIWBEP%2FVOC_UI',Version='0001',SAP__Origin='LOCAL')/$value"><edmx:Include Namespace="com.sap.vocabularies.UI.v1" Alias="UI"/></edmx:Reference>
	<edmx:Reference
		Uri="../../catalogservice;v=2/Vocabularies(TechnicalName='%2FIWBEP%2FVOC_COMMUNICATION',Version='0001',SAP__Origin='LOCAL')/$value"><edmx:Include Namespace="com.sap.vocabularies.Communication.v1" Alias="Communication"/></edmx:Reference>
	<edmx:Reference
		Uri="../../catalogservice;v=2/Vocabularies(TechnicalName='%2FIWBEP%2FVOC_PERSONALDATA',Version='0001',SAP__Origin='LOCAL')/$value"><edmx:Include Namespace="com.sap.vocabularies.PersonalData.v1" Alias="PersonalData"/></edmx:Reference>
	<edmx:Reference
		Uri="../../catalogservice;v=2/Vocabularies(TechnicalName='%2FIWBEP%2FVOC_VALIDATION',Version='0001',SAP__Origin='LOCAL')/$value"><edmx:Include Namespace="Org.OData.Validation.V1" Alias="Validation"/></edmx:Reference>
	<edmx:Reference
		Uri="../../catalogservice;v=2/Vocabularies(TechnicalName='%2FIWBEP%2FVOC_ANALYTICS',Version='0001',SAP__Origin='LOCAL')/$value"><edmx:Include Namespace="com.sap.vocabularies.Analytics.v1" Alias="Analytics"/></edmx:Reference>
	<edmx:Reference
		Uri="../../catalogservice;v=2/Vocabularies(TechnicalName='%2FIWBEP%2FVOC_HTML5',Version='0001',SAP__Origin='LOCAL')/$value"><edmx:Include Namespace="com.sap.vocabularies.HTML5.v1" Alias="HTML5"/></edmx:Reference>
	<edmx:Reference Uri="../../../sap/o2c_ci_invdoc_display_srv/$metadata"><edmx:Include Namespace="O2C_CI_INVDOC_DISPLAY_SRV" Alias="SAP"/></edmx:Reference>
	<edmx:DataServices>
		<Schema Namespace="o2c_ci_invdoc_display_anno_mdl.v1" xmlns="http://docs.oasis-open.org/odata/ns/edm">
			<Annotations Target="O2C_CI_INVDOC_DISPLAY_SRV.C_CAContractPartnerValueHelpType/FirstName"><Annotation Term="UI.Hidden"/></Annotations>
			<Annotations Target="O2C_CI_INVDOC_DISPLAY_SRV.C_CAContractPartnerValueHelpType/LastName"><Annotation Term="UI.Hidden"/></Annotations>
			<Annotations Target="O2C_CI_INVDOC_DISPLAY_SRV.C_CAContractPartnerValueHelpType/OrganizationBPName1"><Annotation Term="UI.Hidden"/></Annotations>
			<Annotations Target="O2C_CI_INVDOC_DISPLAY_SRV.C_CAContractPartnerValueHelpType/OrganizationBPName2"><Annotation Term="UI.Hidden"/></Annotations>
			<Annotations Target="O2C_CI_INVDOC_DISPLAY_SRV.C_CAContractPartnerValueHelpType/GroupBusinessPartnerName1"><Annotation Term="UI.Hidden"/></Annotations>
			<Annotations Target="O2C_CI_INVDOC_DISPLAY_SRV.C_CAContractPartnerValueHelpType/GroupBusinessPartnerName2"><Annotation Term="UI.Hidden"/></Annotations>
			<Annotations Target="O2C_CI_INVDOC_DISPLAY_SRV.C_CAContractPartnerValueHelpType/BusinessPartnerRole"><Annotation Term="UI.Hidden"/></Annotations>
			<Annotations Target="O2C_CI_INVDOC_DISPLAY_SRV.C_CAContractPartnerValueHelpType/AuthorizationGroup"><Annotation Term="UI.Hidden"/></Annotations>
			<Annotations Target="O2C_CI_INVDOC_DISPLAY_SRV.C_CAContractPartnerValueHelpType/IsBusinessPurposeCompleted"><Annotation Term="UI.Hidden"/></Annotations>
			<Annotations Target="O2C_CI_INVDOC_DISPLAY_SRV.C_CAContractPartnerValueHelpType">
				<Annotation Term="UI.LineItem">
					<Collection>
						<Record Type="UI.DataField"><PropertyValue Property="Value" Path="BusinessPartner"/><Annotation Term="UI.Importance" EnumMember="UI.ImportanceType/High"/></Record>
						<Record Type="UI.DataField"><PropertyValue Property="Value" Path="BusinessPartnerFullName"/><Annotation Term="UI.Importance" EnumMember="UI.ImportanceType/High"/></Record>
						<Record Type="UI.DataField"><PropertyValue Property="Value" Path="BusinessPartnerCategory"/><Annotation Term="UI.Importance" EnumMember="UI.ImportanceType/Medium"/></Record>
						<Record Type="UI.DataField"><PropertyValue Property="Value" Path="SearchTerm1"/><Annotation Term="UI.Importance" EnumMember="UI.ImportanceType/Low"/></Record>
						<Record Type="UI.DataField"><PropertyValue Property="Value" Path="SearchTerm2"/><Annotation Term="UI.Importance" EnumMember="UI.ImportanceType/Low"/></Record>
						<Record Type="UI.DataField"><PropertyValue Property="Value" Path="StreetName"/><Annotation Term="UI.Importance" EnumMember="UI.ImportanceType/Medium"/></Record>
						<Record Type="UI.DataField"><PropertyValue Property="Value" Path="PostalCode"/><Annotation Term="UI.Importance" EnumMember="UI.ImportanceType/High"/></Record>
						<Record Type="UI.DataField"><PropertyValue Property="Value" Path="CityName"/><Annotation Term="UI.Importance" EnumMember="UI.ImportanceType/High"/></Record>
						<Record Type="UI.DataField"><PropertyValue Property="Value" Path="Country"/><Annotation Term="UI.Importance" EnumMember="UI.ImportanceType/High"/></Record>
					</Collection>
				</Annotation>
			</Annotations>
			<Annotations Target="O2C_CI_INVDOC_DISPLAY_SRV.C_CAInvcgDocContractAccountType/ID"><Annotation Term="UI.Hidden"/></Annotations>
			<Annotations Target="O2C_CI_INVDOC_DISPLAY_SRV.C_CAInvcgDocContractAccountType/ContractAccount"><Annotation Term="Common.SemanticObject" String="ContractAccount"/></Annotations>
			<Annotations Target="O2C_CI_INVDOC_DISPLAY_SRV.C_CAInvcgDocContractAccountType">
				<Annotation Term="UI.Chart">
					<Record Type="UI.ChartDefinitionType"><PropertyValue Property="ChartType" EnumMember="UI.ChartType/Column"/>
						<PropertyValue Property="Dimensions">
							<Collection>
								<PropertyPath>CAInvcgCreationDate</PropertyPath>
								<PropertyPath>CAInvoicingDocument</PropertyPath>
							</Collection>
						</PropertyValue>
						<PropertyValue Property="Measures">
							<Collection>
								<PropertyPath>CAAmountInTransactionCurrency</PropertyPath>
							</Collection>
						</PropertyValue>
					</Record>
				</Annotation>
				<Annotation Term="UI.LineItem">
					<Collection>
						<Record Type="UI.DataField"><PropertyValue Property="Value" Path="ContractAccount"/><Annotation Term="UI.Importance" EnumMember="UI.ImportanceType/High"/></Record>
						<Record Type="UI.DataField"><PropertyValue Property="Value" Path="CAInvoicingDocument"/><Annotation Term="UI.Importance" EnumMember="UI.ImportanceType/High"/></Record>
						<Record Type="UI.DataField"><PropertyValue Property="Value" Path="CAAmountInTransactionCurrency"/><Annotation Term="UI.Importance" EnumMember="UI.ImportanceType/High"/></Record>
						<Record Type="UI.DataField"><PropertyValue Property="Value" Path="CAInvcgCreationDate"/><Annotation Term="UI.Importance" EnumMember="UI.ImportanceType/High"/></Record>
					</Collection>
				</Annotation>
				<Annotation Term="UI.PresentationVariant">
					<Record>
						<PropertyValue Property="SortOrder">
							<Collection>
								<Record Type="Common.SortOrderType"><PropertyValue Property="Property" PropertyPath="CAInvcgCreationDate"/><PropertyValue Property="Descending" Bool="true"/></Record>
							</Collection>
						</PropertyValue>
					</Record>
				</Annotation>
			</Annotations>
			<Annotations Target="O2C_CI_INVDOC_DISPLAY_SRV.C_CAInvcgDocDispType/to_BusinessPartner"><Annotation Term="UI.HiddenFilter"/></Annotations>
			<Annotations Target="O2C_CI_INVDOC_DISPLAY_SRV.C_CAInvcgDocDispType/to_CAInvcgDocContractAccount"><Annotation Term="UI.HiddenFilter"/></Annotations>
			<Annotations Target="O2C_CI_INVDOC_DISPLAY_SRV.C_CAInvcgDocDispType/to_CAInvcgDocPosting"><Annotation Term="UI.HiddenFilter"/></Annotations>
			<Annotations Target="O2C_CI_INVDOC_DISPLAY_SRV.C_CAInvcgDocDispType/to_CAInvcgDocRelation"><Annotation Term="UI.HiddenFilter"/></Annotations>
			<Annotations Target="O2C_CI_INVDOC_DISPLAY_SRV.C_CAInvcgDocDispType/to_CAInvcgDocSource"><Annotation Term="UI.HiddenFilter"/></Annotations>
			<Annotations Target="O2C_CI_INVDOC_DISPLAY_SRV.C_CAInvcgDocDispType/to_CAInvcgReversalDocument"><Annotation Term="UI.HiddenFilter"/></Annotations>
			<Annotations Target="O2C_CI_INVDOC_DISPLAY_SRV.C_CAInvcgDocDispType/to_CAInvcgReversedDocument"><Annotation Term="UI.HiddenFilter"/></Annotations>
			<Annotations Target="O2C_CI_INVDOC_DISPLAY_SRV.C_CAInvcgDocDispType/to_CAInvcgUserContact"><Annotation Term="UI.HiddenFilter"/></Annotations>
			<Annotations Target="O2C_CI_INVDOC_DISPLAY_SRV.C_CAInvcgDocDispType/to_ContractAccountHeader"><Annotation Term="UI.HiddenFilter"/></Annotations>
			<Annotations Target="O2C_CI_INVDOC_DISPLAY_SRV.C_CAInvcgDocDispType/to_ContractAccountPartner"><Annotation Term="UI.HiddenFilter"/></Annotations>
			<Annotations Target="O2C_CI_INVDOC_DISPLAY_SRV.C_CAInvcgDocDispType/FirstName"><Annotation Term="UI.Hidden"/></Annotations>
			<Annotations Target="O2C_CI_INVDOC_DISPLAY_SRV.C_CAInvcgDocDispType/LastName"><Annotation Term="UI.Hidden"/></Annotations>
			<Annotations Target="O2C_CI_INVDOC_DISPLAY_SRV.C_CAInvcgDocDispType/BusinessPartnerFullName"><Annotation Term="UI.Hidden"/></Annotations>
			<Annotations Target="O2C_CI_INVDOC_DISPLAY_SRV.C_CAInvcgDocDispType/ContractAccountName"><Annotation Term="UI.Hidden"/></Annotations>
			<Annotations Target="O2C_CI_INVDOC_DISPLAY_SRV.C_CAInvcgDocDispType/CAInvcgTypeText"><Annotation Term="UI.Hidden"/></Annotations>
			<Annotations Target="O2C_CI_INVDOC_DISPLAY_SRV.C_CAInvcgDocDispType/CAInvcgProcessText"><Annotation Term="UI.Hidden"/></Annotations>
			<Annotations Target="O2C_CI_INVDOC_DISPLAY_SRV.C_CAInvcgDocDispType/CAInvcgDocumentTypeText"><Annotation Term="UI.Hidden"/></Annotations>
			<Annotations Target="O2C_CI_INVDOC_DISPLAY_SRV.C_CAInvcgDocDispType/CAInvcgDocLockedForPrintText"><Annotation Term="UI.Hidden"/></Annotations>
			<Annotations Target="O2C_CI_INVDOC_DISPLAY_SRV.C_CAInvcgDocDispType/CAInvcgDocReversalReasonText"><Annotation Term="UI.Hidden"/></Annotations>
			<Annotations Target="O2C_CI_INVDOC_DISPLAY_SRV.C_CAInvcgDocDispType/CAInvcgDocTechDocTypeText"><Annotation Term="UI.Hidden"/></Annotations>
			<Annotations Target="O2C_CI_INVDOC_DISPLAY_SRV.C_CAInvcgDocDispType/CAInvcgTargetProcText"><Annotation Term="UI.Hidden"/></Annotations>
			<Annotations Target="O2C_CI_INVDOC_DISPLAY_SRV.C_CAInvcgDocDispType/CAInvcgMasterDataTypeText"><Annotation Term="UI.Hidden"/></Annotations>
			<Annotations Target="O2C_CI_INVDOC_DISPLAY_SRV.C_CAInvcgDocDispType/CreatedByUser"><Annotation Term="UI.Hidden"/></Annotations>
			<Annotations Target="O2C_CI_INVDOC_DISPLAY_SRV.C_CAInvcgDocDispType/CAInvcgDocCreationModeText"><Annotation Term="UI.Hidden"/></Annotations>
			<Annotations Target="O2C_CI_INVDOC_DISPLAY_SRV.C_CAInvcgDocDispType/CAInvcgPreliminaryCategoryTxt"><Annotation Term="UI.Hidden"/></Annotations>
			<Annotations Target="O2C_CI_INVDOC_DISPLAY_SRV.C_CAInvcgDocDispType/CAPreliminaryInvcgDocStatusTxt"><Annotation Term="UI.Hidden"/></Annotations>
			<Annotations Target="O2C_CI_INVDOC_DISPLAY_SRV.C_CAInvcgDocDispType/CAInvcgCategoryText"><Annotation Term="UI.Hidden"/></Annotations>
			<Annotations Target="O2C_CI_INVDOC_DISPLAY_SRV.C_CAInvcgDocDispType/CAInvcgCorrectionCatText"><Annotation Term="UI.Hidden"/></Annotations>
			<Annotations Target="O2C_CI_INVDOC_DISPLAY_SRV.C_CAInvcgDocDispType/CAPaymentMethodName"><Annotation Term="UI.Hidden"/></Annotations>
			<Annotations Target="O2C_CI_INVDOC_DISPLAY_SRV.C_CAInvcgDocDispType/CompanyCodeName"><Annotation Term="UI.Hidden"/></Annotations>
			<Annotations Target="O2C_CI_INVDOC_DISPLAY_SRV.C_CAInvcgDocDispType/CAInvcgPeriodCatText"><Annotation Term="UI.Hidden"/></Annotations>
			<Annotations Target="O2C_CI_INVDOC_DISPLAY_SRV.C_CAInvcgDocDispType/CAInvcgDocChrgDiscItemsText"><Annotation Term="UI.Hidden"/></Annotations>
			<Annotations Target="O2C_CI_INVDOC_DISPLAY_SRV.C_CAInvcgDocDispType/CAInvcgBolloTaxPostStatText"><Annotation Term="UI.Hidden"/></Annotations>
			<Annotations Target="O2C_CI_INVDOC_DISPLAY_SRV.C_CAInvcgDocDispType/CAInvcgDocPartOfListText"><Annotation Term="UI.Hidden"/></Annotations>
			<Annotations Target="O2C_CI_INVDOC_DISPLAY_SRV.C_CAInvcgDocDispType/CAContractSemanticObject"><Annotation Term="UI.Hidden"/></Annotations>
			<Annotations Target="O2C_CI_INVDOC_DISPLAY_SRV.C_CAInvcgDocDispType/CAInvcgDocumentPrintIsEnabled"><Annotation Term="UI.Hidden"/></Annotations>
			<Annotations Target="O2C_CI_INVDOC_DISPLAY_SRV.C_CAInvcgDocDispType/CAInvcgDocPrntOutpCtrlIsEnbld"><Annotation Term="UI.Hidden"/></Annotations>
			<Annotations Target="O2C_CI_INVDOC_DISPLAY_SRV.C_CAInvcgDocDispType/CAInvcgDocPrintPreviewIsEnbld"><Annotation Term="UI.Hidden"/></Annotations>
			<Annotations Target="O2C_CI_INVDOC_DISPLAY_SRV.C_CAInvcgDocDispType/CAInvcgDocReversalIsEnabled"><Annotation Term="UI.Hidden"/></Annotations>
			<Annotations Target="O2C_CI_INVDOC_DISPLAY_SRV.C_CAInvcgDocDispType/CAInvcgDocBillgReqIsEnabled"><Annotation Term="UI.Hidden"/></Annotations>
			<Annotations Target="O2C_CI_INVDOC_DISPLAY_SRV.C_CAInvcgDocDispType/CAInvcgDocReleaseIsEnabled"><Annotation Term="UI.Hidden"/></Annotations>
			<Annotations Target="O2C_CI_INVDOC_DISPLAY_SRV.C_CAInvcgDocDispType/BusinessPartner"><Annotation Term="Common.SemanticObject" String="CAContractPartner"/>
				<Annotation Term="Common.SemanticObjectMapping">
					<Collection>
						<Record><PropertyValue Property="LocalProperty" PropertyPath="BusinessPartner"/><PropertyValue Property="SemanticObjectProperty" String="BusinessPartner"/></Record>
					</Collection>
				</Annotation>
			</Annotations>
			<Annotations Target="O2C_CI_INVDOC_DISPLAY_SRV.C_CAInvcgDocDispType/ContractAccount"><Annotation Term="Common.SemanticObject" String="ContractAccount"/>
				<Annotation Term="Common.SemanticObjectMapping">
					<Collection>
						<Record><PropertyValue Property="LocalProperty" PropertyPath="ContractAccount"/><PropertyValue Property="SemanticObjectProperty" String="ContractAccount"/></Record>
					</Collection>
				</Annotation>
			</Annotations>
			<Annotations Target="O2C_CI_INVDOC_DISPLAY_SRV.C_CAInvcgDocDispType/AltvContractAcctForCollvBills"><Annotation Term="Common.SemanticObject" String="ContractAccount"/></Annotations>
			<Annotations Target="O2C_CI_INVDOC_DISPLAY_SRV.C_CAInvcgDocDispType/CAReconciliationKey"><Annotation Term="Common.SemanticObject" String="CAReconciliationKey"/></Annotations>
			<Annotations Target="O2C_CI_INVDOC_DISPLAY_SRV.C_CAInvcgDocDispType">
				<Annotation Term="UI.HeaderFacets">
					<Collection>
						<Record Type="UI.ReferenceFacet"><PropertyValue Property="ID" String="Block1"/><PropertyValue Property="Target" AnnotationPath="@UI.FieldGroup#Block1"/></Record>
						<Record Type="UI.ReferenceFacet"><PropertyValue Property="ID" String="Block2"/><PropertyValue Property="Target" AnnotationPath="@UI.FieldGroup#Block2"/></Record>
						<Record Type="UI.ReferenceFacet"><PropertyValue Property="ID" String="Block3"/><PropertyValue Property="Target" AnnotationPath="@UI.FieldGroup#Block3"/></Record>
						<Record Type="UI.ReferenceFacet"><PropertyValue Property="ID" String="Block4"/><PropertyValue Property="Target" AnnotationPath="@UI.FieldGroup#Block4"/></Record>
					</Collection>
				</Annotation>
				<Annotation Term="UI.FilterFacets">
					<Collection>
						<Record Type="UI.ReferenceFacet"><PropertyValue Property="Label" String="Further Settings"/><PropertyValue Property="ID" String="FurtherFilter"/><PropertyValue Property="Target" AnnotationPath="@UI.FieldGroup#FurtherFilter"/></Record>
					</Collection>
				</Annotation>
				<Annotation Term="UI.FieldGroup" Qualifier="ADMINISTRATIVE">
					<Record>
						<PropertyValue Property="Data">
							<Collection>
								<Record Type="UI.DataFieldForAnnotation"><PropertyValue Property="Label" String="Created By"/><PropertyValue Property="Target" AnnotationPath="to_CAInvcgUserContact/@Communication.Contact"/></Record>
								<Record Type="UI.DataField"><PropertyValue Property="Value" Path="CAInvcgCreationDate"/></Record>
								<Record Type="UI.DataField"><PropertyValue Property="Value" Path="CAInvcgCreationTime"/></Record>
								<Record Type="UI.DataField"><PropertyValue Property="Value" Path="CAInvcgDocCreationMode"/></Record>
								<Record Type="UI.DataField"><PropertyValue Property="Value" Path="CAInvcgNmbrOfInvoicingDocItems"/></Record>
								<Record Type="UI.DataField"><PropertyValue Property="Value" Path="CAInvcgDocInternalNumber"/></Record>
								<Record Type="UI.DataField"><PropertyValue Property="Value" Path="CAInvcgDocIsPartOfList"/></Record>
								<Record Type="UI.DataField"><PropertyValue Property="Value" Path="CAInvcgDocHasObjectRelation"/></Record>
							</Collection>
						</PropertyValue>
					</Record>
				</Annotation>
				<Annotation Term="UI.FieldGroup" Qualifier="Block1">
					<Record>
						<PropertyValue Property="Data">
							<Collection>
								<Record Type="UI.DataField"><PropertyValue Property="Value" Path="BusinessPartner"/></Record>
								<Record Type="UI.DataField"><PropertyValue Property="Value" Path="BusinessPartnerFullName"/></Record>
								<Record Type="UI.DataField"><PropertyValue Property="Value" Path="StreetName"/></Record>
								<Record Type="UI.DataField"><PropertyValue Property="Value" Path="AddressCityName"/></Record>
								<Record Type="UI.DataField"><PropertyValue Property="Value" Path="CountryName"/></Record>
							</Collection>
						</PropertyValue><PropertyValue Property="Label" String="Block 1"/></Record>
				</Annotation>
				<Annotation Term="UI.FieldGroup" Qualifier="Block2">
					<Record>
						<PropertyValue Property="Data">
							<Collection>
								<Record Type="UI.DataField"><PropertyValue Property="Value" Path="ContractAccount"/></Record>
							</Collection>
						</PropertyValue><PropertyValue Property="Label" String="Block 2"/></Record>
				</Annotation>
				<Annotation Term="UI.FieldGroup" Qualifier="Block3">
					<Record>
						<PropertyValue Property="Data">
							<Collection>
								<Record Type="UI.DataField"><PropertyValue Property="Value" Path="CAAmountInTransactionCurrency"/></Record>
								<Record Type="UI.DataField"><PropertyValue Property="Value" Path="CANetDueDate"/></Record>
								<Record Type="UI.DataField"><PropertyValue Property="Value" Path="DocumentDate"/></Record>
								<Record Type="UI.DataFieldForAnnotation"><PropertyValue Property="Label" String="Created By"/><PropertyValue Property="Target" AnnotationPath="to_CAInvcgUserContact/@Communication.Contact"/></Record>
							</Collection>
						</PropertyValue>
					</Record>
				</Annotation>
				<Annotation Term="UI.FieldGroup" Qualifier="Block4">
					<Record>
						<PropertyValue Property="Data">
							<Collection>
								<Record Type="UI.DataField"><PropertyValue Property="Value" Path="CAInvcgIsDocumentPosted"/></Record>
								<Record Type="UI.DataField"><PropertyValue Property="Value" Path="CAInvcgIsDocumentPreliminary"/></Record>
								<Record Type="UI.DataField"><PropertyValue Property="Value" Path="CAInvcgIsDocumentSimulated"/></Record>
								<Record Type="UI.DataField"><PropertyValue Property="Value" Path="CAInvcgDocumentReversalReason"/></Record>
							</Collection>
						</PropertyValue>
					</Record>
				</Annotation>
				<Annotation Term="UI.FieldGroup" Qualifier="Block5">
					<Record>
						<PropertyValue Property="Data">
							<Collection>
								<Record Type="UI.DataField"><PropertyValue Property="Value" Path="CAPostingDate"/></Record>
							</Collection>
						</PropertyValue>
					</Record>
				</Annotation>
				<Annotation Term="UI.FieldGroup" Qualifier="Expanded">
					<Record>
						<PropertyValue Property="Data">
							<Collection>
								<Record Type="UI.DataField"><PropertyValue Property="Value" Path="DocumentDate"/></Record>
								<Record Type="UI.DataField"><PropertyValue Property="Value" Path="ContractAccount"/></Record>
								<Record Type="UI.DataField"><PropertyValue Property="Value" Path="BusinessPartner"/></Record>
								<Record Type="UI.DataField"><PropertyValue Property="Value" Path="CAInvoicingDocument"/></Record>
							</Collection>
						</PropertyValue>
					</Record>
				</Annotation>
				<Annotation Term="UI.FieldGroup" Qualifier="FG_ObjectPageHeader5">
					<Record>
						<PropertyValue Property="Data">
							<Collection>
								<Record Type="UI.DataField"><PropertyValue Property="Value" Path="CAInvcgDocumentReversalReason"/></Record>
							</Collection>
						</PropertyValue>
					</Record>
				</Annotation>
				<Annotation Term="UI.FieldGroup" Qualifier="FurtherFilter">
					<Record>
						<PropertyValue Property="Data">
							<Collection>
								<Record Type="UI.DataField"><PropertyValue Property="Value" Path="CASubApplication"/></Record>
								<Record Type="UI.DataField"><PropertyValue Property="Value" Path="CAContract"/></Record>
								<Record Type="UI.DataField"><PropertyValue Property="Value" Path="CAInvcgDocExternal"/></Record>
								<Record Type="UI.DataField"><PropertyValue Property="Value" Path="CAInvcgDocHasSEPAPreNotif"/></Record>
								<Record Type="UI.DataField"><PropertyValue Property="Value" Path="CAInvcgDocHasObjectRelation"/></Record>
								<Record Type="UI.DataField"><PropertyValue Property="Value" Path="CAInvcgDocIsPartOfList"/></Record>
								<Record Type="UI.DataField"><PropertyValue Property="Value" Path="CAInvcgBolloTaxPostStatus"/></Record>
								<Record Type="UI.DataField"><PropertyValue Property="Value" Path="CAInvcgDocHasChargeOrDiscItems"/></Record>
								<Record Type="UI.DataField"><PropertyValue Property="Value" Path="CAInvcgDocPeriodStartDate"/></Record>
								<Record Type="UI.DataField"><PropertyValue Property="Value" Path="CAInvcgDocPeriodCategory"/></Record>
								<Record Type="UI.DataField"><PropertyValue Property="Value" Path="CAInvcgBaseDate"/></Record>
								<Record Type="UI.DataField"><PropertyValue Property="Value" Path="BusinessPlace"/></Record>
								<Record Type="UI.DataField"><PropertyValue Property="Value" Path="CompanyCode"/></Record>
								<Record Type="UI.DataField"><PropertyValue Property="Value" Path="CAPartnerSettlementRule"/></Record>
								<Record Type="UI.DataField"><PropertyValue Property="Value" Path="CAKeyIdentification"/></Record>
								<Record Type="UI.DataField"><PropertyValue Property="Value" Path="FormIDForAttachedPaymentMedium"/></Record>
								<Record Type="UI.DataField"><PropertyValue Property="Value" Path="CAPaymentFormNumber"/></Record>
								<Record Type="UI.DataField"><PropertyValue Property="Value" Path="CAPaymentMethod"/></Record>
								<Record Type="UI.DataField"><PropertyValue Property="Value" Path="CAInvcgCorrectionCategory"/></Record>
								<Record Type="UI.DataField"><PropertyValue Property="Value" Path="CAInvcgReversedDocument"/></Record>
								<Record Type="UI.DataField"><PropertyValue Property="Value" Path="CAInvcgReversalDocument"/></Record>
								<Record Type="UI.DataField"><PropertyValue Property="Value" Path="CAInvcgCategory"/></Record>
								<Record Type="UI.DataField"><PropertyValue Property="Value" Path="CAPreliminaryInvcgDocStatus"/></Record>
								<Record Type="UI.DataField"><PropertyValue Property="Value" Path="CAPrelimInvcgDocValue"/></Record>
								<Record Type="UI.DataField"><PropertyValue Property="Value" Path="CAInvcgPreliminaryCategory"/></Record>
								<Record Type="UI.DataField"><PropertyValue Property="Value" Path="CACashDiscountRate"/></Record>
								<Record Type="UI.DataField"><PropertyValue Property="Value" Path="CACashDiscountDueDate"/></Record>
								<Record Type="UI.DataField"><PropertyValue Property="Value" Path="CAInvcgDocInternalNumber"/></Record>
								<Record Type="UI.DataField"><PropertyValue Property="Value" Path="CAReconciliationKey"/></Record>
								<Record Type="UI.DataField"><PropertyValue Property="Value" Path="CAInvcgNmbrOfInvoicingDocItems"/></Record>
								<Record Type="UI.DataField"><PropertyValue Property="Value" Path="CAInvcgDocCreationMode"/></Record>
								<Record Type="UI.DataField"><PropertyValue Property="Value" Path="CAInvcgCreationTime"/></Record>
								<Record Type="UI.DataField"><PropertyValue Property="Value" Path="CASubstituteDocumentNumber"/></Record>
								<Record Type="UI.DataField"><PropertyValue Property="Value" Path="AltvContractAcctForCollvBills"/></Record>
								<Record Type="UI.DataField"><PropertyValue Property="Value" Path="CAInvcgMasterDataType"/></Record>
								<Record Type="UI.DataField"><PropertyValue Property="Value" Path="CAInvcgTargetProcess"/></Record>
								<Record Type="UI.DataField"><PropertyValue Property="Value" Path="CAInvcgTechnicalDocumentType"/></Record>
								<Record Type="UI.DataField"><PropertyValue Property="Value" Path="CAApplicationArea"/></Record>
								<Record Type="UI.DataField"><PropertyValue Property="Value" Path="CAPostingDate"/></Record>
								<Record Type="UI.DataField"><PropertyValue Property="Value" Path="CAInvcgIsDocumentSimulated"/></Record>
								<Record Type="UI.DataField"><PropertyValue Property="Value" Path="CAInvcgIsDocumentPreliminary"/></Record>
								<Record Type="UI.DataField"><PropertyValue Property="Value" Path="CAInvcgIsDocumentPosted"/></Record>
								<Record Type="UI.DataField"><PropertyValue Property="Value" Path="CAInvcgDocumentReversalReason"/></Record>
								<Record Type="UI.DataField"><PropertyValue Property="Value" Path="CANetDueDate"/></Record>
								<Record Type="UI.DataField"><PropertyValue Property="Value" Path="CAInvcgDocIsLockedForPrinting"/></Record>
								<Record Type="UI.DataField"><PropertyValue Property="Value" Path="CAInvcgDocumentPrintDate"/></Record>
								<Record Type="UI.DataField"><PropertyValue Property="Value" Path="ApplicationForm"/></Record>
								<Record Type="UI.DataField"><PropertyValue Property="Value" Path="CAInvcgDocHasControlDoc"/></Record>
								<Record Type="UI.DataField"><PropertyValue Property="Value" Path="CADunningCounter"/></Record>
								<Record Type="UI.DataField"><PropertyValue Property="Value" Path="CAInvcgDocumentType"/></Record>
								<Record Type="UI.DataField"><PropertyValue Property="Value" Path="CAInvcgProcess"/></Record>
								<Record Type="UI.DataField"><PropertyValue Property="Value" Path="CAAmountInTransactionCurrency"/></Record>
								<Record Type="UI.DataField"><PropertyValue Property="Value" Path="TransactionCurrency"/></Record>
								<Record Type="UI.DataField"><PropertyValue Property="Value" Path="CAInvcgDocPeriodDate"/></Record>
								<Record Type="UI.DataField"><PropertyValue Property="Value" Path="CAOfficialDocumentNumber"/></Record>
							</Collection>
						</PropertyValue>
					</Record>
				</Annotation>
				<Annotation Term="UI.FieldGroup" Qualifier="GENERAL">
					<Record>
						<PropertyValue Property="Data">
							<Collection>
								<Record Type="UI.DataField"><PropertyValue Property="Value" Path="CAInvcgDocumentType"/></Record>
								<Record Type="UI.DataField"><PropertyValue Property="Value" Path="CAInvcgProcess"/></Record>
								<Record Type="UI.DataField"><PropertyValue Property="Value" Path="CAInvcgCategory"/></Record>
								<Record Type="UI.DataField"><PropertyValue Property="Value" Path="CAInvcgType"/></Record>
								<Record Type="UI.DataField"><PropertyValue Property="Value" Path="CAAmountInTransactionCurrency"/></Record>
								<Record Type="UI.DataField"><PropertyValue Property="Value" Path="CompanyCode"/></Record>
								<Record Type="UI.DataField"><PropertyValue Property="Value" Path="BusinessPlace"/></Record>
								<Record Type="UI.DataField"><PropertyValue Property="Value" Path="CAContract"/></Record>
								<Record Type="UI.DataField"><PropertyValue Property="Value" Path="CASubApplication"/></Record>
							</Collection>
						</PropertyValue>
					</Record>
				</Annotation>
				<Annotation Term="UI.FieldGroup" Qualifier="INVPERIOD">
					<Record>
						<PropertyValue Property="Data">
							<Collection>
								<Record Type="UI.DataField"><PropertyValue Property="Value" Path="CAInvcgBaseDate"/></Record>
								<Record Type="UI.DataField"><PropertyValue Property="Value" Path="CAInvcgDocPeriodCategory"/></Record>
								<Record Type="UI.DataField"><PropertyValue Property="Value" Path="CAInvcgDocPeriodStartDate"/></Record>
								<Record Type="UI.DataField"><PropertyValue Property="Value" Path="CAInvcgDocPeriodDate"/></Record>
							</Collection>
						</PropertyValue>
					</Record>
				</Annotation>
				<Annotation Term="UI.FieldGroup" Qualifier="OFFICIAL_DOCNO">
					<Record>
						<PropertyValue Property="Data">
							<Collection>
								<Record Type="UI.DataField"><PropertyValue Property="Value" Path="CAKeyIdentification"/></Record>
								<Record Type="UI.DataField"><PropertyValue Property="Value" Path="CAOfficialDocumentNumber"/></Record>
							</Collection>
						</PropertyValue>
					</Record>
				</Annotation>
				<Annotation Term="UI.FieldGroup" Qualifier="OTHERS">
					<Record>
						<PropertyValue Property="Data">
							<Collection>
								<Record Type="UI.DataField"><PropertyValue Property="Value" Path="CAInvcgMasterDataType"/></Record>
								<Record Type="UI.DataField"><PropertyValue Property="Value" Path="AltvContractAcctForCollvBills"/></Record>
								<Record Type="UI.DataField"><PropertyValue Property="Value" Path="CASubstituteDocumentNumber"/></Record>
								<Record Type="UI.DataField"><PropertyValue Property="Value" Path="CAInvcgTargetProcess"/></Record>
								<Record Type="UI.DataField"><PropertyValue Property="Value" Path="CAInvcgTechnicalDocumentType"/></Record>
								<Record Type="UI.DataField"><PropertyValue Property="Value" Path="CAPartnerSettlementRule"/></Record>
								<Record Type="UI.DataField"><PropertyValue Property="Value" Path="CADunningCounter"/></Record>
								<Record Type="UI.DataField"><PropertyValue Property="Value" Path="CAInvcgDocHasChargeOrDiscItems"/></Record>
								<Record Type="UI.DataField"><PropertyValue Property="Value" Path="CAInvcgDocHasControlDoc"/></Record>
								<Record Type="UI.DataField"><PropertyValue Property="Value" Path="CAInvcgBolloTaxPostStatus"/></Record>
								<Record Type="UI.DataField"><PropertyValue Property="Value" Path="CAInvcgDocHasSEPAPreNotif"/></Record>
								<Record Type="UI.DataField"><PropertyValue Property="Value" Path="CAInvcgDocExternal"/></Record>
								<Record Type="UI.DataField"><PropertyValue Property="Value" Path="CAApplicationArea"/></Record>
								<Record Type="UI.DataField"><PropertyValue Property="Value" Path="CAInvcgIsDocumentSimulated"/></Record>
							</Collection>
						</PropertyValue>
					</Record>
				</Annotation>
				<Annotation Term="UI.FieldGroup" Qualifier="PAYMENT">
					<Record>
						<PropertyValue Property="Data">
							<Collection>
								<Record Type="UI.DataField"><PropertyValue Property="Value" Path="CAPaymentMethod"/></Record>
								<Record Type="UI.DataField"><PropertyValue Property="Value" Path="CAPaymentFormNumber"/></Record>
								<Record Type="UI.DataField"><PropertyValue Property="Value" Path="FormIDForAttachedPaymentMedium"/></Record>
							</Collection>
						</PropertyValue>
					</Record>
				</Annotation>
				<Annotation Term="UI.FieldGroup" Qualifier="POSTING">
					<Record>
						<PropertyValue Property="Data">
							<Collection>
								<Record Type="UI.DataField"><PropertyValue Property="Value" Path="CAReconciliationKey"/></Record>
								<Record Type="UI.DataField"><PropertyValue Property="Value" Path="CAPostingDate"/></Record>
								<Record Type="UI.DataField"><PropertyValue Property="Value" Path="DocumentDate"/></Record>
								<Record Type="UI.DataField"><PropertyValue Property="Value" Path="CANetDueDate"/></Record>
								<Record Type="UI.DataField"><PropertyValue Property="Value" Path="CACashDiscountDueDate"/></Record>
								<Record Type="UI.DataField"><PropertyValue Property="Value" Path="CACashDiscountRate"/></Record>
								<Record Type="UI.DataField"><PropertyValue Property="Value" Path="CAInvcgIsDocumentPosted"/></Record>
							</Collection>
						</PropertyValue>
					</Record>
				</Annotation>
				<Annotation Term="UI.FieldGroup" Qualifier="PRELIMINARY_INV">
					<Record>
						<PropertyValue Property="Data">
							<Collection>
								<Record Type="UI.DataField"><PropertyValue Property="Value" Path="CAInvcgIsDocumentPreliminary"/></Record>
								<Record Type="UI.DataField"><PropertyValue Property="Value" Path="CAInvcgPreliminaryCategory"/></Record>
								<Record Type="UI.DataField"><PropertyValue Property="Value" Path="CAPrelimInvcgDocValue"/></Record>
								<Record Type="UI.DataField"><PropertyValue Property="Value" Path="CAPreliminaryInvcgDocStatus"/></Record>
							</Collection>
						</PropertyValue>
					</Record>
				</Annotation>
				<Annotation Term="UI.FieldGroup" Qualifier="PRINT">
					<Record>
						<PropertyValue Property="Data">
							<Collection>
								<Record Type="UI.DataField"><PropertyValue Property="Value" Path="ApplicationForm"/></Record>
								<Record Type="UI.DataField"><PropertyValue Property="Value" Path="CAInvcgDocumentPrintDate"/></Record>
								<Record Type="UI.DataField"><PropertyValue Property="Value" Path="CAInvcgDocIsLockedForPrinting"/></Record>
							</Collection>
						</PropertyValue>
					</Record>
				</Annotation>
				<Annotation Term="UI.FieldGroup" Qualifier="REVERSAL_CORRECTION">
					<Record>
						<PropertyValue Property="Data">
							<Collection>
								<Record Type="UI.DataField"><PropertyValue Property="Value" Path="CAInvcgDocumentReversalReason"/></Record>
								<Record Type="UI.DataFieldWithNavigationPath"><PropertyValue Property="Value" Path="CAInvcgReversalDocument"/><PropertyValue Property="Target" NavigationPropertyPath="to_CAInvcgReversalDocument"/></Record>
								<Record Type="UI.DataFieldWithNavigationPath"><PropertyValue Property="Value" Path="CAInvcgReversedDocument"/><PropertyValue Property="Target" NavigationPropertyPath="to_CAInvcgReversedDocument"/></Record>
								<Record Type="UI.DataField"><PropertyValue Property="Value" Path="CAInvcgCorrectionCategory"/></Record>
							</Collection>
						</PropertyValue>
					</Record>
				</Annotation>
				<Annotation Term="UI.HeaderInfo">
					<Record><PropertyValue Property="TypeName" String="Display Invoicing Document"/><PropertyValue Property="TypeNamePlural" String="Invoicing Documents"/>
						<PropertyValue Property="Title">
							<Record Type="UI.DataField"><PropertyValue Property="Value" Path="CAInvoicingDocument"/></Record>
						</PropertyValue>
					</Record>
				</Annotation>
				<Annotation Term="UI.Identification">
					<Collection>
						<Record Type="UI.DataFieldForAction"><PropertyValue Property="Label" String="Print"/><PropertyValue Property="Action" String="O2C_CI_INVDOC_DISPLAY_SRV.O2C_CI_INVDOC_DISPLAY_SRV_Entities/ACTION_PRINT"/><PropertyValue Property="InvocationGrouping" EnumMember="UI.OperationGroupingType/Isolated"/></Record>
						<Record Type="UI.DataFieldForAction"><PropertyValue Property="Label" String="Reverse"/><PropertyValue Property="Action" String="O2C_CI_INVDOC_DISPLAY_SRV.O2C_CI_INVDOC_DISPLAY_SRV_Entities/ACTION_REVERSE"/><PropertyValue Property="InvocationGrouping" EnumMember="UI.OperationGroupingType/Isolated"/></Record>
						<Record Type="UI.DataFieldForAction"><PropertyValue Property="Label" String="Release"/><PropertyValue Property="Action" String="O2C_CI_INVDOC_DISPLAY_SRV.O2C_CI_INVDOC_DISPLAY_SRV_Entities/ACTION_RELEASE"/><PropertyValue Property="InvocationGrouping" EnumMember="UI.OperationGroupingType/Isolated"/></Record>
					</Collection>
				</Annotation>
				<Annotation Term="UI.LineItem">
					<Collection>
						<Record Type="UI.DataField"><PropertyValue Property="Value" Path="CAInvoicingDocument"/><Annotation Term="UI.Importance" EnumMember="UI.ImportanceType/High"/></Record>
						<Record Type="UI.DataFieldForAction"><PropertyValue Property="Label" String="Print"/><PropertyValue Property="Action" String="O2C_CI_INVDOC_DISPLAY_SRV.O2C_CI_INVDOC_DISPLAY_SRV_Entities/ACTION_PRINT"/><PropertyValue Property="InvocationGrouping" EnumMember="UI.OperationGroupingType/Isolated"/></Record>
						<Record Type="UI.DataFieldForAction"><PropertyValue Property="Label" String="Reverse"/><PropertyValue Property="Action" String="O2C_CI_INVDOC_DISPLAY_SRV.O2C_CI_INVDOC_DISPLAY_SRV_Entities/ACTION_REVERSE"/><PropertyValue Property="InvocationGrouping" EnumMember="UI.OperationGroupingType/Isolated"/></Record>
						<Record Type="UI.DataField"><PropertyValue Property="Value" Path="BusinessPartner"/><Annotation Term="UI.Importance" EnumMember="UI.ImportanceType/High"/></Record>
						<Record Type="UI.DataField"><PropertyValue Property="Value" Path="ContractAccount"/><Annotation Term="UI.Importance" EnumMember="UI.ImportanceType/High"/></Record>
						<Record Type="UI.DataField"><PropertyValue Property="Value" Path="CAInvcgType"/><Annotation Term="UI.Importance" EnumMember="UI.ImportanceType/High"/></Record>
						<Record Type="UI.DataField"><PropertyValue Property="Value" Path="CAInvcgDocPeriodDate"/><Annotation Term="UI.Importance" EnumMember="UI.ImportanceType/High"/></Record>
						<Record Type="UI.DataField"><PropertyValue Property="Value" Path="DocumentDate"/><Annotation Term="UI.Importance" EnumMember="UI.ImportanceType/High"/></Record>
						<Record Type="UI.DataField"><PropertyValue Property="Value" Path="CAAmountInTransactionCurrency"/><Annotation Term="UI.Importance" EnumMember="UI.ImportanceType/High"/></Record>
						<Record Type="UI.DataField"><PropertyValue Property="Value" Path="CANetDueDate"/><Annotation Term="UI.Importance" EnumMember="UI.ImportanceType/High"/></Record>
						<Record Type="UI.DataFieldForAnnotation"><PropertyValue Property="Label" String="Created By"/><PropertyValue Property="Target" AnnotationPath="to_CAInvcgUserContact/@Communication.Contact"/><Annotation Term="UI.Importance" EnumMember="UI.ImportanceType/High"/></Record>
					</Collection>
				</Annotation>
				<Annotation Term="UI.PresentationVariant">
					<Record>
						<PropertyValue Property="SortOrder">
							<Collection>
								<Record Type="Common.SortOrderType"><PropertyValue Property="Property" PropertyPath="DocumentDate"/><PropertyValue Property="Descending" Bool="true"/></Record>
							</Collection>
						</PropertyValue>
						<PropertyValue Property="RequestAtLeast">
							<Collection>
								<PropertyPath>CAInvcgDocReversalIsEnabled</PropertyPath>
								<PropertyPath>CAContractSemanticObject</PropertyPath>
								<PropertyPath>CAInvcgDocPrintPreviewIsEnbld</PropertyPath>
								<PropertyPath>CAInvcgDocumentPrintIsEnabled</PropertyPath>
								<PropertyPath>CAInvcgDocPrntOutpCtrlIsEnbld</PropertyPath>
							</Collection>
						</PropertyValue>
					</Record>
				</Annotation>
				<Annotation Term="UI.SelectionFields">
					<Collection>
						<PropertyPath>CAInvoicingDocument</PropertyPath>
						<PropertyPath>BusinessPartner</PropertyPath>
						<PropertyPath>ContractAccount</PropertyPath>
						<PropertyPath>CAInvcgType</PropertyPath>
						<PropertyPath>DocumentDate</PropertyPath>
						<PropertyPath>CAInvcgCreationDate</PropertyPath>
					</Collection>
				</Annotation>
				<Annotation Term="UI.SelectionVariant" Qualifier="selvar_all">
					<Record><PropertyValue Property="Text" String="All Documents"/></Record>
				</Annotation>
				<Annotation Term="UI.SelectionVariant" Qualifier="selvar_prelim">
					<Record><PropertyValue Property="Text" String="Preliminary Invoices"/>
						<PropertyValue Property="SelectOptions">
							<Collection>
								<Record Type="UI.SelectOptionType"><PropertyValue Property="PropertyName" PropertyPath="CAInvcgIsDocumentPreliminary"/>
									<PropertyValue Property="Ranges">
										<Collection>
											<Record Type="UI.SelectionRangeType"><PropertyValue Property="Sign" EnumMember="UI.SelectionRangeSignType/I"/><PropertyValue Property="Option" EnumMember="UI.SelectionRangeOptionType/EQ"/><PropertyValue Property="Low" Bool="true"/></Record>
										</Collection>
									</PropertyValue>
								</Record>
							</Collection>
						</PropertyValue>
					</Record>
				</Annotation>
				<Annotation Term="UI.SelectionVariant" Qualifier="selvar_reversal">
					<Record><PropertyValue Property="Text" String="Reversal Documents"/>
						<PropertyValue Property="SelectOptions">
							<Collection>
								<Record Type="UI.SelectOptionType"><PropertyValue Property="PropertyName" PropertyPath="CAInvcgReversalDocument"/>
									<PropertyValue Property="Ranges">
										<Collection>
											<Record Type="UI.SelectionRangeType"><PropertyValue Property="Sign" EnumMember="UI.SelectionRangeSignType/I"/><PropertyValue Property="Option" EnumMember="UI.SelectionRangeOptionType/EQ"/><PropertyValue Property="Low" String="000000000000"/></Record>
										</Collection>
									</PropertyValue>
								</Record>
								<Record Type="UI.SelectOptionType"><PropertyValue Property="PropertyName" PropertyPath="CAInvcgReversedDocument"/>
									<PropertyValue Property="Ranges">
										<Collection>
											<Record Type="UI.SelectionRangeType"><PropertyValue Property="Sign" EnumMember="UI.SelectionRangeSignType/I"/><PropertyValue Property="Option" EnumMember="UI.SelectionRangeOptionType/GE"/><PropertyValue Property="Low" String="000000000001"/></Record>
										</Collection>
									</PropertyValue>
								</Record>
							</Collection>
						</PropertyValue>
					</Record>
				</Annotation>
				<Annotation Term="UI.SelectionVariant" Qualifier="selvar_reversed">
					<Record><PropertyValue Property="Text" String="Reversed Documents"/>
						<PropertyValue Property="SelectOptions">
							<Collection>
								<Record Type="UI.SelectOptionType"><PropertyValue Property="PropertyName" PropertyPath="CAInvcgReversalDocument"/>
									<PropertyValue Property="Ranges">
										<Collection>
											<Record Type="UI.SelectionRangeType"><PropertyValue Property="Sign" EnumMember="UI.SelectionRangeSignType/I"/><PropertyValue Property="Option" EnumMember="UI.SelectionRangeOptionType/GE"/><PropertyValue Property="Low" String="000000000001"/></Record>
										</Collection>
									</PropertyValue>
								</Record>
								<Record Type="UI.SelectOptionType"><PropertyValue Property="PropertyName" PropertyPath="CAInvcgReversedDocument"/>
									<PropertyValue Property="Ranges">
										<Collection>
											<Record Type="UI.SelectionRangeType"><PropertyValue Property="Sign" EnumMember="UI.SelectionRangeSignType/I"/><PropertyValue Property="Option" EnumMember="UI.SelectionRangeOptionType/EQ"/><PropertyValue Property="Low" String="000000000000"/></Record>
										</Collection>
									</PropertyValue>
								</Record>
							</Collection>
						</PropertyValue>
					</Record>
				</Annotation>
				<Annotation Term="UI.SelectionVariant" Qualifier="selvar_notrev">
					<Record><PropertyValue Property="Text" String="Non-Reversed Documents"/>
						<PropertyValue Property="SelectOptions">
							<Collection>
								<Record Type="UI.SelectOptionType"><PropertyValue Property="PropertyName" PropertyPath="CAInvcgReversalDocument"/>
									<PropertyValue Property="Ranges">
										<Collection>
											<Record Type="UI.SelectionRangeType"><PropertyValue Property="Sign" EnumMember="UI.SelectionRangeSignType/I"/><PropertyValue Property="Option" EnumMember="UI.SelectionRangeOptionType/EQ"/><PropertyValue Property="Low" String="000000000000"/></Record>
										</Collection>
									</PropertyValue>
								</Record>
								<Record Type="UI.SelectOptionType"><PropertyValue Property="PropertyName" PropertyPath="CAInvcgReversedDocument"/>
									<PropertyValue Property="Ranges">
										<Collection>
											<Record Type="UI.SelectionRangeType"><PropertyValue Property="Sign" EnumMember="UI.SelectionRangeSignType/I"/><PropertyValue Property="Option" EnumMember="UI.SelectionRangeOptionType/EQ"/><PropertyValue Property="Low" String="000000000000"/></Record>
										</Collection>
									</PropertyValue>
								</Record>
							</Collection>
						</PropertyValue>
					</Record>
				</Annotation><Annotation Term="Common.SemanticObject" String="CAInvoicingDocument"/>
				<Annotation Term="Communication.Contact">
					<Record>
						<PropertyValue Property="n">
							<Record><PropertyValue Property="given" Path="BusinessPartnerFullName"/></Record>
						</PropertyValue>
					</Record>
				</Annotation>
			</Annotations>
			<Annotations Target="O2C_CI_INVDOC_DISPLAY_SRV.C_CAInvcgDocHeaderType/BusinessPartnerFullName"><Annotation Term="UI.Hidden"/></Annotations>
			<Annotations Target="O2C_CI_INVDOC_DISPLAY_SRV.C_CAInvcgDocHeaderType/CreatedByUser"><Annotation Term="UI.Hidden"/></Annotations>
			<Annotations Target="O2C_CI_INVDOC_DISPLAY_SRV.C_CAInvcgDocHeaderType/CAContractSemanticObject"><Annotation Term="UI.Hidden"/></Annotations>
			<Annotations Target="O2C_CI_INVDOC_DISPLAY_SRV.C_CAInvcgDocHeaderType/BusinessPartner"><Annotation Term="Common.SemanticObject" String="CAContractPartner"/></Annotations>
			<Annotations Target="O2C_CI_INVDOC_DISPLAY_SRV.C_CAInvcgDocHeaderType/ContractAccount"><Annotation Term="Common.SemanticObject" String="ContractAccount"/></Annotations>
			<Annotations Target="O2C_CI_INVDOC_DISPLAY_SRV.C_CAInvcgDocHeaderType/AltvContractAcctForCollvBills"><Annotation Term="Common.SemanticObject" String="ContractAccount"/></Annotations>
			<Annotations Target="O2C_CI_INVDOC_DISPLAY_SRV.C_CAInvcgDocHeaderType/CAReconciliationKey"><Annotation Term="Common.SemanticObject" String="CAReconciliationKey"/></Annotations>
			<Annotations Target="O2C_CI_INVDOC_DISPLAY_SRV.C_CAInvcgDocHeaderType">
				<Annotation Term="Communication.Contact">
					<Record>
						<PropertyValue Property="n">
							<Record><PropertyValue Property="given" Path="BusinessPartnerFullName"/></Record>
						</PropertyValue>
					</Record>
				</Annotation>
			</Annotations>
			<Annotations Target="O2C_CI_INVDOC_DISPLAY_SRV.C_CAInvcgDocItemType/CAInvoicingDocument"><Annotation Term="UI.Hidden"/></Annotations>
			<Annotations Target="O2C_CI_INVDOC_DISPLAY_SRV.C_CAInvcgDocItemType/CAContractSemanticObject"><Annotation Term="UI.Hidden"/></Annotations>
			<Annotations Target="O2C_CI_INVDOC_DISPLAY_SRV.C_CAInvcgDocItemType/CAInvcgSourceDocumentSemObj"><Annotation Term="UI.Hidden"/></Annotations>
			<Annotations Target="O2C_CI_INVDOC_DISPLAY_SRV.C_CAInvcgDocItemType/CompanyCodeName"><Annotation Term="UI.Hidden"/></Annotations>
			<Annotations Target="O2C_CI_INVDOC_DISPLAY_SRV.C_CAInvcgDocItemType/CAMainTransactionName"><Annotation Term="UI.Hidden"/></Annotations>
			<Annotations Target="O2C_CI_INVDOC_DISPLAY_SRV.C_CAInvcgDocItemType/CASubTransactionName"><Annotation Term="UI.Hidden"/></Annotations>
			<Annotations Target="O2C_CI_INVDOC_DISPLAY_SRV.C_CAInvcgDocItemType/CAInvcgDocItemTypeText"><Annotation Term="UI.Hidden"/></Annotations>
			<Annotations Target="O2C_CI_INVDOC_DISPLAY_SRV.C_CAInvcgDocItemType/CASubApplicationText"><Annotation Term="UI.Hidden"/></Annotations>
			<Annotations Target="O2C_CI_INVDOC_DISPLAY_SRV.C_CAInvcgDocItemType/DivisionName"><Annotation Term="UI.Hidden"/></Annotations>
			<Annotations Target="O2C_CI_INVDOC_DISPLAY_SRV.C_CAInvcgDocItemType/CAInvcgDocItmAltvMDCatText"><Annotation Term="UI.Hidden"/></Annotations>
			<Annotations Target="O2C_CI_INVDOC_DISPLAY_SRV.C_CAInvcgDocItemType/BusinessAreaName"><Annotation Term="UI.Hidden"/></Annotations>
			<Annotations Target="O2C_CI_INVDOC_DISPLAY_SRV.C_CAInvcgDocItemType/TaxCountryName"><Annotation Term="UI.Hidden"/></Annotations>
			<Annotations Target="O2C_CI_INVDOC_DISPLAY_SRV.C_CAInvcgDocItemType/CATaxDetnTypeText"><Annotation Term="UI.Hidden"/></Annotations>
			<Annotations Target="O2C_CI_INVDOC_DISPLAY_SRV.C_CAInvcgDocItemType/CAOtherTaxCodeName"><Annotation Term="UI.Hidden"/></Annotations>
			<Annotations Target="O2C_CI_INVDOC_DISPLAY_SRV.C_CAInvcgDocItemType/TaxCodeName"><Annotation Term="UI.Hidden"/></Annotations>
			<Annotations Target="O2C_CI_INVDOC_DISPLAY_SRV.C_CAInvcgDocItemType/TaxJurisdictionName"><Annotation Term="UI.Hidden"/></Annotations>
			<Annotations Target="O2C_CI_INVDOC_DISPLAY_SRV.C_CAInvcgDocItemType/ConditionTypeName"><Annotation Term="UI.Hidden"/></Annotations>
			<Annotations Target="O2C_CI_INVDOC_DISPLAY_SRV.C_CAInvcgDocItemType/CATransactionKeyAcctDetnText"><Annotation Term="UI.Hidden"/></Annotations>
			<Annotations Target="O2C_CI_INVDOC_DISPLAY_SRV.C_CAInvcgDocItemType/CADeferredRevenueStatusText"><Annotation Term="UI.Hidden"/></Annotations>
			<Annotations Target="O2C_CI_INVDOC_DISPLAY_SRV.C_CAInvcgDocItemType/CAInvcgDocItmDefStatusText"><Annotation Term="UI.Hidden"/></Annotations>
			<Annotations Target="O2C_CI_INVDOC_DISPLAY_SRV.C_CAInvcgDocItemType/CARevnAcctgServiceTypeText"><Annotation Term="UI.Hidden"/></Annotations>
			<Annotations Target="O2C_CI_INVDOC_DISPLAY_SRV.C_CAInvcgDocItemType/CAInvcgAccrualPostingTypeTxt"><Annotation Term="UI.Hidden"/></Annotations>
			<Annotations Target="O2C_CI_INVDOC_DISPLAY_SRV.C_CAInvcgDocItemType/CAInvcgRefPostgDocTypeTxt"><Annotation Term="UI.Hidden"/></Annotations>
			<Annotations Target="O2C_CI_INVDOC_DISPLAY_SRV.C_CAInvcgDocItemType/CAInvcgDocItmCrtnMethodText"><Annotation Term="UI.Hidden"/></Annotations>
			<Annotations Target="O2C_CI_INVDOC_DISPLAY_SRV.C_CAInvcgDocItemType/CAInvcgFunctionText"><Annotation Term="UI.Hidden"/></Annotations>
			<Annotations Target="O2C_CI_INVDOC_DISPLAY_SRV.C_CAInvcgDocItemType/CAInvcgSourceDocCatText"><Annotation Term="UI.Hidden"/></Annotations>
			<Annotations Target="O2C_CI_INVDOC_DISPLAY_SRV.C_CAInvcgDocItemType/CAInvcgDocItmSrceItmCatText"><Annotation Term="UI.Hidden"/></Annotations>
			<Annotations Target="O2C_CI_INVDOC_DISPLAY_SRV.C_CAInvcgDocItemType/CABllbleItmDiscountKeyText"><Annotation Term="UI.Hidden"/></Annotations>
			<Annotations Target="O2C_CI_INVDOC_DISPLAY_SRV.C_CAInvcgDocItemType/UnitOfMeasureName"><Annotation Term="UI.Hidden"/></Annotations>
			<Annotations Target="O2C_CI_INVDOC_DISPLAY_SRV.C_CAInvcgDocItemType/CAInvcgCorrectionCatText"><Annotation Term="UI.Hidden"/></Annotations>
			<Annotations Target="O2C_CI_INVDOC_DISPLAY_SRV.C_CAInvcgDocItemType/CAInvcgItmAltvBusinessPartner"><Annotation Term="Common.SemanticObject" String="CAContractPartner"/></Annotations>
			<Annotations Target="O2C_CI_INVDOC_DISPLAY_SRV.C_CAInvcgDocItemType/CAInvcgItmAltvContractAccount"><Annotation Term="Common.SemanticObject" String="ContractAccount"/></Annotations>
			<Annotations Target="O2C_CI_INVDOC_DISPLAY_SRV.C_CAInvcgDocItemType/CADocumentNumber"><Annotation Term="Common.SemanticObject" String="CADocument"/></Annotations>
			<Annotations Target="O2C_CI_INVDOC_DISPLAY_SRV.C_CAInvcgDocItemType">
				<Annotation Term="UI.HeaderInfo">
					<Record><PropertyValue Property="TypeName" String="Invoicing Document Item"/><PropertyValue Property="TypeNamePlural" String="Invoicing Document Items"/></Record>
				</Annotation>
				<Annotation Term="UI.LineItem">
					<Collection>
						<Record Type="UI.DataField"><PropertyValue Property="Value" Path="CAInvcgDocItem"/><Annotation Term="UI.Importance" EnumMember="UI.ImportanceType/High"/></Record>
						<Record Type="UI.DataField"><PropertyValue Property="Value" Path="CAInvcgDocumentItemType"/><Annotation Term="UI.Importance" EnumMember="UI.ImportanceType/High"/></Record>
						<Record Type="UI.DataField"><PropertyValue Property="Value" Path="CAContract"/><Annotation Term="UI.Importance" EnumMember="UI.ImportanceType/High"/></Record>
						<Record Type="UI.DataField"><PropertyValue Property="Value" Path="CompanyCode"/><Annotation Term="UI.Importance" EnumMember="UI.ImportanceType/High"/></Record>
						<Record Type="UI.DataField"><PropertyValue Property="Value" Path="CAMainTransaction"/><Annotation Term="UI.Importance" EnumMember="UI.ImportanceType/High"/></Record>
						<Record Type="UI.DataField"><PropertyValue Property="Value" Path="CASubTransaction"/><Annotation Term="UI.Importance" EnumMember="UI.ImportanceType/High"/></Record>
						<Record Type="UI.DataField"><PropertyValue Property="Value" Path="CAInvcgIsItemPostingRelevant"/><Annotation Term="UI.Importance" EnumMember="UI.ImportanceType/High"/></Record>
						<Record Type="UI.DataField"><PropertyValue Property="Value" Path="CAInvcgIsItemPrintingRelevant"/><Annotation Term="UI.Importance" EnumMember="UI.ImportanceType/High"/></Record>
						<Record Type="UI.DataField"><PropertyValue Property="Value" Path="CAInvcgIsInFinalAmt"/><Annotation Term="UI.Importance" EnumMember="UI.ImportanceType/High"/></Record>
						<Record Type="UI.DataField"><PropertyValue Property="Value" Path="CAAmountInTransactionCurrency"/><Annotation Term="UI.Importance" EnumMember="UI.ImportanceType/High"/></Record>
					</Collection>
				</Annotation>
				<Annotation Term="UI.PresentationVariant">
					<Record>
						<PropertyValue Property="SortOrder">
							<Collection>
								<Record Type="Common.SortOrderType"><PropertyValue Property="Property" PropertyPath="CAInvcgDocItem"/><PropertyValue Property="Descending" Bool="false"/></Record>
							</Collection>
						</PropertyValue>
						<PropertyValue Property="RequestAtLeast">
							<Collection>
								<PropertyPath>CAContractSemanticObject</PropertyPath>
								<PropertyPath>CAInvcgSourceDocumentSemObj</PropertyPath>
							</Collection>
						</PropertyValue>
					</Record>
				</Annotation>
			</Annotations>
			<Annotations Target="O2C_CI_INVDOC_DISPLAY_SRV.C_CAInvcgDocPostingType/CAInvoicingDocument"><Annotation Term="UI.Hidden"/></Annotations>
			<Annotations Target="O2C_CI_INVDOC_DISPLAY_SRV.C_CAInvcgDocPostingType/CAInvcgRefPostgDocTypeTxt"><Annotation Term="UI.Hidden"/></Annotations>
			<Annotations Target="O2C_CI_INVDOC_DISPLAY_SRV.C_CAInvcgDocPostingType/CADocumentNumber"><Annotation Term="Common.SemanticObject" String="CADocument"/></Annotations>
			<Annotations Target="O2C_CI_INVDOC_DISPLAY_SRV.C_CAInvcgDocPostingType">
				<Annotation Term="UI.HeaderInfo">
					<Record><PropertyValue Property="TypeName" String="Posting Document"/><PropertyValue Property="TypeNamePlural" String="Posting Documents"/></Record>
				</Annotation>
				<Annotation Term="UI.LineItem">
					<Collection>
						<Record Type="UI.DataField"><PropertyValue Property="Value" Path="CADocumentNumber"/><Annotation Term="UI.Importance" EnumMember="UI.ImportanceType/High"/></Record>
						<Record Type="UI.DataField"><PropertyValue Property="Value" Path="CAInvcgRefPostingDocType"/><Annotation Term="UI.Importance" EnumMember="UI.ImportanceType/High"/></Record>
						<Record Type="UI.DataField"><PropertyValue Property="Value" Path="CASequenceNumber"/><Annotation Term="UI.Importance" EnumMember="UI.ImportanceType/High"/></Record>
						<Record Type="UI.DataField"><PropertyValue Property="Value" Path="CAInvcgIsPostedInCurrentInvcg"/><Annotation Term="UI.Importance" EnumMember="UI.ImportanceType/High"/></Record>
					</Collection>
				</Annotation>
				<Annotation Term="UI.PresentationVariant">
					<Record>
						<PropertyValue Property="SortOrder">
							<Collection>
								<Record Type="Common.SortOrderType"><PropertyValue Property="Property" PropertyPath="CADocumentNumber"/><PropertyValue Property="Descending" Bool="false"/></Record>
							</Collection>
						</PropertyValue>
					</Record>
				</Annotation>
			</Annotations>
			<Annotations Target="O2C_CI_INVDOC_DISPLAY_SRV.C_CAInvcgDocRelationType/CAInvoicingDocument"><Annotation Term="UI.Hidden"/></Annotations>
			<Annotations Target="O2C_CI_INVDOC_DISPLAY_SRV.C_CAInvcgDocRelationType/CAReferenceObjectSemObj"><Annotation Term="UI.Hidden"/></Annotations>
			<Annotations Target="O2C_CI_INVDOC_DISPLAY_SRV.C_CAInvcgDocRelationType/CAInvcgReferenceObjText"><Annotation Term="UI.Hidden"/></Annotations>
			<Annotations Target="O2C_CI_INVDOC_DISPLAY_SRV.C_CAInvcgDocRelationType/CAReferenceObjectID"><Annotation Term="Common.SemanticObject" String="CAInvoicingDocument"/></Annotations>
			<Annotations Target="O2C_CI_INVDOC_DISPLAY_SRV.C_CAInvcgDocRelationType">
				<Annotation Term="UI.HeaderInfo">
					<Record><PropertyValue Property="TypeName" String="Reference"/><PropertyValue Property="TypeNamePlural" String="References"/></Record>
				</Annotation>
				<Annotation Term="UI.LineItem">
					<Collection>
						<Record Type="UI.DataField"><PropertyValue Property="Value" Path="CAReferenceObjectID"/><Annotation Term="UI.Importance" EnumMember="UI.ImportanceType/High"/></Record>
						<Record Type="UI.DataField"><PropertyValue Property="Value" Path="CAInvcgReferenceObject"/><Annotation Term="UI.Importance" EnumMember="UI.ImportanceType/High"/></Record>
						<Record Type="UI.DataField"><PropertyValue Property="Value" Path="CAInvcgCreationDate"/><Annotation Term="UI.Importance" EnumMember="UI.ImportanceType/High"/></Record>
						<Record Type="UI.DataField"><PropertyValue Property="Value" Path="CAInvcgIsDocumentSimulated"/><Annotation Term="UI.Importance" EnumMember="UI.ImportanceType/High"/></Record>
						<Record Type="UI.DataField"><PropertyValue Property="Value" Path="CAInvcgIsDocumentPreliminary"/><Annotation Term="UI.Importance" EnumMember="UI.ImportanceType/High"/></Record>
						<Record Type="UI.DataField"><PropertyValue Property="Value" Path="CAInvcgIsDocumentPosted"/><Annotation Term="UI.Importance" EnumMember="UI.ImportanceType/High"/></Record>
					</Collection>
				</Annotation>
				<Annotation Term="UI.PresentationVariant">
					<Record>
						<PropertyValue Property="SortOrder">
							<Collection>
								<Record Type="Common.SortOrderType"><PropertyValue Property="Property" PropertyPath="CAInvcgCreationDate"/><PropertyValue Property="Descending" Bool="true"/></Record>
							</Collection>
						</PropertyValue>
						<PropertyValue Property="RequestAtLeast">
							<Collection>
								<PropertyPath>CAReferenceObjectSemObj</PropertyPath>
							</Collection>
						</PropertyValue>
					</Record>
				</Annotation>
			</Annotations>
			<Annotations Target="O2C_CI_INVDOC_DISPLAY_SRV.C_CAInvcgDocSourceType/CAInvcgSourceDocumentSemObj"><Annotation Term="UI.Hidden"/></Annotations>
			<Annotations Target="O2C_CI_INVDOC_DISPLAY_SRV.C_CAInvcgDocSourceType/CAInvcgSourceDocCatText"><Annotation Term="UI.Hidden"/></Annotations>
			<Annotations Target="O2C_CI_INVDOC_DISPLAY_SRV.C_CAInvcgDocSourceType/CAInvcgSourceDocTypeText"><Annotation Term="UI.Hidden"/></Annotations>
			<Annotations Target="O2C_CI_INVDOC_DISPLAY_SRV.C_CAInvcgDocSourceType/CAInvcgSourceDocumentNumber"><Annotation Term="Common.SemanticObject" String="CABillgDocument"/></Annotations>
			<Annotations Target="O2C_CI_INVDOC_DISPLAY_SRV.C_CAInvcgDocSourceType">
				<Annotation Term="UI.HeaderInfo">
					<Record><PropertyValue Property="TypeName" String="Source Document"/><PropertyValue Property="TypeNamePlural" String="Source Documents"/></Record>
				</Annotation>
				<Annotation Term="UI.LineItem">
					<Collection>
						<Record Type="UI.DataField"><PropertyValue Property="Value" Path="CAInvoicingDocument"/><Annotation Term="UI.Importance" EnumMember="UI.ImportanceType/High"/></Record>
						<Record Type="UI.DataField"><PropertyValue Property="Value" Path="CAInvcgSourceDocumentNumber"/><Annotation Term="UI.Importance" EnumMember="UI.ImportanceType/High"/></Record>
						<Record Type="UI.DataField"><PropertyValue Property="Value" Path="CAInvcgSourceDocumentCat"/><Annotation Term="UI.Importance" EnumMember="UI.ImportanceType/High"/></Record>
						<Record Type="UI.DataField"><PropertyValue Property="Value" Path="CAInvcgSourceDocumentType"/><Annotation Term="UI.Importance" EnumMember="UI.ImportanceType/High"/></Record>
						<Record Type="UI.DataField"><PropertyValue Property="Value" Path="CAInvcgIsDocumentSimulated"/><Annotation Term="UI.Importance" EnumMember="UI.ImportanceType/High"/></Record>
						<Record Type="UI.DataField"><PropertyValue Property="Value" Path="CAInvcgIsDocumentPreliminary"/><Annotation Term="UI.Importance" EnumMember="UI.ImportanceType/High"/></Record>
						<Record Type="UI.DataFieldWithNavigationPath"><PropertyValue Property="Value" Path="CAInvcgReversalDocument"/><PropertyValue Property="Target" NavigationPropertyPath="to_CAInvcgReversalDocument"/><Annotation Term="UI.Importance" EnumMember="UI.ImportanceType/Low"/></Record>
						<Record Type="UI.DataFieldWithNavigationPath"><PropertyValue Property="Value" Path="CAInvcgReversedDocument"/><PropertyValue Property="Target" NavigationPropertyPath="to_CAInvcgReversedDocument"/><Annotation Term="UI.Importance" EnumMember="UI.ImportanceType/Low"/></Record>
					</Collection>
				</Annotation>
				<Annotation Term="UI.PresentationVariant">
					<Record>
						<PropertyValue Property="SortOrder">
							<Collection>
								<Record Type="Common.SortOrderType"><PropertyValue Property="Property" PropertyPath="CAInvcgCreationDate"/><PropertyValue Property="Descending" Bool="true"/></Record>
							</Collection>
						</PropertyValue>
						<PropertyValue Property="RequestAtLeast">
							<Collection>
								<PropertyPath>CAInvcgSourceDocumentSemObj</PropertyPath>
							</Collection>
						</PropertyValue>
					</Record>
				</Annotation>
			</Annotations>
			<Annotations Target="O2C_CI_INVDOC_DISPLAY_SRV.C_CAInvcgUserContactType/EmailAddress"><Annotation Term="Communication.IsEmailAddress"/></Annotations>
			<Annotations Target="O2C_CI_INVDOC_DISPLAY_SRV.C_CAInvcgUserContactType/PhoneNumber"><Annotation Term="Communication.IsPhoneNumber"/></Annotations>
			<Annotations Target="O2C_CI_INVDOC_DISPLAY_SRV.C_CAInvcgUserContactType">
				<Annotation Term="Communication.Contact">
					<Record><PropertyValue Property="fn" Path="FullName"/><PropertyValue Property="org" Path="Department"/><PropertyValue Property="role" Path="FunctionalTitleName"/>
						<PropertyValue Property="tel">
							<Collection>
								<Record><PropertyValue Property="type" EnumMember="Communication.PhoneType/home Communication.PhoneType/preferred Communication.PhoneType/work"/><PropertyValue Property="uri" Path="PhoneNumber"/></Record>
							</Collection>
						</PropertyValue>
						<PropertyValue Property="email">
							<Collection>
								<Record><PropertyValue Property="type" EnumMember="Communication.ContactInformationType/work Communication.ContactInformationType/preferred"/><PropertyValue Property="address" Path="EmailAddress"/></Record>
							</Collection>
						</PropertyValue>
					</Record>
				</Annotation>
			</Annotations>
			<Annotations Target="O2C_CI_INVDOC_DISPLAY_SRV.C_ContractAccountValueHelpType/CAStandardCompanyCode"><Annotation Term="UI.Hidden"/></Annotations>
			<Annotations Target="O2C_CI_INVDOC_DISPLAY_SRV.C_ContractAccountValueHelpType/CAAuthorizationGroup"><Annotation Term="UI.Hidden"/></Annotations>
			<Annotations Target="O2C_CI_INVDOC_DISPLAY_SRV.I_BusinessPartnerType">
				<Annotation Term="UI.QuickViewFacets">
					<Collection>
						<Record Type="UI.ReferenceFacet"><PropertyValue Property="Target" AnnotationPath="@UI.FieldGroup#BusinessPartner1"/></Record>
					</Collection>
				</Annotation>
				<Annotation Term="UI.FieldGroup" Qualifier="BusinessPartner1">
					<Record>
						<PropertyValue Property="Data">
							<Collection>
								<Record Type="UI.DataField"><PropertyValue Property="Value" Path="PersonFullName"/></Record>
								<Record Type="UI.DataField"><PropertyValue Property="Value" Path="PersonNumber"/></Record>
							</Collection>
						</PropertyValue>
					</Record>
				</Annotation>
				<Annotation Term="UI.HeaderInfo">
					<Record><PropertyValue Property="TypeName" String="Business Partner"/><PropertyValue Property="TypeImageUrl" String="sap-icon"/></Record>
					<Annotation Term="Core.Messages">
						<Collection>
							<Record><PropertyValue Property="message" String="UI.HEADERINFO: TypeNamePlural is mandatory"/><PropertyValue Property="severity" String="error"/></Record>
						</Collection>
					</Annotation>
				</Annotation>
			</Annotations>
			<Annotations Target="O2C_CI_INVDOC_DISPLAY_SRV.I_BusinessPartnerVHType/BusinessPartnerName"><Annotation Term="UI.HiddenFilter"/></Annotations>
			<Annotations Target="O2C_CI_INVDOC_DISPLAY_SRV.I_BusinessPartnerVHType/FormOfAddress"><Annotation Term="UI.Hidden"/></Annotations>
			<Annotations Target="O2C_CI_INVDOC_DISPLAY_SRV.I_BusinessPartnerVHType/AuthorizationGroup"><Annotation Term="UI.Hidden"/></Annotations>
			<Annotations Target="O2C_CI_INVDOC_DISPLAY_SRV.I_BusinessPartnerVHType/IsBusinessPurposeCompleted"><Annotation Term="UI.Hidden"/></Annotations>
			<Annotations Target="O2C_CI_INVDOC_DISPLAY_SRV.I_BusinessPartnerVHType">
				<Annotation Term="UI.LineItem">
					<Collection>
						<Record Type="UI.DataField"><PropertyValue Property="Value" Path="BusinessPartner"/><Annotation Term="UI.Importance" EnumMember="UI.ImportanceType/High"/></Record>
						<Record Type="UI.DataField"><PropertyValue Property="Value" Path="FormOfAddressName"/><Annotation Term="UI.Importance" EnumMember="UI.ImportanceType/High"/></Record>
						<Record Type="UI.DataField"><PropertyValue Property="Value" Path="BusinessPartnerName"/><Annotation Term="UI.Importance" EnumMember="UI.ImportanceType/High"/></Record>
						<Record Type="UI.DataField"><PropertyValue Property="Value" Path="BusinessPartnerCategory"/><Annotation Term="UI.Importance" EnumMember="UI.ImportanceType/High"/></Record>
						<Record Type="UI.DataField"><PropertyValue Property="Value" Path="BusinessPartnerIDByExtSystem"/><Annotation Term="UI.Importance" EnumMember="UI.ImportanceType/High"/></Record>
						<Record Type="UI.DataField"><PropertyValue Property="Value" Path="FirstName"/><Annotation Term="UI.Importance" EnumMember="UI.ImportanceType/High"/></Record>
						<Record Type="UI.DataField"><PropertyValue Property="Value" Path="LastName"/><Annotation Term="UI.Importance" EnumMember="UI.ImportanceType/High"/></Record>
						<Record Type="UI.DataField"><PropertyValue Property="Value" Path="OrganizationBPName1"/><Annotation Term="UI.Importance" EnumMember="UI.ImportanceType/High"/></Record>
						<Record Type="UI.DataField"><PropertyValue Property="Value" Path="GroupBusinessPartnerName1"/><Annotation Term="UI.Importance" EnumMember="UI.ImportanceType/High"/></Record>
						<Record Type="UI.DataField"><PropertyValue Property="Value" Path="BirthDate"/><Annotation Term="UI.Importance" EnumMember="UI.ImportanceType/High"/></Record>
					</Collection>
				</Annotation>
			</Annotations>
			<Annotations Target="O2C_CI_INVDOC_DISPLAY_SRV.I_CAInvcgReferenceObjType/CAReferenceObjectSemObj"><Annotation Term="UI.Hidden"/></Annotations>
		</Schema>
	</edmx:DataServices>
</edmx:Edmx>