<core:FragmentDefinition xmlns="sap.m" xmlns:l="sap.ui.layout" xmlns:core="sap.ui.core">
	<Dialog class="sapUiResponsiveMargin" title="{i18n>NumberPad}">
		<VBox>
			<HBox>
				<Button id="idBtn1" text="1" class="sapUiTinyMargin" press="onNumberClick" />
				<Button id="idBtn2" text="2" class="sapUiTinyMargin" press="onNumberClick"  />
				<Button id="idBtn3" text="3" class="sapUiTinyMargin" press="onNumberClick" />
				<Button id="idBtn4" text="4" class="sapUiTinyMargin" press="onNumberClick"  />
				<Button id="idBtn5" text="5" class="sapUiTinyMargin" press="onNumberClick" />
				<Button id="idBtn6" text="6" class="sapUiTinyMargin" press="onNumberClick"  />
			</HBox>
					<HBox>
				<Button id="idBtn7" text="7" class="sapUiTinyMargin"  press="onNumberClick" />
				<Button id="idBtn8" text="8" class="sapUiTinyMargin" press="onNumberClick"  />
				<Button id="idBtn9" text="9" class="sapUiTinyMargin"  press="onNumberClick"  />
				<Button id="idBtn0" text="0" class="sapUiTinyMargin"  press="onNumberClick"  />
				<!--<Button   icon="sap-icon://sys-cancel" type="Emphasized" class="sapUiTinyMargin"  press="onClearNumberPad" />-->
				<!--<Button  icon="sap-icon://arrow-left" type="Emphasized" class="sapUiTinyMargin"/>-->
			</HBox>
		</VBox>
				<buttons>
		<Button text="{i18n>Close}" press="fnCloseNumberPad"></Button>
	</buttons>
	</Dialog>
</core:FragmentDefinition>