<core:FragmentDefinition xmlns="sap.m" xmlns:l="sap.ui.layout" xmlns:core="sap.ui.core">
	<Dialog class="sapUiResponsiveMargin" title="{i18n>MaintSerNo}">
		<Table id="idSerialnolist" items="{path : 'oGIDetSerNoModel>/results'}" keyboardMode="Edit" >
			<columns>
				<Column></Column>
				<Column></Column>
			</columns>
			<ColumnListItem>
		
					<Text text="{path: 'oGIDetSerNoModel>/results', formatter: '.formatter.setRowNo'}"/>
					<Input value="{oGIDetSerNoModel>Serialno}" change="onChange" />

			<!-- sap.ui.core.Control -->
		</ColumnListItem>
	</Table>
	<buttons>
		<Button text="{i18n>Save}" id="btnSaveSerNo" press="fnCloseSrNo"></Button>
		<Button text="{i18n>Clear}" id="btnClearSerNo" press="fnClearSrNo"></Button>
		<Button text="{i18n>Close}" press="fnCloseSrNo"></Button>
	</buttons>
</Dialog>
</core:FragmentDefinition>