{
    "resources": [
        {
            "name": "util/Formatter.js"
        },
        {
            "name": "util/Constants.js"
        },
        {
            "name": "util/Helper.js"
        },
        {
            "name": "util/BusyIndicator.js"
        },
        {
            "name": "util/ErrorManager.js"
        },
        {
            "name": "resources.json",
            "merged": true
        },
        {
            "name": "Component-preload.js",
            "merged": true
        },
        {
            "name": "control/microchart/RadialMicroChartRenderer.js"
        },
        {
            "name": "control/microchart/RadialMicroChart.js"
        },
        {
            "name": "neo-app.json"
        },
        {
            "name": "model/LocomotiveMaintenanceModel.js"
        },
        {
            "name": "model/alert/AlertDataModel.js"
        },
        {
            "name": "model/craft/CraftDataModel.js"
        },
        {
            "name": "model/locomotives/LocomotiveDataModel.js"
        },
        {
            "name": "model/models.js"
        },
        {
            "name": "model/work/WorkDataModel.js"
        },
        {
            "name": "model/main/TrackSpotModel.js"
        },
        {
            "name": "model/main/PersonalLinkModel.js"
        },
        {
            "name": "model/main/DefaultSettingModel.js"
        },
        {
            "name": "model/material/MaterialModel.js"
        },
        {
            "name": ".user.project.json"
        },
        {
            "name": "view/fleet/Fleet.view.xml"
        },
        {
            "name": "view/fleet/FleetDetails.view.xml"
        },
        {
            "name": "view/myShop/MyShop.view.xml"
        },
        {
            "name": "view/myShop/servicing/ServicingContainer.view.xml"
        },
        {
            "name": "view/myShop/servicing/serviceGroup/serviceGroupDialog.fragment.xml"
        },
        {
            "name": "view/myShop/servicing/ServicingBlankDetails.view.xml"
        },
        {
            "name": "view/myShop/common/LocomotiveHeader.fragment.xml"
        },
        {
            "name": "view/myShop/common/workplan/LocoWorkPlanListTemplate.fragment.xml"
        },
        {
            "name": "view/myShop/common/workplan/MaterialListPopover.fragment.xml"
        },
        {
            "name": "view/myShop/common/workplan/WorkPlan.view.xml"
        },
        {
            "name": "view/myShop/common/workplan/RequestMatDialog.fragment.xml"
        },
        {
            "name": "view/myShop/common/workplan/WOActionSheet.fragment.xml"
        },
        {
            "name": "view/myShop/common/workplan/CustomOperationList.fragment.xml"
        },
        {
            "name": "view/myShop/common/workplan/ReleaseDialog.fragment.xml"
        },
        {
            "name": "view/myShop/common/workplan/CustomTaskList.fragment.xml"
        },
        {
            "name": "view/myShop/common/workplan/PlanOperation.fragment.xml"
        },
        {
            "name": "view/myShop/common/workplan/EditOperationEstTime.fragment.xml"
        },
        {
            "name": "view/myShop/common/workplan/AddOperation.fragment.xml"
        },
        {
            "name": "view/myShop/common/DeferDefectDialog.fragment.xml"
        },
        {
            "name": "view/myShop/common/wheelSheet/WheelSheet.view.xml"
        },
        {
            "name": "view/myShop/common/wheelSheet/WheelSheetHistory.view.xml"
        },
        {
            "name": "view/myShop/common/AddDefect.fragment.xml"
        },
        {
            "name": "view/myShop/common/incidentNumber/IncidentNumber.fragment.xml"
        },
        {
            "name": "view/myShop/common/crafts/CraftWorkPlan.fragment.xml"
        },
        {
            "name": "view/myShop/common/details/Details.view.xml"
        },
        {
            "name": "view/myShop/common/WorkOrderComments.fragment.xml"
        },
        {
            "name": "view/myShop/common/closeOutCodes/COCForm.fragment.xml"
        },
        {
            "name": "view/myShop/common/closeOutCodes/COCCodeList.fragment.xml"
        },
        {
            "name": "view/myShop/shopped/NewETRDialog.fragment.xml"
        },
        {
            "name": "view/myShop/shopped/defects/Defects.view.xml"
        },
        {
            "name": "view/myShop/shopped/ShoppedBlankDetails.view.xml"
        },
        {
            "name": "view/myShop/shopped/ShoppedContainer.view.xml"
        },
        {
            "name": "view/myShop/shopped/addMaterial/AddMaterial.fragment.xml"
        },
        {
            "name": "view/myShop/shopped/MoveLocomotiveDialog.fragment.xml"
        },
        {
            "name": "view/myShop/Master.view.xml"
        },
        {
            "name": "view/myShop/inbound/defects/DefectLongText.fragment.xml"
        },
        {
            "name": "view/myShop/inbound/defects/CompleteWorkDialog.fragment.xml"
        },
        {
            "name": "view/myShop/inbound/defects/DefectsTable.view.xml"
        },
        {
            "name": "view/myShop/inbound/defects/AddToPlanDialog.fragment.xml"
        },
        {
            "name": "view/myShop/inbound/defects/PlannedWorkActionSheet.fragment.xml"
        },
        {
            "name": "view/myShop/inbound/InboundBlankDetails.view.xml"
        },
        {
            "name": "view/myShop/inbound/InboundContainer.view.xml"
        },
        {
            "name": "view/common/tags/OperationTags.fragment.xml"
        },
        {
            "name": "view/common/tags/WorkOrderTags.fragment.xml"
        },
        {
            "name": "view/common/tags/DefectTags.fragment.xml"
        },
        {
            "name": "view/common/DialogtoConfirm.fragment.xml"
        },
        {
            "name": "view/common/WorkerList.fragment.xml"
        },
        {
            "name": "view/common/craftOperations.fragment.xml"
        },
        {
            "name": "view/common/workOrderHistory/WorkOrderHistory.view.xml"
        },
        {
            "name": "view/common/ConfirmationDialog.fragment.xml"
        },
        {
            "name": "view/common/TaskSheet/MeasPointSheet.fragment.xml"
        },
        {
            "name": "view/common/TaskSheet/SerialNumber.fragment.xml"
        },
        {
            "name": "view/common/arrivalProcess/ArriveProcessDialog.fragment.xml"
        },
        {
            "name": "view/common/arrivalProcess/ArriveTrackSpot.fragment.xml"
        },
        {
            "name": "view/common/arrivalProcess/ArriveDefectsList.fragment.xml"
        },
        {
            "name": "view/common/arrivalProcess/ArriveShopsList.fragment.xml"
        },
        {
            "name": "view/common/arrivalProcess/ArriveWorkOrder.fragment.xml"
        },
        {
            "name": "view/map/detailOverview/DetailOverview.view.xml"
        },
        {
            "name": "view/map/detailOverview/OperationListReport.fragment.xml"
        },
        {
            "name": "view/map/detailOverview/TaskListReport.fragment.xml"
        },
        {
            "name": "view/map/detailOverview/WorkOrderReport.fragment.xml"
        },
        {
            "name": "view/map/shop/MyShop.view.xml"
        },
        {
            "name": "view/map/shop/DepartDialog.fragment.xml"
        },
        {
            "name": "view/map/SelectShift.fragment.xml"
        },
        {
            "name": "view/myWork/myWorkDetailsTask.fragment.xml"
        },
        {
            "name": "view/myWork/MyWorkDetails.view.xml"
        },
        {
            "name": "view/myWork/MaterialsAdjustment.fragment.xml"
        },
        {
            "name": "view/myWork/MyWork.view.xml"
        },
        {
            "name": "view/myWork/endOperation.fragment.xml"
        },
        {
            "name": "view/craft/CraftContainer.view.xml"
        },
        {
            "name": "view/craft/schedule/CraftAgenda.view.xml"
        },
        {
            "name": "view/craft/CraftSearch.fragment.xml"
        },
        {
            "name": "view/craft/workPlan/craftWorkPlanList.view.xml"
        },
        {
            "name": "view/craft/CraftMaster.view.xml"
        },
        {
            "name": "view/craft/Craft.view.xml"
        },
        {
            "name": "view/craft/notes/CraftNotes.view.xml"
        },
        {
            "name": "view/craft/history/CraftHistory.view.xml"
        },
        {
            "name": "view/craft/CraftBlankDetails.view.xml"
        },
        {
            "name": "view/craft/craftAssignment/CraftAssignmentListDialog.fragment.xml"
        },
        {
            "name": "view/craft/craftAssignment/fragments/CraftAssignmentWorkLocomotives.fragment.xml"
        },
        {
            "name": "view/craft/craftAssignment/fragments/CraftAssignmentWorkWorkAssigned.fragment.xml"
        },
        {
            "name": "view/craft/craftAssignment/fragments/CraftAssignmentWorkOperations.fragment.xml"
        },
        {
            "name": "view/craft/craftAssignment/fragments/CraftAssignmentWorkWO.fragment.xml"
        },
        {
            "name": "view/craft/craftAssignment/CraftAssignmentWorkDialog.fragment.xml"
        },
        {
            "name": "view/main/CreatePersonalLinkDialog.fragment.xml"
        },
        {
            "name": "view/main/Kpi.view.xml"
        },
        {
            "name": "view/main/SelectShop.fragment.xml"
        },
        {
            "name": "view/main/DefaultSetting.view.xml"
        },
        {
            "name": "view/main/AlertPopover.fragment.xml"
        },
        {
            "name": "view/main/Main.view.xml"
        },
        {
            "name": "view/main/SendMessageDialog.fragment.xml"
        },
        {
            "name": "view/main/App.view.xml"
        },
        {
            "name": "view/main/PersonalLink.view.xml"
        },
        {
            "name": "framework/BaseDelegate.js"
        },
        {
            "name": "index.html"
        },
        {
            "name": "manifest.json"
        },
        {
            "name": ".project.json"
        },
        {
            "name": "Component.js"
        },
        {
            "name": "mimes/Alert_Icon.png"
        },
        {
            "name": "mimes/Accept_Icon.png"
        },
        {
            "name": "mimes/NA_Icon.png"
        },
        {
            "name": "mimes/Notification_Icon.png"
        },
        {
            "name": "mimes/logo.png"
        },
        {
            "name": "mimes/no_picture.jpg"
        },
        {
            "name": "mimes/legend/consistBuildReady.png"
        },
        {
            "name": "mimes/legend/more24hours.png"
        },
        {
            "name": "mimes/legend/available.png"
        },
        {
            "name": "mimes/legend/revenueMove.png"
        },
        {
            "name": "mimes/legend/firstShift.png"
        },
        {
            "name": "mimes/legend/assignedNoConsist.png"
        },
        {
            "name": "mimes/legend/yardEngine.png"
        },
        {
            "name": "mimes/legend/specialMovement.png"
        },
        {
            "name": "mimes/legend/pastEstRel.png"
        },
        {
            "name": "mimes/legend/lhfm.png"
        },
        {
            "name": "mimes/legend/notPlanned.png"
        },
        {
            "name": "mimes/legend/laidUp.png"
        },
        {
            "name": "mimes/legend/releasedAndAvailable.png"
        },
        {
            "name": "mimes/legend/secondShift.png"
        },
        {
            "name": "mimes/legend/thirdShift.png"
        },
        {
            "name": "localService/ZPM_LM_SRV/metadata.xml"
        },
        {
            "name": "localService/metadata.xml"
        },
        {
            "name": "controller/craft/schedule/CraftAgenda.controller.js"
        },
        {
            "name": "controller/craft/CraftContainer.controller.js"
        },
        {
            "name": "controller/craft/notes/CraftNotes.controller.js"
        },
        {
            "name": "controller/craft/Craft.controller.js"
        },
        {
            "name": "controller/craft/CraftSearchManager.js"
        },
        {
            "name": "controller/craft/workPlan/craftWorkPlanList.controller.js"
        },
        {
            "name": "controller/craft/CraftMaster.controller.js"
        },
        {
            "name": "controller/craft/craftAssignment/CraftAssignmentManager.js"
        },
        {
            "name": "controller/craft/history/CraftHistory.controller.js"
        },
        {
            "name": "controller/craft/CraftBlankDetails.controller.js"
        },
        {
            "name": "controller/craft/CraftManager.js"
        },
        {
            "name": "controller/myShop/MyShop.controller.js"
        },
        {
            "name": "controller/myShop/shopped/addMaterial/AddMaterial.js"
        },
        {
            "name": "controller/myShop/shopped/defects/Defects.controller.js"
        },
        {
            "name": "controller/myShop/shopped/ShoppedBlankDetails.controller.js"
        },
        {
            "name": "controller/myShop/shopped/ShoppedContainer.controller.js"
        },
        {
            "name": "controller/myShop/servicing/ServicingContainer.controller.js"
        },
        {
            "name": "controller/myShop/servicing/serviceGroup/serviceGroupDialog.js"
        },
        {
            "name": "controller/myShop/servicing/ServicingBlankDetails.controller.js"
        },
        {
            "name": "controller/myShop/inbound/InboundContainer.controller.js"
        },
        {
            "name": "controller/myShop/inbound/InboundBlankDetails.controller.js"
        },
        {
            "name": "controller/myShop/inbound/defects/DefectsTable.controller.js"
        },
        {
            "name": "controller/myShop/Master.controller.js"
        },
        {
            "name": "controller/myShop/common/WorkOrderComments.js"
        },
        {
            "name": "controller/myShop/common/CloseOutCode.js"
        },
        {
            "name": "controller/myShop/common/LocomotiveHeaderManager.js"
        },
        {
            "name": "controller/myShop/common/details/Details.controller.js"
        },
        {
            "name": "controller/myShop/common/CraftWorkPlan.js"
        },
        {
            "name": "controller/myShop/common/ShoppedBlankDetails.controller.js"
        },
        {
            "name": "controller/myShop/common/workplan/WorkPlan.controller.js"
        },
        {
            "name": "controller/myShop/common/workplan/RequestMatDialog.js"
        },
        {
            "name": "controller/myShop/common/AddDefectManager.js"
        },
        {
            "name": "controller/myShop/common/IncidentNumberManager.js"
        },
        {
            "name": "controller/myShop/common/wheelSheet/WheelSheet.controller.js"
        },
        {
            "name": "controller/myShop/common/wheelSheet/WheelSheetHistory.controller.js"
        },
        {
            "name": "controller/common/MeasPointSheet.js"
        },
        {
            "name": "controller/common/ArriveManager.js"
        },
        {
            "name": "controller/common/PrintManager.js"
        },
        {
            "name": "controller/common/workOrderHistory/WorkOrderHistory.controller.js"
        },
        {
            "name": "controller/common/FragmentBaseDelegate.js"
        },
        {
            "name": "controller/common/SerialNumber.js"
        },
        {
            "name": "controller/map/MyPlanDetails.controller.js"
        },
        {
            "name": "controller/map/shop/MyShop.controller.js"
        },
        {
            "name": "controller/map/MapManager.js"
        },
        {
            "name": "controller/map/detailOverview/DetailOverview.controller.js"
        },
        {
            "name": "controller/locomotives/LocomotiveManager.js"
        },
        {
            "name": "controller/fleet/FleetDetails.controller.js"
        },
        {
            "name": "controller/fleet/Fleet.controller.js"
        },
        {
            "name": "controller/main/PersonalLink.controller.js"
        },
        {
            "name": "controller/main/Kpi.controller.js"
        },
        {
            "name": "controller/main/Main.controller.js"
        },
        {
            "name": "controller/main/DefaultSetting.controller.js"
        },
        {
            "name": "controller/main/ShiftStatus.controller.js"
        },
        {
            "name": "controller/myWork/myWorkDetails.controller.js"
        },
        {
            "name": "controller/myWork/MyWork.controller.js"
        },
        {
            "name": "css/IE_Locomotive.css"
        },
        {
            "name": "css/Map.css"
        },
        {
            "name": "css/belize_library.css"
        },
        {
            "name": "css/print.css"
        },
        {
            "name": "css/LM_Style.css"
        },
        {
            "name": "css/style.css"
        },
        {
            "name": "css/microchart.css"
        },
        {
            "name": "css/Locomotives.css"
        },
        {
            "name": "css/LocomotivesTablet.css"
        },
        {
            "name": "i18n/i18n_fr.properties",
            "raw": "i18n/i18n.properties"
        },
        {
            "name": "i18n/i18n.properties",
            "raw": "i18n/i18n.properties"
        },
        {
            "name": "i18n/i18n_en.properties",
            "raw": "i18n/i18n.properties"
        },
        {
            "name": "fonts/fonts.css"
        },
        {
            "name": "fonts/SAP-icons.ttf"
        }
    ]
}