<edmx:Edmx xmlns:edmx="http://schemas.microsoft.com/ado/2007/06/edmx"
	xmlns:m="http://schemas.microsoft.com/ado/2007/08/dataservices/metadata" xmlns:sap="http://www.sap.com/Protocols/SAPData" Version="1.0">
	<edmx:DataServices m:DataServiceVersion="2.0">
		<Schema xmlns="http://schemas.microsoft.com/ado/2008/09/edm" Namespace="SIE_ASP_WM_PHY_INV_COUNT_SRV" xml:lang="en" sap:schema-version="1">
			<EntityType Name="UserDefault" sap:content-version="1">
				<Key><PropertyRef Name="UserGID"/></Key><Property Name="UserGID" Type="Edm.String" Nullable="false" MaxLength="12" sap:unicode="false" sap:label="User GID" sap:creatable="false"
					sap:updatable="false" sap:sortable="false" sap:filterable="false"/><Property Name="Plant" Type="Edm.String" Nullable="false" MaxLength="4" sap:unicode="false" sap:label="Plant" sap:creatable="false"
					sap:updatable="false" sap:sortable="false" sap:filterable="false"/><Property Name="WarehouseNo" Type="Edm.String" Nullable="false" MaxLength="3" sap:unicode="false" sap:label="Warehouse No."
					sap:creatable="false" sap:updatable="false" sap:sortable="false" sap:filterable="false"/><Property Name="CompanyCode" Type="Edm.String" Nullable="false" MaxLength="4" sap:unicode="false" sap:label="Company Code"
					sap:creatable="false" sap:updatable="false" sap:sortable="false" sap:filterable="false"/><Property Name="Client" Type="Edm.String" Nullable="false" MaxLength="3" sap:unicode="false" sap:label="Client" sap:creatable="false"
					sap:updatable="false" sap:sortable="false" sap:filterable="false"/><Property Name="GRLabel" Type="Edm.String" Nullable="false" MaxLength="30" sap:unicode="false" sap:label="Output Device"
					sap:creatable="false" sap:updatable="false" sap:sortable="false" sap:filterable="false"/><Property Name="GS1Label" Type="Edm.String" Nullable="false" MaxLength="30" sap:unicode="false" sap:label="Output Device"
					sap:creatable="false" sap:updatable="false" sap:sortable="false" sap:filterable="false"/><Property Name="MsgType" Type="Edm.String" Nullable="false" MaxLength="1" sap:unicode="false" sap:label="Message Type" sap:creatable="false"
					sap:updatable="false" sap:sortable="false" sap:filterable="false"/><Property Name="MsgDesc" Type="Edm.String" Nullable="false" MaxLength="220" sap:unicode="false" sap:label="Message Description"
					sap:creatable="false" sap:updatable="false" sap:sortable="false" sap:filterable="false"/></EntityType>
			<EntityType Name="PhyInvHeader" sap:content-version="1">
				<Key><PropertyRef Name="UserGID"/><PropertyRef Name="WarehouseNo"/></Key><Property Name="UserGID" Type="Edm.String" Nullable="false" MaxLength="12" sap:unicode="false" sap:label="User GID" sap:creatable="false"
					sap:updatable="false" sap:sortable="false" sap:filterable="false"/><Property Name="WarehouseNo" Type="Edm.String" Nullable="false" MaxLength="3" sap:unicode="false" sap:label="Warehouse Number"
					sap:creatable="false" sap:updatable="false" sap:sortable="false" sap:filterable="false"/><Property Name="CountDate" Type="Edm.String" Nullable="false" MaxLength="10" sap:unicode="false" sap:label="Count Date"
					sap:creatable="false" sap:updatable="false" sap:sortable="false" sap:filterable="false"/><Property Name="InvCountNo" Type="Edm.String" Nullable="false" MaxLength="10" sap:unicode="false" sap:label="Inventory Count No"
					sap:creatable="false" sap:updatable="false" sap:sortable="false" sap:filterable="false"/><Property Name="StorageBinType" Type="Edm.String" Nullable="false" MaxLength="3" sap:unicode="false" sap:label="storagebinType"
					sap:creatable="false" sap:updatable="false" sap:sortable="false" sap:filterable="false"/><Property Name="Description" Type="Edm.String" Nullable="false" MaxLength="25" sap:unicode="false" sap:label="Description"
					sap:creatable="false" sap:updatable="false" sap:sortable="false" sap:filterable="false"/><Property Name="Status" Type="Edm.String" Nullable="false" MaxLength="60" sap:unicode="false" sap:label="Status" sap:creatable="false"
					sap:updatable="false" sap:sortable="false" sap:filterable="false"/><Property Name="Msgtype" Type="Edm.String" Nullable="false" MaxLength="1" sap:unicode="false" sap:label="Message Type" sap:creatable="false"
					sap:updatable="false" sap:sortable="false" sap:filterable="false"/><Property Name="Msgdesc" Type="Edm.String" Nullable="false" MaxLength="220" sap:unicode="false" sap:label="Message Description"
					sap:creatable="false" sap:updatable="false" sap:sortable="false" sap:filterable="false"/></EntityType>
			<EntityType Name="PhyInvItem" sap:content-version="1">
				<Key><PropertyRef Name="WarehouseNo"/><PropertyRef Name="InvCountNo"/></Key><Property Name="WarehouseNo" Type="Edm.String" Nullable="false" MaxLength="3" sap:unicode="false" sap:label="Warehouse Number"
					sap:creatable="false" sap:updatable="false" sap:sortable="false" sap:filterable="false"/><Property Name="InvCountNo" Type="Edm.String" Nullable="false" MaxLength="10" sap:unicode="false" sap:label="Inventory Count No"
					sap:creatable="false" sap:updatable="false" sap:sortable="false" sap:filterable="false"/><Property Name="StorageBinType" Type="Edm.String" Nullable="false" MaxLength="3" sap:unicode="false" sap:label="storagebinType"
					sap:creatable="false" sap:updatable="false" sap:sortable="false" sap:filterable="false"/><Property Name="StorageBin" Type="Edm.String" Nullable="false" MaxLength="10" sap:unicode="false" sap:label="Storage Bin"
					sap:creatable="false" sap:updatable="false" sap:sortable="false" sap:filterable="false"/><Property Name="Count" Type="Edm.String" Nullable="false" MaxLength="220" sap:unicode="false" sap:label="Count" sap:creatable="false"
					sap:updatable="false" sap:sortable="false" sap:filterable="false"/></EntityType>
			<EntityType Name="PhyInvItemDet" sap:content-version="1">
				<Key><PropertyRef Name="WarehouseNo"/><PropertyRef Name="InvCountNo"/><PropertyRef Name="StorageBinType"/><PropertyRef Name="StorageBin"/></Key><Property Name="WarehouseNo" Type="Edm.String" Nullable="false" MaxLength="3" sap:unicode="false" sap:label="Warehouse Number"
					sap:creatable="false" sap:updatable="false" sap:sortable="false" sap:filterable="false"/><Property Name="InvCountNo" Type="Edm.String" Nullable="false" MaxLength="10" sap:unicode="false" sap:label="Inventory Count No"
					sap:creatable="false" sap:updatable="false" sap:sortable="false" sap:filterable="false"/><Property Name="InvPos" Type="Edm.String" Nullable="false" MaxLength="4" sap:unicode="false" sap:label="Physical inventory item"
					sap:creatable="false" sap:updatable="false" sap:sortable="false" sap:filterable="false"/><Property Name="Quant" Type="Edm.String" Nullable="false" MaxLength="10" sap:unicode="false" sap:label="Quant" sap:creatable="false"
					sap:updatable="false" sap:sortable="false" sap:filterable="false"/><Property Name="StorageBinType" Type="Edm.String" Nullable="false" MaxLength="3" sap:unicode="false" sap:label="storagebinType"
					sap:creatable="false" sap:updatable="false" sap:sortable="false" sap:filterable="false"/><Property Name="StorageBin" Type="Edm.String" Nullable="false" MaxLength="10" sap:unicode="false" sap:label="Storage Bin"
					sap:creatable="false" sap:updatable="false" sap:sortable="false" sap:filterable="false"/><Property Name="Material" Type="Edm.String" Nullable="false" MaxLength="18" sap:unicode="false" sap:label="Mat. No." sap:creatable="false"
					sap:updatable="false" sap:sortable="false" sap:filterable="false"/><Property Name="MatDes" Type="Edm.String" Nullable="false" MaxLength="40" sap:unicode="false" sap:label="Mat. desc" sap:creatable="false"
					sap:updatable="false" sap:sortable="false" sap:filterable="false"/><Property Name="Plant" Type="Edm.String" Nullable="false" MaxLength="4" sap:unicode="false" sap:label="Plant" sap:creatable="false"
					sap:updatable="false" sap:sortable="false" sap:filterable="false"/><Property Name="Sloc" Type="Edm.String" Nullable="false" MaxLength="4" sap:unicode="false" sap:label="Stor. Location" sap:creatable="false"
					sap:updatable="false" sap:sortable="false" sap:filterable="false"/><Property Name="Batchno" Type="Edm.String" Nullable="false" MaxLength="10" sap:unicode="false" sap:label="Batch" sap:creatable="false"
					sap:updatable="false" sap:sortable="false" sap:filterable="false"/><Property Name="Stockcat" Type="Edm.String" Nullable="false" MaxLength="1" sap:unicode="false" sap:label="Stock Category"
					sap:creatable="false" sap:updatable="false" sap:sortable="false" sap:filterable="false"/><Property Name="SpecialStock" Type="Edm.String" Nullable="false" MaxLength="1" sap:unicode="false" sap:label="Special Stock"
					sap:creatable="false" sap:updatable="false" sap:sortable="false" sap:filterable="false"/><Property Name="SpecialStockNo" Type="Edm.String" Nullable="false" MaxLength="24" sap:unicode="false" sap:label="Spec.Stock No."
					sap:creatable="false" sap:updatable="false" sap:sortable="false" sap:filterable="false"/><Property Name="CountQTY" Type="Edm.Decimal" Nullable="false" Precision="13" Scale="3" sap:unicode="false" sap:label="Count Quantity"
					sap:creatable="false" sap:updatable="false" sap:sortable="false" sap:filterable="false"/><Property Name="QtyUoM" Type="Edm.String" Nullable="false" MaxLength="3" sap:unicode="false" sap:label="Qty UoM" sap:creatable="false"
					sap:updatable="false" sap:sortable="false" sap:filterable="false" sap:semantics="unit-of-measure"/><Property Name="SerialEnabled" Type="Edm.String" Nullable="false" MaxLength="1" sap:unicode="false" sap:label="Serial Enabled"
					sap:creatable="false" sap:updatable="false" sap:sortable="false" sap:filterable="false"/><Property Name="Count" Type="Edm.String" Nullable="false" MaxLength="29" sap:unicode="false" sap:label="Count" sap:creatable="false"
					sap:updatable="false" sap:sortable="false" sap:filterable="false"/><Property Name="MarkZero" Type="Edm.String" Nullable="false" MaxLength="1" sap:unicode="false" sap:label="Mark Zero Count"
					sap:creatable="false" sap:updatable="false" sap:sortable="false" sap:filterable="false"/><Property Name="MsgType" Type="Edm.String" Nullable="false" MaxLength="1" sap:unicode="false" sap:label="Message Type" sap:creatable="false"
					sap:updatable="false" sap:sortable="false" sap:filterable="false"/><Property Name="MsgDesc" Type="Edm.String" Nullable="false" MaxLength="220" sap:unicode="false" sap:label="Message Description"
					sap:creatable="false" sap:updatable="false" sap:sortable="false" sap:filterable="false"/><NavigationProperty Name="ITEMTOSERIALNO_NAV" Relationship="SIE_ASP_WM_PHY_INV_COUNT_SRV.PhyItemDetToSerialNum"
					FromRole="FromRole_PhyItemDetToSerialNum" ToRole="ToRole_PhyItemDetToSerialNum"/></EntityType>
			<EntityType Name="MaintSerialNum" sap:content-version="1">
				<Key><PropertyRef Name="WarehouseNo"/><PropertyRef Name="InvCountNo"/><PropertyRef Name="StorageBinType"/><PropertyRef Name="StorageBin"/></Key><Property Name="WarehouseNo" Type="Edm.String" Nullable="false" MaxLength="3" sap:unicode="false" sap:label="Warehouse Number"
					sap:creatable="false" sap:updatable="false" sap:sortable="false" sap:filterable="false"/><Property Name="InvCountNo" Type="Edm.String" Nullable="false" MaxLength="10" sap:unicode="false" sap:label="Inventory Count No"
					sap:creatable="false" sap:updatable="false" sap:sortable="false" sap:filterable="false"/><Property Name="StorageBinType" Type="Edm.String" Nullable="false" MaxLength="3" sap:unicode="false" sap:label="storagebinType"
					sap:creatable="false" sap:updatable="false" sap:sortable="false" sap:filterable="false"/><Property Name="StorageBin" Type="Edm.String" Nullable="false" MaxLength="10" sap:unicode="false" sap:label="Storage Bin"
					sap:creatable="false" sap:updatable="false" sap:sortable="false" sap:filterable="false"/><Property Name="Serialno" Type="Edm.String" Nullable="false" MaxLength="18" sap:unicode="false" sap:label="Serial Number"
					sap:creatable="false" sap:updatable="false" sap:sortable="false" sap:filterable="false"/></EntityType>
			<Association Name="PhyItemDetToSerialNum" sap:content-version="1"><End Type="SIE_ASP_WM_PHY_INV_COUNT_SRV.PhyInvItemDet" Multiplicity="0..1" Role="FromRole_PhyItemDetToSerialNum"/><End Type="SIE_ASP_WM_PHY_INV_COUNT_SRV.MaintSerialNum" Multiplicity="*" Role="ToRole_PhyItemDetToSerialNum"/>
				<ReferentialConstraint>
					<Principal Role="FromRole_PhyItemDetToSerialNum"><PropertyRef Name="WarehouseNo"/><PropertyRef Name="InvCountNo"/><PropertyRef Name="StorageBinType"/><PropertyRef Name="StorageBin"/></Principal>
					<Dependent Role="ToRole_PhyItemDetToSerialNum"><PropertyRef Name="WarehouseNo"/><PropertyRef Name="InvCountNo"/><PropertyRef Name="StorageBinType"/><PropertyRef Name="StorageBin"/></Dependent>
				</ReferentialConstraint>
			</Association>
			<EntityContainer Name="SIE_ASP_WM_PHY_INV_COUNT_SRV_Entities" m:IsDefaultEntityContainer="true" sap:supported-formats="atom json xlsx"><EntitySet Name="UserDefaultSet" EntityType="SIE_ASP_WM_PHY_INV_COUNT_SRV.UserDefault" sap:creatable="false" sap:updatable="false"
				sap:deletable="false" sap:pageable="false" sap:content-version="1"/><EntitySet Name="PhyInvHeaderSet" EntityType="SIE_ASP_WM_PHY_INV_COUNT_SRV.PhyInvHeader" sap:creatable="false" sap:updatable="false"
				sap:deletable="false" sap:pageable="false" sap:addressable="false" sap:content-version="1"/><EntitySet Name="PhyInvItemSet" EntityType="SIE_ASP_WM_PHY_INV_COUNT_SRV.PhyInvItem" sap:creatable="false" sap:updatable="false"
				sap:deletable="false" sap:pageable="false" sap:addressable="false" sap:content-version="1"/><EntitySet Name="PhyInvItemDetSet" EntityType="SIE_ASP_WM_PHY_INV_COUNT_SRV.PhyInvItemDet" sap:creatable="false" sap:updatable="false"
				sap:deletable="false" sap:pageable="false" sap:addressable="false" sap:content-version="1"/><EntitySet Name="MaintSerialNumSet" EntityType="SIE_ASP_WM_PHY_INV_COUNT_SRV.MaintSerialNum" sap:creatable="false" sap:updatable="false"
				sap:deletable="false" sap:pageable="false" sap:addressable="false" sap:content-version="1"/>
				<AssociationSet Name="PhyItemDetToSerialNumSet" Association="SIE_ASP_WM_PHY_INV_COUNT_SRV.PhyItemDetToSerialNum" sap:creatable="false"
					sap:updatable="false" sap:deletable="false" sap:content-version="1"><End EntitySet="PhyInvItemDetSet" Role="FromRole_PhyItemDetToSerialNum"/><End EntitySet="MaintSerialNumSet" Role="ToRole_PhyItemDetToSerialNum"/></AssociationSet>
			</EntityContainer><atom:link xmlns:atom="http://www.w3.org/2005/Atom" rel="self" href="./sie/ASP_WM_PHY_INV_COUNT_SRV/$metadata"/><atom:link xmlns:atom="http://www.w3.org/2005/Atom" rel="latest-version" href="./sie/ASP_WM_PHY_INV_COUNT_SRV/$metadata"/></Schema>
	</edmx:DataServices>
</edmx:Edmx>