<core:FragmentDefinition height="35px" xmlns="sap.m" xmlns:core="sap.ui.core" xmlns:f="sap.ui.layout.form"
	stretch="sap.ui.Device.system.phone">
	<Dialog title="Change Stock Information" id="oDialog1">
		<VBox class="sapUiSmallMargin">
			<Text text="Posting material document XXXX has been Created and TO XXX has been created"/>
		</VBox>
		<Toolbar id="otbdFooter">
			<ToolbarSpacer/>
			<Button tooltip="{i18n>ChangeStockCategory}" type="Emphasized" text="Change Stock Category" press="onChangestockcategory"/>
			<Button tooltip="{i18n>GoBacktoMainMenu}" type="Emphasized" text="Back to Main Menu" press="onGobacktomainmenu"/>
		</Toolbar>
	</Dialog>
	<!--<ResponsivePopover
		id="oDialog1"
		title="Change Stock Information"
		class="sapUiContentPadding"
		placement="Bottom" >
			<content>
			<VBox class="sapUiSmallMargin">
			<Text text="Posting material document XXXX has been Created and TO XXX has been created"/>
		</VBox>
		</content>
		
		<beginButton>
			<Button type="Emphasized" text="Change Stock Category" press="onChangestockcategory" />
		</beginButton>
		<endButton>
			<Button type="Emphasized" text="Main Menu" press="onGobacktomainmenu"/>
		</endButton>
	
	</ResponsivePopover>-->
</core:FragmentDefinition>