<core:FragmentDefinition height="35px" xmlns="sap.m" xmlns:core="sap.ui.core" xmlns:l="sap.ui.layout" xmlns:f="sap.ui.layout.form"
	xmlns:form="sap.ui.layout.form" stretch="sap.ui.Device.system.phone">
	<Dialog title="{i18n>view2.ChangeBatchNo.orSpecialStock}">
		<!--	<VBox class="sapUiSmallMargin">-->
		<VBox class="sapUiSmallMargin">
			<f:SimpleForm id="SimpleFormChange480_ual" editable="true" layout="ResponsiveGridLayout" title="" labelSpanXL="4" labelSpanL="4"
				labelSpanM="12" labelSpanS="12" adjustLabelSpan="false" emptySpanXL="0" emptySpanL="0" emptySpanM="0" emptySpanS="0" columnsXL="2"
				columnsL="2" columnsM="2" singleContainerFullSize="false">
				<f:content>
					<core:Title text=""/>
					<Label text="{i18n>Batchno}"/>
					<Text text="SupplierName" id="oStoragebin"/>
					<Label text="{i18n>SpecialStockIndicator}"/>
					<Text text="Q"></Text>
					<Input value="" editable="false"></Input>
					<core:Title text=""/>
					<Label text="{i18n>view2.NewBatchno}"/>
					<Text text="SupplierName" id="oStoddragebin"/>
					<Label text="{i18n>view2.New SpecialStockIndicator}"/>
					<Text text="Q"></Text>
					<Input value="" id="oinpval"></Input>
				</f:content>
			</f:SimpleForm>
		</VBox>
		<Toolbar id="otbFooter">
			<ToolbarSpacer/>
			<Button tooltip="{i18n>Save}" type="Emphasized" text="Save" icon="sap-icon://save" press="onClear"/>
			<Button tooltip="{i18n>Clear}" type="Emphasized" text="Clear" icon="sap-icon://sys-cancel" press="onSave"/>
			<Button tooltip="{i18n>Back}" type="Emphasized" text="Back" icon="sap-icon://nav-back" press="onBack1"/>
		</Toolbar>
	</Dialog>
</core:FragmentDefinition>