<!--<core:FragmentDefinition xmlns="sap.m" xmlns:html="http://www.w3.org/1999/xhtml" xmlns:core="sap.ui.core">
	<ColumnListItem type="Navigation" press=".onPress">
		<cells>
			<ObjectIdentifier title="{Material}" titleActive="false"/>
			<Text text="{MatDesc}"/>
			<Text text="{Plant}"/>
			<Text text="{Sloc}"/>
			<Text text="{Stockcat}"/>
			<Text text="{SpecialStoc}"/>
			<Text text="{Batchno}"/>
		</cells>
	</ColumnListItem>
</core:FragmentDefinition>-->
<core:FragmentDefinition height="35px" xmlns="sap.m" xmlns:core="sap.ui.core" xmlns:l="sap.ui.layout" xmlns:f="sap.ui.layout.form"
	stretch="sap.ui.Device.system.phone">
	<Dialog title="Change Stock Information">
		<!--	<VBox class="sapUiSmallMargin">-->
		<VBox class="sapUiSmallMargin">
			<f:SimpleForm id="SimpleFormC" editable="true" layout="ResponsiveGridLayout" title="" labelSpanXL="3" labelSpanL="3" labelSpanM="3"
				labelSpanS="12" adjustLabelSpan="false" emptySpanXL="4" emptySpanL="4" emptySpanM="4" emptySpanS="0" columnsXL="1" columnsL="1" columnsM="1"
				singleContainerFullSize="false">
				<f:content>
					<Label text="{i18n>S/No}"/>
					<Input id="name" value=""/>
					<Label text="{i18n>NoofserialnoQty}"/>
					<Input value="" id="oinpval"></Input>
				</f:content>
			</f:SimpleForm>
		</VBox>
		<!--</VBox>-->
		<!--<Toolbar>
			<ToolbarSpacer/>
		
		</Toolbar>-->
		<!--	<beginButton>
			<Button text="Save" type="Emphasized" id="osave"  />
		</beginButton>
		<beginButton>
			<Button text="Clear" type="Emphasized" id="osae" press="onClear"/>
		</beginButton>
		<endButton>
			<Button text="Back" type="Emphasized" id="onback" press="onBack"/>
		</endButton>-->
			<Toolbar id="otbFooter">
			<ToolbarSpacer/>
			<Button tooltip="{i18n>Save}" type="Emphasized" text="Save"  icon="sap-icon://save" press="onSave"/>
			<Button tooltip="{i18n>Clear}" type="Emphasized" text="Clear" icon="sap-icon://sys-cancel" press="onClear"/>
			<Button tooltip="{i18n>Back}" type="Emphasized" text="Back" icon="sap-icon://nav-back" press="onBack"/>
		</Toolbar>
	</Dialog>
</core:FragmentDefinition>