<core:FragmentDefinition xmlns="sap.m" xmlns:core="sap.ui.core" xmlns:l="sap.ui.layout" xmlns:f="sap.ui.layout.form"
	xmlns:form="sap.ui.layout.form">
	<Dialog title="{i18n>view2.ChangeBatchNo.orSpecialStock}" contentWidth="70%">
		<!--	<VBox class="sapUiSmallMargin">-->
		<VBox>
			<f:SimpleForm id="SimpleFormChange_12120D" maxContainerCols="2" editable="true" layout="ResponsiveGridLayout" labelSpanL="4" labelSpanM="4"
				emptySpanL="0" emptySpanM="0" columnsL="2" columnsM="2">
				<f:content>
					<core:Title text=""/>
					<Label text="{i18n>view2.Batch.No}"/>
					<Text text="{localModel>/selectedMaterialProcess/Batchno}" id="obatchno1"/>
					<core:Title text=""/>
					<Label text="{i18n>view2.NewBatch.No}"/>
					<Input value="{}" id="oNewbatchno1"/>
				</f:content>
			</f:SimpleForm>
		
		</VBox>
		<Toolbar id="otbFooter">
			<ToolbarSpacer/>
			<Button tooltip="Save" type="Emphasized" text="Save" icon="sap-icon://save" press="onChangebatchnSave"/>
			<Button tooltip="Clear" type="Emphasized" text="Clear" icon="sap-icon://sys-cancel" press="onChangebatchnClear"/>
			<Button tooltip="Back" type="Emphasized" text="{i18n>Back}" icon="sap-icon://nav-back" press="onchangebatchnBack"/>
		</Toolbar>
	</Dialog>
</core:FragmentDefinition>