<core:FragmentDefinition  xmlns:mvc="sap.ui.core.mvc" xmlns="sap.m" xmlns:core="sap.ui.core" xmlns:l="sap.ui.layout" xmlns:f="sap.ui.layout.form"
	xmlns:form="sap.ui.layout.form" stretch="sap.ui.Device.system.phone">
	<Dialog title="Change Batch no. or special stock" contentWidth="70%">
		<!--	<VBox class="sapUiSmallMargin">-->
		<VBox class="sapUiSmallMargin">
			<f:SimpleForm id="SimpleFormChange_120D" maxContainerCols="2" editable="true" layout="ResponsiveGridLayout" labelSpanL="4" labelSpanM="4"
				emptySpanL="0" emptySpanM="0" columnsL="2" columnsM="2">
				<f:content>
					<core:Title text=""/>
					<Label text="{i18n>view2.SpecialStockIndicator}"/>
					<HBox>
						<Text text="{localModel>/SpecialStockIndicator}" id="oSpecialstockind1"   width="10px" ></Text><FlexBox width="10px"></FlexBox>
						<Input value="{localModel>/SpecialStockNo}" id="oSpecialstocknoval" editable="false" class="sapUiSmallMarginEnd sapUiTinyMarginTop"></Input>
					</HBox>
					<core:Title text=""/>
					<Label text="{i18n>view2.NewSpecialStockIndicator}"/>
					<HBox>
						<Input value="" id="oNewSpecialstockind1" width="14px"  class="sapUiSmallMarginEnd" maxLength="1"></Input>
						<Input value="" id="oNewSpecialstocknoval"  class="sapUiSmallMarginBegin"  editable="true" ></Input>
					</HBox>
				</f:content>
			</f:SimpleForm>
		</VBox>
		<Toolbar id="otbFooter">
			<ToolbarSpacer/>
			<Button tooltip="Save" type="Emphasized" text="{i18n>Save}" icon="sap-icon://save" press="onSpecialStockindSave"/>
			<Button tooltip="Clear" type="Emphasized" text="{i18n>Clear}" icon="sap-icon://sys-cancel" press="onSpecialStockindClear"/>
			<Button tooltip="Back" type="Emphasized" text="{i18n>Back}" icon="sap-icon://nav-back" press="onBack1"/>
		</Toolbar>
	</Dialog>
</core:FragmentDefinition> 