<edmx:Edmx xmlns:edmx="http://schemas.microsoft.com/ado/2007/06/edmx"
	xmlns:m="http://schemas.microsoft.com/ado/2007/08/dataservices/metadata" xmlns:sap="http://www.sap.com/Protocols/SAPData" Version="1.0">
	<edmx:DataServices m:DataServiceVersion="2.0">
		<Schema xmlns="http://schemas.microsoft.com/ado/2008/09/edm" Namespace="SIE_ASP_WM_COIB_SRV" xml:lang="en" sap:schema-version="1">
			<EntityType Name="OrderDet" sap:content-version="1">
				<Key><PropertyRef Name="WarehouseNo"/><PropertyRef Name="Order"/></Key><Property Name="WarehouseNo" Type="Edm.String" Nullable="false" MaxLength="3" sap:unicode="false" sap:label="Warehouse Number"
					sap:creatable="false" sap:updatable="false" sap:sortable="false" sap:filterable="false"/><Property Name="Order" Type="Edm.String" Nullable="false" MaxLength="12" sap:unicode="false" sap:label="Order Number" sap:creatable="false"
					sap:updatable="false" sap:sortable="false" sap:filterable="false"/><Property Name="Material" Type="Edm.String" Nullable="false" MaxLength="18" sap:unicode="false" sap:label="Mat. No." sap:creatable="false"
					sap:updatable="false" sap:sortable="false" sap:filterable="false"/><Property Name="MatDesc" Type="Edm.String" Nullable="false" MaxLength="40" sap:unicode="false" sap:label="Mat. desc" sap:creatable="false"
					sap:updatable="false" sap:sortable="false" sap:filterable="false"/><Property Name="indicator" Type="Edm.String" Nullable="false" MaxLength="1" sap:unicode="false" sap:label="indicator" sap:creatable="false"
					sap:updatable="false" sap:sortable="false" sap:filterable="false"/><Property Name="Serialno" Type="Edm.String" Nullable="false" MaxLength="18" sap:unicode="false" sap:label="Serial Number"
					sap:creatable="false" sap:updatable="false" sap:sortable="false" sap:filterable="false"/><Property Name="MsgType" Type="Edm.String" Nullable="false" MaxLength="1" sap:unicode="false" sap:label="Message Type" sap:creatable="false"
					sap:updatable="false" sap:sortable="false" sap:filterable="false"/><Property Name="MsgDesc" Type="Edm.String" Nullable="false" MaxLength="220" sap:unicode="false" sap:label="Message Description"
					sap:creatable="false" sap:updatable="false" sap:sortable="false" sap:filterable="false"/></EntityType>
			<EntityType Name="Serialno_list" sap:content-version="1">
				<Key><PropertyRef Name="Order"/><PropertyRef Name="Material"/></Key><Property Name="Order" Type="Edm.String" Nullable="false" MaxLength="12" sap:unicode="false" sap:label="Order Number" sap:creatable="false"
					sap:updatable="false" sap:sortable="false" sap:filterable="false"/><Property Name="Material" Type="Edm.String" Nullable="false" MaxLength="18" sap:unicode="false" sap:label="Mat. No." sap:creatable="false"
					sap:updatable="false" sap:sortable="false" sap:filterable="false"/><Property Name="Serialno" Type="Edm.String" Nullable="false" MaxLength="18" sap:unicode="false" sap:label="Serial Number"
					sap:creatable="false" sap:updatable="false" sap:sortable="false" sap:filterable="false"/></EntityType>
			<EntityType Name="UserDefault" sap:content-version="1">
				<Key><PropertyRef Name="UserGID"/></Key><Property Name="UserGID" Type="Edm.String" Nullable="false" MaxLength="12" sap:unicode="false" sap:label="User GID" sap:creatable="false"
					sap:updatable="false" sap:sortable="false" sap:filterable="false"/><Property Name="Plant" Type="Edm.String" Nullable="false" MaxLength="4" sap:unicode="false" sap:label="Plant" sap:creatable="false"
					sap:updatable="false" sap:sortable="false" sap:filterable="false"/><Property Name="WarehouseNo" Type="Edm.String" Nullable="false" MaxLength="3" sap:unicode="false" sap:label="Warehouse Number"
					sap:creatable="false" sap:updatable="false" sap:sortable="false" sap:filterable="false"/><Property Name="CompanyCode" Type="Edm.String" Nullable="false" MaxLength="4" sap:unicode="false" sap:label="Company Code"
					sap:creatable="false" sap:updatable="false" sap:sortable="false" sap:filterable="false"/><Property Name="Client" Type="Edm.String" Nullable="false" MaxLength="3" sap:unicode="false" sap:label="Client" sap:creatable="false"
					sap:updatable="false" sap:sortable="false" sap:filterable="false"/><Property Name="GRLabel" Type="Edm.String" Nullable="false" MaxLength="30" sap:unicode="false" sap:label="Output Device GRLabel"
					sap:creatable="false" sap:updatable="false" sap:sortable="false" sap:filterable="false"/><Property Name="GS1Label" Type="Edm.String" Nullable="false" MaxLength="30" sap:unicode="false" sap:label="Output Device GS1Label"
					sap:creatable="false" sap:updatable="false" sap:sortable="false" sap:filterable="false"/><Property Name="MsgType" Type="Edm.String" Nullable="false" MaxLength="1" sap:unicode="false" sap:label="Message Type" sap:creatable="false"
					sap:updatable="false" sap:sortable="false" sap:filterable="false"/><Property Name="MsgDesc" Type="Edm.String" Nullable="false" MaxLength="220" sap:unicode="false" sap:label="Message Description"
					sap:creatable="false" sap:updatable="false" sap:sortable="false" sap:filterable="false"/></EntityType>
			<EntityType Name="OrderHdr" sap:content-version="1">
				<Key><PropertyRef Name="WarehouseNo"/><PropertyRef Name="Order"/></Key><Property Name="WarehouseNo" Type="Edm.String" Nullable="false" MaxLength="3" sap:unicode="false" sap:label="Warehouse Number"
					sap:creatable="false" sap:updatable="false" sap:sortable="false" sap:filterable="false"/><Property Name="Order" Type="Edm.String" Nullable="false" MaxLength="12" sap:unicode="false" sap:label="Order Number" sap:creatable="false"
					sap:updatable="false" sap:sortable="false" sap:filterable="false"/><Property Name="Material" Type="Edm.String" Nullable="false" MaxLength="18" sap:unicode="false" sap:label="Mat. No." sap:creatable="false"
					sap:updatable="false" sap:sortable="false" sap:filterable="false"/><Property Name="MatDesc" Type="Edm.String" Nullable="false" MaxLength="40" sap:unicode="false" sap:label="Mat. desc" sap:creatable="false"
					sap:updatable="false" sap:sortable="false" sap:filterable="false"/><Property Name="Serialno" Type="Edm.String" Nullable="false" MaxLength="18" sap:unicode="false" sap:label="Serial Number"
					sap:creatable="false" sap:updatable="false" sap:sortable="false" sap:filterable="false"/><Property Name="Plant" Type="Edm.String" Nullable="false" MaxLength="4" sap:unicode="false" sap:label="Plant" sap:creatable="false"
					sap:updatable="false" sap:sortable="false" sap:filterable="false"/><Property Name="Qty" Type="Edm.Decimal" Nullable="false" Precision="13" Scale="3" sap:unicode="false" sap:label="Qty" sap:creatable="false"
					sap:updatable="false" sap:sortable="false" sap:filterable="false"/><Property Name="QtyUOM" Type="Edm.String" Nullable="false" MaxLength="3" sap:unicode="false" sap:label="Qty UOM" sap:creatable="false"
					sap:updatable="false" sap:sortable="false" sap:filterable="false"/><Property Name="Identi" Type="Edm.String" Nullable="false" MaxLength="40" sap:unicode="false" sap:label="Indentification"
					sap:creatable="false" sap:updatable="false" sap:sortable="false" sap:filterable="false"/><Property Name="MsgType" Type="Edm.String" Nullable="false" MaxLength="1" sap:unicode="false" sap:label="Message Type" sap:creatable="false"
					sap:updatable="false" sap:sortable="false" sap:filterable="false"/><Property Name="MsgDesc" Type="Edm.String" Nullable="false" MaxLength="220" sap:unicode="false" sap:label="Message Description"
					sap:creatable="false" sap:updatable="false" sap:sortable="false" sap:filterable="false"/><NavigationProperty Name="ITEMSET_NAV" Relationship="SIE_ASP_WM_COIB_SRV.header_item" FromRole="FromRole_header_item"
					ToRole="ToRole_header_item"/></EntityType>
			<Association Name="header_item" sap:content-version="1"><End Type="SIE_ASP_WM_COIB_SRV.OrderHdr" Multiplicity="1" Role="FromRole_header_item"/><End Type="SIE_ASP_WM_COIB_SRV.OrderDet" Multiplicity="*" Role="ToRole_header_item"/>
				<ReferentialConstraint>
					<Principal Role="FromRole_header_item"><PropertyRef Name="Order"/><PropertyRef Name="WarehouseNo"/></Principal>
					<Dependent Role="ToRole_header_item"><PropertyRef Name="Order"/><PropertyRef Name="WarehouseNo"/></Dependent>
				</ReferentialConstraint>
			</Association>
			<EntityContainer Name="SIE_ASP_WM_COIB_SRV_Entities" m:IsDefaultEntityContainer="true" sap:supported-formats="atom json xlsx"><EntitySet Name="OrderDetSet" EntityType="SIE_ASP_WM_COIB_SRV.OrderDet" sap:creatable="false" sap:updatable="false" sap:deletable="false"
				sap:pageable="false" sap:addressable="false" sap:content-version="1"/><EntitySet Name="Serialno_listSet" EntityType="SIE_ASP_WM_COIB_SRV.Serialno_list" sap:creatable="false" sap:updatable="false"
				sap:deletable="false" sap:pageable="false" sap:addressable="false" sap:content-version="1"/><EntitySet Name="UserDefaultSet" EntityType="SIE_ASP_WM_COIB_SRV.UserDefault" sap:creatable="false" sap:updatable="false"
				sap:deletable="false" sap:pageable="false" sap:addressable="false" sap:content-version="1"/><EntitySet Name="OrderHdrSet" EntityType="SIE_ASP_WM_COIB_SRV.OrderHdr" sap:creatable="false" sap:updatable="false" sap:deletable="false"
				sap:pageable="false" sap:addressable="false" sap:content-version="1"/>
				<AssociationSet Name="header_itemSet" Association="SIE_ASP_WM_COIB_SRV.header_item" sap:creatable="false" sap:updatable="false"
					sap:deletable="false" sap:content-version="1"><End EntitySet="OrderHdrSet" Role="FromRole_header_item"/><End EntitySet="OrderDetSet" Role="ToRole_header_item"/></AssociationSet>
			</EntityContainer><atom:link xmlns:atom="http://www.w3.org/2005/Atom" rel="self" href="./sie/ASP_WM_COIB_SRV/$metadata"/><atom:link xmlns:atom="http://www.w3.org/2005/Atom" rel="latest-version" href="./sie/ASP_WM_COIB_SRV/$metadata"/></Schema>
	</edmx:DataServices>
</edmx:Edmx>