<?xml version="1.0" encoding="utf-8"?>
<edmx:Edmx Version="1.0" xmlns:edmx="http://schemas.microsoft.com/ado/2007/06/edmx"
	xmlns:m="http://schemas.microsoft.com/ado/2007/08/dataservices/metadata" xmlns:sap="http://www.sap.com/Protocols/SAPData">
	<edmx:Reference
		Uri="https://webidecp-fiori.dispatcher.int.sap.eu2.hana.ondemand.com/destinations/UYTCLNT718/sap/opu/odata/iwfnd/catalogservice;v=2/Vocabularies(TechnicalName='%2FIWBEP%2FVOC_AGGREGATION',Version='0001',SAP__Origin='EDECLNT038')/$value"
		xmlns:edmx="http://docs.oasis-open.org/odata/ns/edmx"><edmx:Include Namespace="Org.OData.Aggregation.V1" Alias="Aggregation"/></edmx:Reference>
	<edmx:Reference
		Uri="https://webidecp-fiori.dispatcher.int.sap.eu2.hana.ondemand.com/destinations/UYTCLNT718/sap/opu/odata/iwfnd/catalogservice;v=2/Vocabularies(TechnicalName='%2FIWBEP%2FVOC_ANALYTICS',Version='0001',SAP__Origin='EDECLNT038')/$value"
		xmlns:edmx="http://docs.oasis-open.org/odata/ns/edmx"><edmx:Include Namespace="com.sap.vocabularies.Analytics.v1" Alias="Analytics"/></edmx:Reference>
	<edmx:Reference
		Uri="https://webidecp-fiori.dispatcher.int.sap.eu2.hana.ondemand.com/destinations/UYTCLNT718/sap/opu/odata/iwfnd/catalogservice;v=2/Vocabularies(TechnicalName='%2FIWBEP%2FVOC_CAPABILITIES',Version='0001',SAP__Origin='EDECLNT038')/$value"
		xmlns:edmx="http://docs.oasis-open.org/odata/ns/edmx"><edmx:Include Namespace="Org.OData.Capabilities.V1" Alias="Capabilities"/></edmx:Reference>
	<edmx:Reference
		Uri="https://webidecp-fiori.dispatcher.int.sap.eu2.hana.ondemand.com/destinations/UYTCLNT718/sap/opu/odata/iwfnd/catalogservice;v=2/Vocabularies(TechnicalName='%2FIWBEP%2FVOC_CODELIST',Version='0001',SAP__Origin='EDECLNT038')/$value"
		xmlns:edmx="http://docs.oasis-open.org/odata/ns/edmx"><edmx:Include Namespace="com.sap.vocabularies.CodeList.v1" Alias="SAP__CodeList"/></edmx:Reference>
	<edmx:Reference
		Uri="https://webidecp-fiori.dispatcher.int.sap.eu2.hana.ondemand.com/destinations/UYTCLNT718/sap/opu/odata/iwfnd/catalogservice;v=2/Vocabularies(TechnicalName='%2FIWBEP%2FVOC_COMMON',Version='0001',SAP__Origin='EDECLNT038')/$value"
		xmlns:edmx="http://docs.oasis-open.org/odata/ns/edmx"><edmx:Include Namespace="com.sap.vocabularies.Common.v1" Alias="Common"/><edmx:Include Namespace="com.sap.vocabularies.Common.v1" Alias="SAP__common"/></edmx:Reference>
	<edmx:Reference
		Uri="https://webidecp-fiori.dispatcher.int.sap.eu2.hana.ondemand.com/destinations/UYTCLNT718/sap/opu/odata/iwfnd/catalogservice;v=2/Vocabularies(TechnicalName='%2FIWBEP%2FVOC_COMMUNICATION',Version='0001',SAP__Origin='EDECLNT038')/$value"
		xmlns:edmx="http://docs.oasis-open.org/odata/ns/edmx"><edmx:Include Namespace="com.sap.vocabularies.Communication.v1" Alias="Communication"/></edmx:Reference>
	<edmx:Reference
		Uri="https://webidecp-fiori.dispatcher.int.sap.eu2.hana.ondemand.com/destinations/UYTCLNT718/sap/opu/odata/iwfnd/catalogservice;v=2/Vocabularies(TechnicalName='%2FIWBEP%2FVOC_CORE',Version='0001',SAP__Origin='EDECLNT038')/$value"
		xmlns:edmx="http://docs.oasis-open.org/odata/ns/edmx"><edmx:Include Namespace="Org.OData.Core.V1" Alias="SAP__core"/></edmx:Reference>
	<edmx:Reference
		Uri="https://webidecp-fiori.dispatcher.int.sap.eu2.hana.ondemand.com/destinations/UYTCLNT718/sap/opu/odata/iwfnd/catalogservice;v=2/Vocabularies(TechnicalName='%2FIWBEP%2FVOC_MEASURES',Version='0001',SAP__Origin='EDECLNT038')/$value"
		xmlns:edmx="http://docs.oasis-open.org/odata/ns/edmx"><edmx:Include Namespace="Org.OData.Measures.V1" Alias="Measures"/></edmx:Reference>
	<edmx:Reference
		Uri="https://webidecp-fiori.dispatcher.int.sap.eu2.hana.ondemand.com/destinations/UYTCLNT718/sap/opu/odata/iwfnd/catalogservice;v=2/Vocabularies(TechnicalName='%2FIWBEP%2FVOC_PERSONALDATA',Version='0001',SAP__Origin='EDECLNT038')/$value"
		xmlns:edmx="http://docs.oasis-open.org/odata/ns/edmx"><edmx:Include Namespace="com.sap.vocabularies.PersonalData.v1" Alias="PersonalData"/></edmx:Reference>
	<edmx:Reference
		Uri="https://webidecp-fiori.dispatcher.int.sap.eu2.hana.ondemand.com/destinations/UYTCLNT718/sap/opu/odata/iwfnd/catalogservice;v=2/Vocabularies(TechnicalName='%2FIWBEP%2FVOC_UI',Version='0001',SAP__Origin='EDECLNT038')/$value"
		xmlns:edmx="http://docs.oasis-open.org/odata/ns/edmx"><edmx:Include Namespace="com.sap.vocabularies.UI.v1" Alias="UI"/></edmx:Reference>
	<edmx:Reference
		Uri="https://webidecp-fiori.dispatcher.int.sap.eu2.hana.ondemand.com/destinations/UYTCLNT718/sap/opu/odata/iwfnd/catalogservice;v=2/Vocabularies(TechnicalName='%2FIWBEP%2FVOC_VALIDATION',Version='0001',SAP__Origin='EDECLNT038')/$value"
		xmlns:edmx="http://docs.oasis-open.org/odata/ns/edmx"><edmx:Include Namespace="Org.OData.Validation.V1" Alias="Validation"/></edmx:Reference>
	<edmx:DataServices m:DataServiceVersion="2.0">
		<Schema Namespace="cds_ui_pps_milestone_plan" xml:lang="en" sap:schema-version="1" xmlns="http://schemas.microsoft.com/ado/2008/09/edm"><Annotation Term="Core.SchemaVersion" String="1.0.0" xmlns="http://docs.oasis-open.org/odata/ns/edm"/>
			<EntityType Name="C_FactoryCalendarValueHelpType" sap:label="Factory Calendar Value help" sap:value-list="true" sap:content-version="1">
				<Key><PropertyRef Name="FactoryCalendar"/></Key><Property Name="FactoryCalendar" Type="Edm.String" Nullable="false" MaxLength="2" sap:display-format="UpperCase"
					sap:text="FactoryCalendarName" sap:label="Factory Calendar" sap:quickinfo="Factory Calendar ID"/><Property Name="FactoryCalendarName" Type="Edm.String" MaxLength="60" sap:label="Calendar Name" sap:quickinfo="Factory Calendar Text"/></EntityType>
			<EntityType Name="MilestonePlanType" sap:label="Milestone Plan" sap:content-version="1">
				<Key><PropertyRef Name="MilestonePlanUUID"/><PropertyRef Name="IsActiveEntity"/></Key><Property Name="CopyMilestonePlan_ac" Type="Edm.Boolean" sap:label="Dyn. Action Control" sap:creatable="false" sap:updatable="false"
					sap:sortable="false" sap:filterable="false"/><Property Name="Edit_ac" Type="Edm.Boolean" sap:label="Dyn. Action Control" sap:creatable="false" sap:updatable="false" sap:sortable="false"
					sap:filterable="false"/><Property Name="Delete_mc" Type="Edm.Boolean" sap:label="Dyn. Method Control" sap:creatable="false" sap:updatable="false"
					sap:sortable="false" sap:filterable="false"/><Property Name="Update_mc" Type="Edm.Boolean" sap:label="Dyn. Method Control" sap:creatable="false" sap:updatable="false"
					sap:sortable="false" sap:filterable="false"/><Property Name="to_MilestonePlanEvent_oc" Type="Edm.Boolean" sap:label="Dynamic CbA-Control" sap:creatable="false" sap:updatable="false"
					sap:sortable="false" sap:filterable="false"/><Property Name="MilestonePlanUUID" Type="Edm.Guid" Nullable="false" sap:label="UUID" sap:quickinfo="16 Byte UUID in 16 Bytes (Raw Format)"
					sap:creatable="false" sap:updatable="false"/><Property Name="MilestonePlanID" Type="Edm.String" MaxLength="10" sap:display-format="UpperCase" sap:label="Milestone Plan"
					sap:quickinfo="Milestone Plan ID"/><Property Name="MilestonePlanName" Type="Edm.String" MaxLength="40" sap:label="Milestone Plan" sap:quickinfo="Milestone Plan Name"/><Property Name="MilestoneTemplateID" Type="Edm.String" MaxLength="20" sap:display-format="UpperCase" sap:label="Milestone Template"
					sap:quickinfo="Milestone Procurement Template" sap:value-list="standard"/><Property Name="MilestoneTemplateDescription" Type="Edm.String" MaxLength="40" sap:label="Description"
					sap:quickinfo="MP Template Description" sap:creatable="false" sap:updatable="false"/><Property Name="MilestoneTemplateType" Type="Edm.String" MaxLength="4" sap:display-format="UpperCase"
					sap:text="MilestoneTmplTypeDescription" sap:label="MP Template Type" sap:value-list="fixed-values"/><Property Name="MilestoneTmplTypeDescription" Type="Edm.String" MaxLength="40" sap:label="Description"
					sap:quickinfo="MP Template Description" sap:creatable="false" sap:updatable="false"/><Property Name="MilestonePlanStartDate" Type="Edm.DateTime" Precision="0" sap:display-format="Date" sap:filter-restriction="single-value"
					sap:label="Start Date" sap:quickinfo="Milestone Plan Start Date"/><Property Name="MilestonePlanEndDate" Type="Edm.DateTime" Precision="0" sap:display-format="Date" sap:filter-restriction="single-value"
					sap:label="End Date" sap:quickinfo="Milestone Plan End Date"/><Property Name="MilestonePlanText" Type="Edm.String" sap:label="Notes" sap:heading="" sap:quickinfo="Milestone Plan Text"/><Property Name="PurchasingGroup" Type="Edm.String" MaxLength="3" sap:display-format="UpperCase" sap:label="Purchasing Group"
					sap:value-list="standard"/><Property Name="PersonResponsible" Type="Edm.String" MaxLength="12" sap:display-format="UpperCase" sap:text="PersonResposibleDescription"
					sap:label="User Name" sap:value-list="standard"/><Property Name="PersonResposibleDescription" Type="Edm.String" MaxLength="80" sap:label="Description" sap:quickinfo="User Description"
					sap:creatable="false" sap:updatable="false"/><Property Name="FactoryCalendar" Type="Edm.String" MaxLength="2" sap:display-format="UpperCase" sap:label="Factory Calendar ID"
					sap:quickinfo="Factory Calendar" sap:value-list="standard"/><Property Name="Criticality" Type="Edm.Byte"/><Property Name="MilestonePlanStatus" Type="Edm.String" MaxLength="5" sap:display-format="UpperCase"
					sap:text="MilestonePlanStatusDescription" sap:label="User Status" sap:creatable="false" sap:updatable="false"/><Property Name="MilestonePlanStatusDescription" Type="Edm.String" MaxLength="30" sap:label="Text" sap:quickinfo="Text (30 Characters)"
					sap:creatable="false" sap:updatable="false"/><Property Name="CreatedByUser" Type="Edm.String" MaxLength="12" sap:display-format="UpperCase" sap:text="CreatedByUserDescription"
					sap:label="Created By" sap:quickinfo="Created By User" sap:creatable="false" sap:updatable="false" sap:value-list="standard"/><Property Name="CreatedByUserDescription" Type="Edm.String" MaxLength="80" sap:label="Description" sap:quickinfo="User Description"
					sap:creatable="false" sap:updatable="false"/><Property Name="CreationDate" Type="Edm.DateTime" Precision="0" sap:display-format="Date" sap:label="Created On" sap:creatable="false"
					sap:updatable="false"/><Property Name="LastChangedByUser" Type="Edm.String" MaxLength="12" sap:display-format="UpperCase" sap:text="LastChangedDescription"
					sap:label="Changed By" sap:quickinfo="Last Changed By User" sap:creatable="false" sap:updatable="false"/><Property Name="LastChangedDescription" Type="Edm.String" MaxLength="80" sap:label="Description" sap:quickinfo="User Description"
					sap:creatable="false" sap:updatable="false"/><Property Name="LastChangeDate" Type="Edm.DateTime" Precision="0" sap:display-format="Date" sap:label="Created On" sap:creatable="false"
					sap:updatable="false"/><Property Name="LocalLastChangedDateTime" Type="Edm.DateTimeOffset" Precision="7" sap:label="Changed On"
					sap:quickinfo="Last Change Date Time"/><Property Name="HasDraftEntity" Type="Edm.Boolean" sap:display-format="UpperCase" sap:label="Has Draft" sap:creatable="false"
					sap:updatable="false"/><Property Name="DraftEntityCreationDateTime" Type="Edm.DateTimeOffset" Precision="7" sap:label="Draft Created On" sap:creatable="false"
					sap:updatable="false"/><Property Name="DraftEntityLastChangeDateTime" Type="Edm.DateTimeOffset" Precision="7" sap:label="Draft Last Changed On"
					sap:creatable="false" sap:updatable="false"/><Property Name="HasActiveEntity" Type="Edm.Boolean" sap:display-format="UpperCase" sap:label="Has active" sap:creatable="false"
					sap:updatable="false"/><Property Name="IsActiveEntity" Type="Edm.Boolean" Nullable="false" sap:display-format="UpperCase" sap:label="Is active"
					sap:creatable="false" sap:updatable="false"/><NavigationProperty Name="DraftAdministrativeData" Relationship="cds_ui_pps_milestone_plan.assoc_2DD9D3571C6906AAD43F63FE70ED8B07"
					FromRole="FromRole_assoc_2DD9D3571C6906AAD43F63FE70ED8B07" ToRole="ToRole_assoc_2DD9D3571C6906AAD43F63FE70ED8B07"/><NavigationProperty Name="SiblingEntity" Relationship="cds_ui_pps_milestone_plan.assoc_88DE565FF22C940AC1811B0D0BE05E9D"
					FromRole="FromRole_assoc_88DE565FF22C940AC1811B0D0BE05E9D" ToRole="ToRole_assoc_88DE565FF22C940AC1811B0D0BE05E9D"/><NavigationProperty Name="to_MilestonePlanEvent" Relationship="cds_ui_pps_milestone_plan.assoc_C9A4E5681E66B663A31DA194A89773EC"
					FromRole="FromRole_assoc_C9A4E5681E66B663A31DA194A89773EC" ToRole="ToRole_assoc_C9A4E5681E66B663A31DA194A89773EC"/></EntityType>
			<EntityType Name="MilestonePlanEventType" sap:label="Milestone Plan Event" sap:content-version="1">
				<Key><PropertyRef Name="MilestonePlanEventUUID"/><PropertyRef Name="IsActiveEntity"/></Key><Property Name="CopyMilestoneEvent_ac" Type="Edm.Boolean" sap:label="Dyn. Action Control" sap:creatable="false" sap:updatable="false"
					sap:sortable="false" sap:filterable="false"/><Property Name="LoadMilestoneEventFromTemplate_ac" Type="Edm.Boolean" sap:label="Dyn. Action Control" sap:creatable="false"
					sap:updatable="false" sap:sortable="false" sap:filterable="false"/><Property Name="Delete_mc" Type="Edm.Boolean" sap:label="Dyn. Method Control" sap:creatable="false" sap:updatable="false"
					sap:sortable="false" sap:filterable="false"/><Property Name="Update_mc" Type="Edm.Boolean" sap:label="Dyn. Method Control" sap:creatable="false" sap:updatable="false"
					sap:sortable="false" sap:filterable="false"/><Property Name="MilestonePlanEventUUID" Type="Edm.Guid" Nullable="false" sap:label="UUID"
					sap:quickinfo="16 Byte UUID in 16 Bytes (Raw Format)" sap:creatable="false" sap:updatable="false"/><Property Name="MilestonePlanUUID" Type="Edm.Guid" sap:label="UUID" sap:quickinfo="16 Byte UUID in 16 Bytes (Raw Format)"
					sap:creatable="false" sap:updatable="false"/><Property Name="MilestonePlanEventID" Type="Edm.String" MaxLength="20" sap:display-format="UpperCase" sap:label="Event ID"
					sap:quickinfo="Milestone Event ID" sap:value-list="standard"/><Property Name="MilestonePlanEventName" Type="Edm.String" MaxLength="40" sap:label="Event Description"
					sap:quickinfo="Milestone Plan Event Name" sap:creatable="false" sap:updatable="false"/><Property Name="MilestonePlanEventParentEvtID" Type="Edm.String" MaxLength="20" sap:display-format="UpperCase" sap:label="Dependency"
					sap:quickinfo="Milestone Event ID" sap:value-list="standard"/><Property Name="MilestonePlanItemNumber" Type="Edm.String" MaxLength="10" sap:display-format="NonNegative" sap:label="Line Item"
					sap:creatable="false" sap:updatable="false"/><Property Name="MilestonePlanEventStartDate" Type="Edm.DateTime" Precision="0" sap:display-format="Date" sap:label="Plan Start Date"
					sap:quickinfo="Milestone Plan Planned Date"/><Property Name="MilestonePlanEventEndDate" Type="Edm.DateTime" Precision="0" sap:display-format="Date" sap:label="Plan End Date"
					sap:quickinfo="Milestone Plan Planned Date"/><Property Name="MilestonePlanEventRevisedDate" Type="Edm.DateTime" Precision="0" sap:display-format="Date" sap:label="Revised Date"
					sap:quickinfo="Milestone Plan Planned Date" sap:creatable="false" sap:updatable="false"/><Property Name="MilestonePlanEventActualDate" Type="Edm.DateTime" Precision="0" sap:display-format="Date" sap:label="Actual Date"
					sap:quickinfo="Milestone Plan Actual Date" sap:creatable="false" sap:updatable="false"/><Property Name="MilestonePlanEvtIsEvtRequired" Type="Edm.Boolean" sap:display-format="UpperCase" sap:label="Mandatory"
					sap:quickinfo="Flag To Indicate Mandatory Event"/><Property Name="MilestonePlanDependantEvent" Type="Edm.String" MaxLength="20" sap:display-format="UpperCase" sap:label="Mile Event ID"
					sap:quickinfo="Milestone Event ID"/><Property Name="MilestonePlanEventDuration" Type="Edm.String" MaxLength="4" sap:display-format="NonNegative" sap:label="Duration"/><Property Name="MilestonePlanEventAlertCndn" Type="Edm.String" MaxLength="3" sap:display-format="UpperCase" sap:label="Alerts"
					sap:quickinfo="Milestone Plan Condition Schema" sap:creatable="false" sap:updatable="false"/><Property Name="MilestonePlanEventStatus" Type="Edm.String" MaxLength="5" sap:display-format="UpperCase" sap:label="Status"
					sap:quickinfo="User Status" sap:creatable="false" sap:updatable="false"/><Property Name="CreatedByUser" Type="Edm.String" MaxLength="12" sap:display-format="UpperCase" sap:label="Created By"
					sap:quickinfo="Created By User" sap:creatable="false" sap:updatable="false"/><Property Name="CreationDateTime" Type="Edm.DateTimeOffset" Precision="7" sap:label="Created On" sap:quickinfo="Creation Date Time"
					sap:creatable="false" sap:updatable="false"/><Property Name="LastChangedByUser" Type="Edm.String" MaxLength="12" sap:display-format="UpperCase" sap:label="Changed By"
					sap:quickinfo="Last Changed By User" sap:creatable="false" sap:updatable="false"/><Property Name="LastChangeDateTime" Type="Edm.DateTimeOffset" Precision="7" sap:label="Changed On" sap:quickinfo="Last Change Date Time"
					sap:creatable="false" sap:updatable="false"/><Property Name="LocalLastChangedDateTime" Type="Edm.DateTimeOffset" Precision="7" sap:label="Changed On"
					sap:quickinfo="Last Change Date Time" sap:creatable="false" sap:updatable="false"/><Property Name="HasDraftEntity" Type="Edm.Boolean" sap:display-format="UpperCase" sap:label="Has Draft" sap:creatable="false"
					sap:updatable="false"/><Property Name="DraftEntityCreationDateTime" Type="Edm.DateTimeOffset" Precision="7" sap:label="Draft Created On" sap:creatable="false"
					sap:updatable="false"/><Property Name="DraftEntityLastChangeDateTime" Type="Edm.DateTimeOffset" Precision="7" sap:label="Draft Last Changed On"
					sap:creatable="false" sap:updatable="false"/><Property Name="HasActiveEntity" Type="Edm.Boolean" sap:display-format="UpperCase" sap:label="Has active" sap:creatable="false"
					sap:updatable="false"/><Property Name="IsActiveEntity" Type="Edm.Boolean" Nullable="false" sap:display-format="UpperCase" sap:label="Is active"
					sap:creatable="false" sap:updatable="false"/><NavigationProperty Name="to_MilestonePlan" Relationship="cds_ui_pps_milestone_plan.assoc_C9A4E5681E66B663A31DA194A89773EC"
					FromRole="ToRole_assoc_C9A4E5681E66B663A31DA194A89773EC" ToRole="FromRole_assoc_C9A4E5681E66B663A31DA194A89773EC"/><NavigationProperty Name="DraftAdministrativeData" Relationship="cds_ui_pps_milestone_plan.assoc_F20C3A90FD1C469A0E1ABCB2560E41DA"
					FromRole="FromRole_assoc_F20C3A90FD1C469A0E1ABCB2560E41DA" ToRole="ToRole_assoc_F20C3A90FD1C469A0E1ABCB2560E41DA"/><NavigationProperty Name="SiblingEntity" Relationship="cds_ui_pps_milestone_plan.assoc_3D4D95ECA40900355D2D2D71EE6790D8"
					FromRole="FromRole_assoc_3D4D95ECA40900355D2D2D71EE6790D8" ToRole="ToRole_assoc_3D4D95ECA40900355D2D2D71EE6790D8"/></EntityType>
			<EntityType Name="C_PPS_MilestoneTemplateVHType" sap:label="Value Help for Milestone Template" sap:value-list="true" sap:content-version="1">
				<Key><PropertyRef Name="MilestoneTemplateUUID"/></Key><Property Name="MilestoneTemplateUUID" Type="Edm.Guid" Nullable="false" sap:label="UUID"
					sap:quickinfo="16 Byte UUID in 16 Bytes (Raw Format)"/><Property Name="MilestoneTemplate" Type="Edm.String" MaxLength="20" sap:display-format="UpperCase" sap:label="Template #"
					sap:quickinfo="Milestone Procurement Template"/><Property Name="MilestoneTemplateDesc" Type="Edm.String" MaxLength="40" sap:label="Name" sap:quickinfo="MP Template Description"/><Property Name="MilestoneTemplateType" Type="Edm.String" MaxLength="4" sap:display-format="UpperCase" sap:label="Template Type"
					sap:quickinfo="MP Template Type"/><Property Name="createdat" Type="Edm.DateTimeOffset" Precision="7" sap:label="Date Created" sap:quickinfo="Creation Date Time"/><Property Name="Createdby" Type="Edm.String" MaxLength="12" sap:display-format="UpperCase" sap:label="Created by"
					sap:quickinfo="Created By User"/><Property Name="CreatedByUserDescription" Type="Edm.String" MaxLength="80" sap:label="Description" sap:quickinfo="User Description"/><Property Name="MilestoneTemplateStatus" Type="Edm.String" MaxLength="5" sap:display-format="UpperCase" sap:label="Status"
					sap:quickinfo="User Status"/></EntityType>
			<EntityType Name="C_PPS_UserDescriptionVHType" sap:label="User Description Value Help" sap:value-list="true" sap:content-version="1">
				<Key><PropertyRef Name="UserID"/></Key><Property Name="UserID" Type="Edm.String" Nullable="false" MaxLength="12" sap:display-format="UpperCase" sap:label="User ID"/><Property Name="UserDescription" Type="Edm.String" MaxLength="80" sap:label="Description" sap:quickinfo="User Description"/></EntityType>
			<EntityType Name="C_PurchasingGroupValueHelpType" sap:label="Purchasing Group Value Help" sap:value-list="true" sap:content-version="1">
				<Key><PropertyRef Name="PurchasingGroup"/></Key><Property Name="PurchasingGroup" Type="Edm.String" Nullable="false" MaxLength="3" sap:display-format="UpperCase"
					sap:text="PurchasingGroupName" sap:label="Purchasing Group"/><Property Name="PurchasingGroupName" Type="Edm.String" MaxLength="18" sap:label="Purchasing Grp. Name" sap:quickinfo="Purchasing Group Name"/><Property Name="PurchasingGroupPhoneNumber" Type="Edm.String" MaxLength="12" sap:display-format="UpperCase"
					sap:label="Tel. No. of Purchasing Grp." sap:quickinfo="Telephone number of purchasing group (buyer group)"/><Property Name="PhoneNumber" Type="Edm.String" MaxLength="30" sap:display-format="UpperCase" sap:label="Tel. No. with Dialing Code"
					sap:quickinfo="Telephone no.: dialling code+number"/><Property Name="PhoneNumberExtension" Type="Edm.String" MaxLength="10" sap:display-format="UpperCase" sap:label="Extension"
					sap:quickinfo="Telephone no.: Extension"/><Property Name="FaxNumber" Type="Edm.String" MaxLength="31" sap:label="Fax" sap:quickinfo="Fax number of purchasing (buyer) group"/><Property Name="EmailAddress" Type="Edm.String" MaxLength="241" sap:label="Email Address" sap:quickinfo="E-Mail Address"
					sap:semantics="email"/></EntityType>
			<EntityType Name="I_DraftAdministrativeDataType" sap:label="Draft Administration Data" sap:content-version="1">
				<Key><PropertyRef Name="DraftUUID"/><PropertyRef Name="DraftEntityType"/></Key><Property Name="DraftUUID" Type="Edm.Guid" Nullable="false" sap:label="Draft (Technical ID)"/><Property Name="DraftEntityType" Type="Edm.String" Nullable="false" MaxLength="30" sap:display-format="UpperCase"
					sap:label="Draft Entity ID"/><Property Name="CreationDateTime" Type="Edm.DateTimeOffset" Precision="7" sap:label="Draft Created On"/><Property Name="CreatedByUser" Type="Edm.String" MaxLength="12" sap:display-format="UpperCase" sap:text="CreatedByUserDescription"
					sap:label="Draft Created By"/><Property Name="LastChangeDateTime" Type="Edm.DateTimeOffset" Precision="7" sap:label="Draft Last Changed On"/><Property Name="LastChangedByUser" Type="Edm.String" MaxLength="12" sap:display-format="UpperCase" sap:text="LastChangedByUserDescription"
					sap:label="Draft Last Changed By"/><Property Name="DraftAccessType" Type="Edm.String" MaxLength="1" sap:display-format="UpperCase" sap:label="Draft Access Type"/><Property Name="ProcessingStartDateTime" Type="Edm.DateTimeOffset" Precision="7" sap:label="Draft In Process Since"/><Property Name="InProcessByUser" Type="Edm.String" MaxLength="12" sap:display-format="UpperCase" sap:text="InProcessByUserDescription"
					sap:label="Draft In Process By"/><Property Name="DraftIsKeptByUser" Type="Edm.Boolean" sap:display-format="UpperCase" sap:label="Draft Is Kept By User"/><Property Name="EnqueueStartDateTime" Type="Edm.DateTimeOffset" Precision="7" sap:label="Draft Locked Since"/><Property Name="DraftIsCreatedByMe" Type="Edm.Boolean" sap:display-format="UpperCase" sap:label="Draft Created By Me"/><Property Name="DraftIsLastChangedByMe" Type="Edm.Boolean" sap:display-format="UpperCase" sap:label="Draft Last Changed By Me"/><Property Name="DraftIsProcessedByMe" Type="Edm.Boolean" sap:display-format="UpperCase" sap:label="Draft In Process By Me"/><Property Name="CreatedByUserDescription" Type="Edm.String" MaxLength="80" sap:label="Draft Created By (Description)"/><Property Name="LastChangedByUserDescription" Type="Edm.String" MaxLength="80" sap:label="Draft Last Changed By (Description)"/><Property Name="InProcessByUserDescription" Type="Edm.String" MaxLength="80" sap:label="Draft In Process By (Description)"/></EntityType>
			<EntityType Name="I_PPS_MilestoneEventsType" sap:label="Milestone Events I view" sap:value-list="true" sap:content-version="1">
				<Key><PropertyRef Name="MilestoneId"/><PropertyRef Name="EventObjectType"/><PropertyRef Name="EventId"/></Key><Property Name="MilestoneId" Type="Edm.String" Nullable="false" MaxLength="4" sap:display-format="UpperCase" sap:label="Milestoene ID"
					sap:quickinfo="Milestone Plan ID"/><Property Name="EventObjectType" Type="Edm.String" Nullable="false" MaxLength="10" sap:label="Object Type"/><Property Name="EventId" Type="Edm.String" Nullable="false" MaxLength="20" sap:display-format="UpperCase" sap:label="Mile Event ID"
					sap:quickinfo="Milestone Event ID"/><Property Name="EventDescription" Type="Edm.String" MaxLength="40" sap:label="Description" sap:quickinfo="Event Description"/><Property Name="EventGroup" Type="Edm.String" MaxLength="20" sap:label="Group"/></EntityType>
			<EntityType Name="I_PPS_MilestoneTemplateTypeType" sap:label="Milestone Template Type I View" sap:value-list="true" sap:content-version="1">
				<Key><PropertyRef Name="MilestoneTemplateType"/></Key><Property Name="MilestoneTemplateType" Type="Edm.String" Nullable="false" MaxLength="4" sap:display-format="UpperCase"
					sap:label="MP Template Type"/><Property Name="MilestoneTmplTypeDescription" Type="Edm.String" MaxLength="40" sap:label="Description"
					sap:quickinfo="MP Template Description"/></EntityType>
			<EntityType Name="SAP__Currency" sap:content-version="1">
				<Key><PropertyRef Name="CurrencyCode"/></Key><Property Name="CurrencyCode" Type="Edm.String" Nullable="false" MaxLength="5" sap:label="Currency" sap:semantics="currency-code"/><Property Name="ISOCode" Type="Edm.String" Nullable="false" MaxLength="3" sap:label="ISO code"/><Property Name="Text" Type="Edm.String" Nullable="false" MaxLength="15" sap:label="Short text"/><Property Name="DecimalPlaces" Type="Edm.Byte" Nullable="false" sap:label="Decimals"/></EntityType>
			<EntityType Name="SAP__UnitOfMeasure" sap:content-version="1">
				<Key><PropertyRef Name="UnitCode"/></Key><Property Name="UnitCode" Type="Edm.String" Nullable="false" MaxLength="3" sap:label="Internal UoM" sap:semantics="unit-of-measure"/><Property Name="ISOCode" Type="Edm.String" Nullable="false" MaxLength="3" sap:label="ISO Code"/><Property Name="ExternalCode" Type="Edm.String" Nullable="false" MaxLength="3" sap:label="Commercial"/><Property Name="Text" Type="Edm.String" Nullable="false" MaxLength="30" sap:label="Measurement Unit Txt"/><Property Name="DecimalPlaces" Type="Edm.Int16" sap:label="Decimal Places"/></EntityType>
			<EntityType Name="SAP__DocumentDescription" sap:content-version="1">
				<Key><PropertyRef Name="Id"/></Key><Property Name="Id" Type="Edm.Guid" Nullable="false" sap:label="UUID"/><Property Name="CreatedBy" Type="Edm.String" Nullable="false" MaxLength="12"/><Property Name="CreatedAt" Type="Edm.DateTime" Nullable="false" Precision="0" sap:label="Time Stamp"/><Property Name="FileName" Type="Edm.String" Nullable="false" MaxLength="256"/><Property Name="Title" Type="Edm.String" Nullable="false" MaxLength="256"/><NavigationProperty Name="Format" Relationship="cds_ui_pps_milestone_plan.to_format" FromRole="FromRole_to_format" ToRole="ToRole_to_format"/><NavigationProperty Name="TableColumns" Relationship="cds_ui_pps_milestone_plan.to_tablecolumns" FromRole="FromRole_to_tablecolumns"
					ToRole="ToRole_to_tablecolumns"/><NavigationProperty Name="CoverPage" Relationship="cds_ui_pps_milestone_plan.to_coverpage" FromRole="FromRole_to_coverpage"
					ToRole="ToRole_to_coverpage"/><NavigationProperty Name="Signature" Relationship="cds_ui_pps_milestone_plan.to_signature" FromRole="FromRole_to_signature"
					ToRole="ToRole_to_signature"/></EntityType>
			<EntityType Name="SAP__Format" sap:content-version="1">
				<Key><PropertyRef Name="Id"/></Key><Property Name="Id" Type="Edm.Guid" Nullable="false" sap:label="UUID" sap:creatable="false" sap:updatable="false" sap:sortable="false"
					sap:filterable="false"/><Property Name="DoEnableAccessibility" Type="Edm.Boolean" Nullable="false" sap:label="Indicator" sap:creatable="false" sap:updatable="false"
					sap:sortable="false" sap:filterable="false"/><Property Name="FontSize" Type="Edm.Int32" Nullable="false" sap:creatable="false" sap:updatable="false" sap:sortable="false"
					sap:filterable="false"/><Property Name="Orientation" Type="Edm.String" Nullable="false" MaxLength="10" sap:creatable="false" sap:updatable="false"
					sap:sortable="false" sap:filterable="false"/><Property Name="PaperSize" Type="Edm.String" Nullable="false" MaxLength="10" sap:creatable="false" sap:updatable="false"
					sap:sortable="false" sap:filterable="false"/></EntityType>
			<EntityType Name="SAP__TableColumns" sap:content-version="1">
				<Key><PropertyRef Name="Id"/><PropertyRef Name="Name"/><PropertyRef Name="Header"/></Key><Property Name="Id" Type="Edm.Guid" Nullable="false" sap:label="UUID" sap:creatable="false" sap:updatable="false" sap:sortable="false"
					sap:filterable="false"/><Property Name="Name" Type="Edm.String" Nullable="false" MaxLength="256" sap:creatable="false" sap:updatable="false" sap:sortable="false"
					sap:filterable="false"/><Property Name="Header" Type="Edm.String" Nullable="false" MaxLength="256" sap:creatable="false" sap:updatable="false" sap:sortable="false"
					sap:filterable="false"/><Property Name="HorizontalAlignment" Type="Edm.String" Nullable="false" MaxLength="10" sap:creatable="false" sap:updatable="false"
					sap:sortable="false" sap:filterable="false"/></EntityType>
			<EntityType Name="SAP__CoverPage" sap:content-version="1">
				<Key><PropertyRef Name="Title"/><PropertyRef Name="Id"/><PropertyRef Name="Name"/></Key><Property Name="Title" Type="Edm.String" Nullable="false" MaxLength="256" sap:creatable="false" sap:updatable="false" sap:sortable="false"
					sap:filterable="false"/><Property Name="Id" Type="Edm.Guid" Nullable="false" sap:label="UUID" sap:creatable="false" sap:updatable="false" sap:sortable="false"
					sap:filterable="false"/><Property Name="Name" Type="Edm.String" Nullable="false" MaxLength="256" sap:creatable="false" sap:updatable="false" sap:sortable="false"
					sap:filterable="false"/><Property Name="Value" Type="Edm.String" Nullable="false" MaxLength="256" sap:creatable="false" sap:updatable="false" sap:sortable="false"
					sap:filterable="false"/></EntityType>
			<EntityType Name="SAP__Signature" sap:content-version="1">
				<Key><PropertyRef Name="Id"/></Key><Property Name="Id" Type="Edm.Guid" Nullable="false" sap:label="UUID" sap:creatable="false" sap:updatable="false" sap:sortable="false"
					sap:filterable="false"/><Property Name="DoSign" Type="Edm.Boolean" Nullable="false" sap:label="Indicator" sap:creatable="false" sap:updatable="false"
					sap:sortable="false" sap:filterable="false"/><Property Name="Reason" Type="Edm.String" Nullable="false" MaxLength="256" sap:creatable="false" sap:updatable="false" sap:sortable="false"
					sap:filterable="false"/></EntityType>
			<ComplexType Name="DummyFunctionImportResult"><Property Name="IsInvalid" Type="Edm.Boolean" sap:label="TRUE"/></ComplexType>
			<Association Name="to_format" sap:content-version="1"><End Type="cds_ui_pps_milestone_plan.SAP__DocumentDescription" Multiplicity="1" Role="FromRole_to_format"/><End Type="cds_ui_pps_milestone_plan.SAP__Format" Multiplicity="1" Role="ToRole_to_format"/>
				<ReferentialConstraint>
					<Principal Role="FromRole_to_format"><PropertyRef Name="Id"/></Principal>
					<Dependent Role="ToRole_to_format"><PropertyRef Name="Id"/></Dependent>
				</ReferentialConstraint>
			</Association>
			<Association Name="to_tablecolumns" sap:content-version="1"><End Type="cds_ui_pps_milestone_plan.SAP__DocumentDescription" Multiplicity="1" Role="FromRole_to_tablecolumns"/><End Type="cds_ui_pps_milestone_plan.SAP__TableColumns" Multiplicity="*" Role="ToRole_to_tablecolumns"/>
				<ReferentialConstraint>
					<Principal Role="FromRole_to_tablecolumns"><PropertyRef Name="Id"/></Principal>
					<Dependent Role="ToRole_to_tablecolumns"><PropertyRef Name="Id"/></Dependent>
				</ReferentialConstraint>
			</Association>
			<Association Name="to_coverpage" sap:content-version="1"><End Type="cds_ui_pps_milestone_plan.SAP__DocumentDescription" Multiplicity="1" Role="FromRole_to_coverpage"/><End Type="cds_ui_pps_milestone_plan.SAP__CoverPage" Multiplicity="*" Role="ToRole_to_coverpage"/>
				<ReferentialConstraint>
					<Principal Role="FromRole_to_coverpage"><PropertyRef Name="Id"/></Principal>
					<Dependent Role="ToRole_to_coverpage"><PropertyRef Name="Id"/></Dependent>
				</ReferentialConstraint>
			</Association>
			<Association Name="to_signature" sap:content-version="1"><End Type="cds_ui_pps_milestone_plan.SAP__DocumentDescription" Multiplicity="1" Role="FromRole_to_signature"/><End Type="cds_ui_pps_milestone_plan.SAP__Signature" Multiplicity="1" Role="ToRole_to_signature"/>
				<ReferentialConstraint>
					<Principal Role="FromRole_to_signature"><PropertyRef Name="Id"/></Principal>
					<Dependent Role="ToRole_to_signature"><PropertyRef Name="Id"/></Dependent>
				</ReferentialConstraint>
			</Association>
			<Association Name="assoc_F20C3A90FD1C469A0E1ABCB2560E41DA" sap:content-version="1"><End Type="cds_ui_pps_milestone_plan.MilestonePlanEventType" Multiplicity="1" Role="FromRole_assoc_F20C3A90FD1C469A0E1ABCB2560E41DA"/><End Type="cds_ui_pps_milestone_plan.I_DraftAdministrativeDataType" Multiplicity="0..1" Role="ToRole_assoc_F20C3A90FD1C469A0E1ABCB2560E41DA"/></Association>
			<Association Name="assoc_3D4D95ECA40900355D2D2D71EE6790D8" sap:content-version="1"><End Type="cds_ui_pps_milestone_plan.MilestonePlanEventType" Multiplicity="1" Role="FromRole_assoc_3D4D95ECA40900355D2D2D71EE6790D8"/><End Type="cds_ui_pps_milestone_plan.MilestonePlanEventType" Multiplicity="0..1" Role="ToRole_assoc_3D4D95ECA40900355D2D2D71EE6790D8"/></Association>
			<Association Name="assoc_88DE565FF22C940AC1811B0D0BE05E9D" sap:content-version="1"><End Type="cds_ui_pps_milestone_plan.MilestonePlanType" Multiplicity="1" Role="FromRole_assoc_88DE565FF22C940AC1811B0D0BE05E9D"/><End Type="cds_ui_pps_milestone_plan.MilestonePlanType" Multiplicity="0..1" Role="ToRole_assoc_88DE565FF22C940AC1811B0D0BE05E9D"/></Association>
			<Association Name="assoc_C9A4E5681E66B663A31DA194A89773EC" sap:content-version="1">
				<End Type="cds_ui_pps_milestone_plan.MilestonePlanType" Multiplicity="1" Role="FromRole_assoc_C9A4E5681E66B663A31DA194A89773EC"><OnDelete Action="Cascade"/></End><End Type="cds_ui_pps_milestone_plan.MilestonePlanEventType" Multiplicity="*" Role="ToRole_assoc_C9A4E5681E66B663A31DA194A89773EC"/>
				<ReferentialConstraint>
					<Principal Role="FromRole_assoc_C9A4E5681E66B663A31DA194A89773EC"><PropertyRef Name="MilestonePlanUUID"/></Principal>
					<Dependent Role="ToRole_assoc_C9A4E5681E66B663A31DA194A89773EC"><PropertyRef Name="MilestonePlanUUID"/></Dependent>
				</ReferentialConstraint>
			</Association>
			<Association Name="assoc_2DD9D3571C6906AAD43F63FE70ED8B07" sap:content-version="1"><End Type="cds_ui_pps_milestone_plan.MilestonePlanType" Multiplicity="1" Role="FromRole_assoc_2DD9D3571C6906AAD43F63FE70ED8B07"/><End Type="cds_ui_pps_milestone_plan.I_DraftAdministrativeDataType" Multiplicity="0..1" Role="ToRole_assoc_2DD9D3571C6906AAD43F63FE70ED8B07"/></Association>
			<EntityContainer Name="cds_ui_pps_milestone_plan_Entities" m:IsDefaultEntityContainer="true" sap:message-scope-supported="true"
				sap:supported-formats="atom json xlsx"><EntitySet Name="SAP__Currencies" EntityType="cds_ui_pps_milestone_plan.SAP__Currency" sap:content-version="1"/><EntitySet Name="SAP__UnitsOfMeasure" EntityType="cds_ui_pps_milestone_plan.SAP__UnitOfMeasure" sap:content-version="1"/><EntitySet Name="SAP__MyDocumentDescriptions" EntityType="cds_ui_pps_milestone_plan.SAP__DocumentDescription" sap:content-version="1"/><EntitySet Name="SAP__FormatSet" EntityType="cds_ui_pps_milestone_plan.SAP__Format" sap:creatable="false" sap:updatable="false"
				sap:deletable="false" sap:pageable="false" sap:addressable="false" sap:content-version="1"/><EntitySet Name="SAP__TableColumnsSet" EntityType="cds_ui_pps_milestone_plan.SAP__TableColumns" sap:creatable="false" sap:updatable="false"
				sap:deletable="false" sap:pageable="false" sap:addressable="false" sap:content-version="1"/><EntitySet Name="SAP__CoverPageSet" EntityType="cds_ui_pps_milestone_plan.SAP__CoverPage" sap:creatable="false" sap:updatable="false"
				sap:deletable="false" sap:pageable="false" sap:addressable="false" sap:content-version="1"/><EntitySet Name="SAP__SignatureSet" EntityType="cds_ui_pps_milestone_plan.SAP__Signature" sap:creatable="false" sap:updatable="false"
				sap:deletable="false" sap:pageable="false" sap:addressable="false" sap:content-version="1"/><EntitySet Name="C_FactoryCalendarValueHelp" EntityType="cds_ui_pps_milestone_plan.C_FactoryCalendarValueHelpType" sap:creatable="false"
				sap:updatable="false" sap:deletable="false" sap:searchable="true" sap:content-version="1"/><EntitySet Name="MilestonePlan" EntityType="cds_ui_pps_milestone_plan.MilestonePlanType" sap:searchable="true" sap:content-version="1"
				sap:deletable-path="Delete_mc" sap:updatable-path="Update_mc"/><EntitySet Name="MilestonePlanEvent" EntityType="cds_ui_pps_milestone_plan.MilestonePlanEventType" sap:searchable="true"
				sap:content-version="1" sap:deletable-path="Delete_mc" sap:updatable-path="Update_mc"/><EntitySet Name="C_PPS_MilestoneTemplateVH" EntityType="cds_ui_pps_milestone_plan.C_PPS_MilestoneTemplateVHType" sap:creatable="false"
				sap:updatable="false" sap:deletable="false" sap:searchable="true" sap:content-version="1"/><EntitySet Name="C_PPS_UserDescriptionVH" EntityType="cds_ui_pps_milestone_plan.C_PPS_UserDescriptionVHType" sap:creatable="false"
				sap:updatable="false" sap:deletable="false" sap:content-version="1"/><EntitySet Name="C_PurchasingGroupValueHelp" EntityType="cds_ui_pps_milestone_plan.C_PurchasingGroupValueHelpType" sap:creatable="false"
				sap:updatable="false" sap:deletable="false" sap:searchable="true" sap:content-version="1"/><EntitySet Name="I_DraftAdministrativeData" EntityType="cds_ui_pps_milestone_plan.I_DraftAdministrativeDataType" sap:creatable="false"
				sap:updatable="false" sap:deletable="false" sap:searchable="true" sap:addressable="false" sap:content-version="1"/><EntitySet Name="I_PPS_MilestoneEvents" EntityType="cds_ui_pps_milestone_plan.I_PPS_MilestoneEventsType" sap:creatable="false"
				sap:updatable="false" sap:deletable="false" sap:content-version="1"/><EntitySet Name="I_PPS_MilestoneTemplateType" EntityType="cds_ui_pps_milestone_plan.I_PPS_MilestoneTemplateTypeType" sap:creatable="false"
				sap:updatable="false" sap:deletable="false" sap:searchable="true" sap:content-version="1"/>
				<AssociationSet Name="to_formatSet" Association="cds_ui_pps_milestone_plan.to_format" sap:creatable="false" sap:updatable="false"
					sap:deletable="false" sap:content-version="1"><End EntitySet="SAP__MyDocumentDescriptions" Role="FromRole_to_format"/><End EntitySet="SAP__FormatSet" Role="ToRole_to_format"/></AssociationSet>
				<AssociationSet Name="assoc_C9A4E5681E66B663A31DA194A89773EC" Association="cds_ui_pps_milestone_plan.assoc_C9A4E5681E66B663A31DA194A89773EC"
					sap:creatable="false" sap:updatable="false" sap:deletable="false" sap:content-version="1"><End EntitySet="MilestonePlan" Role="FromRole_assoc_C9A4E5681E66B663A31DA194A89773EC"/><End EntitySet="MilestonePlanEvent" Role="ToRole_assoc_C9A4E5681E66B663A31DA194A89773EC"/></AssociationSet>
				<AssociationSet Name="assoc_2DD9D3571C6906AAD43F63FE70ED8B07" Association="cds_ui_pps_milestone_plan.assoc_2DD9D3571C6906AAD43F63FE70ED8B07"
					sap:creatable="false" sap:updatable="false" sap:deletable="false" sap:content-version="1"><End EntitySet="MilestonePlan" Role="FromRole_assoc_2DD9D3571C6906AAD43F63FE70ED8B07"/><End EntitySet="I_DraftAdministrativeData" Role="ToRole_assoc_2DD9D3571C6906AAD43F63FE70ED8B07"/></AssociationSet>
				<AssociationSet Name="to_tablecolumnsSet" Association="cds_ui_pps_milestone_plan.to_tablecolumns" sap:creatable="false"
					sap:updatable="false" sap:deletable="false" sap:content-version="1"><End EntitySet="SAP__MyDocumentDescriptions" Role="FromRole_to_tablecolumns"/><End EntitySet="SAP__TableColumnsSet" Role="ToRole_to_tablecolumns"/></AssociationSet>
				<AssociationSet Name="assoc_3D4D95ECA40900355D2D2D71EE6790D8" Association="cds_ui_pps_milestone_plan.assoc_3D4D95ECA40900355D2D2D71EE6790D8"
					sap:creatable="false" sap:updatable="false" sap:deletable="false" sap:content-version="1"><End EntitySet="MilestonePlanEvent" Role="FromRole_assoc_3D4D95ECA40900355D2D2D71EE6790D8"/><End EntitySet="MilestonePlanEvent" Role="ToRole_assoc_3D4D95ECA40900355D2D2D71EE6790D8"/></AssociationSet>
				<AssociationSet Name="to_signatureSet" Association="cds_ui_pps_milestone_plan.to_signature" sap:creatable="false" sap:updatable="false"
					sap:deletable="false" sap:content-version="1"><End EntitySet="SAP__MyDocumentDescriptions" Role="FromRole_to_signature"/><End EntitySet="SAP__SignatureSet" Role="ToRole_to_signature"/></AssociationSet>
				<AssociationSet Name="assoc_F20C3A90FD1C469A0E1ABCB2560E41DA" Association="cds_ui_pps_milestone_plan.assoc_F20C3A90FD1C469A0E1ABCB2560E41DA"
					sap:creatable="false" sap:updatable="false" sap:deletable="false" sap:content-version="1"><End EntitySet="MilestonePlanEvent" Role="FromRole_assoc_F20C3A90FD1C469A0E1ABCB2560E41DA"/><End EntitySet="I_DraftAdministrativeData" Role="ToRole_assoc_F20C3A90FD1C469A0E1ABCB2560E41DA"/></AssociationSet>
				<AssociationSet Name="assoc_88DE565FF22C940AC1811B0D0BE05E9D" Association="cds_ui_pps_milestone_plan.assoc_88DE565FF22C940AC1811B0D0BE05E9D"
					sap:creatable="false" sap:updatable="false" sap:deletable="false" sap:content-version="1"><End EntitySet="MilestonePlan" Role="FromRole_assoc_88DE565FF22C940AC1811B0D0BE05E9D"/><End EntitySet="MilestonePlan" Role="ToRole_assoc_88DE565FF22C940AC1811B0D0BE05E9D"/></AssociationSet>
				<AssociationSet Name="to_coverpageSet" Association="cds_ui_pps_milestone_plan.to_coverpage" sap:creatable="false" sap:updatable="false"
					sap:deletable="false" sap:content-version="1"><End EntitySet="SAP__MyDocumentDescriptions" Role="FromRole_to_coverpage"/><End EntitySet="SAP__CoverPageSet" Role="ToRole_to_coverpage"/></AssociationSet>
				<FunctionImport Name="MilestonePlanActivate" ReturnType="cds_ui_pps_milestone_plan.MilestonePlanType" EntitySet="MilestonePlan"
					m:HttpMethod="POST" sap:action-for="cds_ui_pps_milestone_plan.MilestonePlanType"><Parameter Name="MilestonePlanUUID" Type="Edm.Guid" Mode="In" sap:label="UUID"/><Parameter Name="IsActiveEntity" Type="Edm.Boolean" Mode="In" sap:label="Is active"/></FunctionImport>
				<FunctionImport Name="CopyMilestonePlan" ReturnType="cds_ui_pps_milestone_plan.MilestonePlanType" EntitySet="MilestonePlan"
					m:HttpMethod="POST" sap:action-for="cds_ui_pps_milestone_plan.MilestonePlanType" sap:applicable-path="CopyMilestonePlan_ac"><Parameter Name="MilestonePlanUUID" Type="Edm.Guid" Mode="In" sap:label="UUID"/><Parameter Name="IsActiveEntity" Type="Edm.Boolean" Mode="In" sap:label="Is active"/><Parameter Name="ResultIsActiveEntity" Type="Edm.Boolean" Mode="In" Nullable="true" sap:label="Result is active"/></FunctionImport>
				<FunctionImport Name="MilestonePlanDiscard" ReturnType="cds_ui_pps_milestone_plan.DummyFunctionImportResult" m:HttpMethod="POST"
					sap:action-for="cds_ui_pps_milestone_plan.MilestonePlanType"><Parameter Name="MilestonePlanUUID" Type="Edm.Guid" Mode="In" sap:label="UUID"/><Parameter Name="IsActiveEntity" Type="Edm.Boolean" Mode="In" sap:label="Is active"/></FunctionImport>
				<FunctionImport Name="MilestonePlanEdit" ReturnType="cds_ui_pps_milestone_plan.MilestonePlanType" EntitySet="MilestonePlan"
					m:HttpMethod="POST" sap:action-for="cds_ui_pps_milestone_plan.MilestonePlanType" sap:applicable-path="Edit_ac"><Parameter Name="MilestonePlanUUID" Type="Edm.Guid" Mode="In" sap:label="UUID"/><Parameter Name="IsActiveEntity" Type="Edm.Boolean" Mode="In" sap:label="Is active"/><Parameter Name="PreserveChanges" Type="Edm.Boolean" Mode="In" Nullable="true" sap:label="TRUE"/></FunctionImport>
				<FunctionImport Name="MilestonePlanPrepare" ReturnType="cds_ui_pps_milestone_plan.DummyFunctionImportResult" m:HttpMethod="POST"
					sap:action-for="cds_ui_pps_milestone_plan.MilestonePlanType"><Parameter Name="MilestonePlanUUID" Type="Edm.Guid" Mode="In" sap:label="UUID"/><Parameter Name="IsActiveEntity" Type="Edm.Boolean" Mode="In" sap:label="Is active"/></FunctionImport>
				<FunctionImport Name="MilestonePlanResume" ReturnType="cds_ui_pps_milestone_plan.DummyFunctionImportResult" m:HttpMethod="POST"
					sap:action-for="cds_ui_pps_milestone_plan.MilestonePlanType"><Parameter Name="MilestonePlanUUID" Type="Edm.Guid" Mode="In" sap:label="UUID"/><Parameter Name="IsActiveEntity" Type="Edm.Boolean" Mode="In" sap:label="Is active"/></FunctionImport>
				<FunctionImport Name="CopyMilestoneEvent" ReturnType="cds_ui_pps_milestone_plan.MilestonePlanEventType" EntitySet="MilestonePlanEvent"
					m:HttpMethod="POST" sap:action-for="cds_ui_pps_milestone_plan.MilestonePlanEventType" sap:applicable-path="CopyMilestoneEvent_ac"><Parameter Name="MilestonePlanEventUUID" Type="Edm.Guid" Mode="In" sap:label="UUID"/><Parameter Name="IsActiveEntity" Type="Edm.Boolean" Mode="In" sap:label="Is active"/><Parameter Name="ResultIsActiveEntity" Type="Edm.Boolean" Mode="In" Nullable="true" sap:label="Result is active"/></FunctionImport>
				<FunctionImport Name="LoadMilestoneEventFromTemplate" ReturnType="cds_ui_pps_milestone_plan.MilestonePlanEventType"
					EntitySet="MilestonePlanEvent" m:HttpMethod="POST" sap:action-for="cds_ui_pps_milestone_plan.MilestonePlanEventType"
					sap:applicable-path="LoadMilestoneEventFromTemplate_ac"><Parameter Name="MilestonePlanEventUUID" Type="Edm.Guid" Mode="In" sap:label="UUID"/><Parameter Name="IsActiveEntity" Type="Edm.Boolean" Mode="In" sap:label="Is active"/></FunctionImport>
			</EntityContainer>
			<Annotations Target="cds_ui_pps_milestone_plan.cds_ui_pps_milestone_plan_Entities/MilestonePlan"
				xmlns="http://docs.oasis-open.org/odata/ns/edm">
				<Annotation Term="Common.DraftRoot">
					<Record><PropertyValue Property="ActivationAction" String="cds_ui_pps_milestone_plan.cds_ui_pps_milestone_plan_Entities/MilestonePlanActivate"/>
						<PropertyValue Property="AdditionalNewActions">
							<Collection>
								<String>cds_ui_pps_milestone_plan.cds_ui_pps_milestone_plan_Entities/CopyMilestonePlan</String>
							</Collection>
						</PropertyValue><PropertyValue Property="DiscardAction" String="cds_ui_pps_milestone_plan.cds_ui_pps_milestone_plan_Entities/MilestonePlanDiscard"/><PropertyValue Property="EditAction" String="cds_ui_pps_milestone_plan.cds_ui_pps_milestone_plan_Entities/MilestonePlanEdit"/><PropertyValue Property="PreparationAction" String="cds_ui_pps_milestone_plan.cds_ui_pps_milestone_plan_Entities/MilestonePlanPrepare"/></Record>
				</Annotation>
				<Annotation Term="Capabilities.FilterRestrictions">
					<Record>
						<PropertyValue Property="NonFilterableProperties">
							<Collection>
								<PropertyPath>CopyMilestonePlan_ac</PropertyPath>
								<PropertyPath>Edit_ac</PropertyPath>
								<PropertyPath>Delete_mc</PropertyPath>
								<PropertyPath>Update_mc</PropertyPath>
								<PropertyPath>to_MilestonePlanEvent_oc</PropertyPath>
							</Collection>
						</PropertyValue>
						<PropertyValue Property="FilterExpressionRestrictions">
							<Collection>
								<Record><PropertyValue Property="Property" PropertyPath="MilestonePlanStartDate"/><PropertyValue Property="AllowedExpressions" String="SingleValue"/></Record>
								<Record><PropertyValue Property="Property" PropertyPath="MilestonePlanEndDate"/><PropertyValue Property="AllowedExpressions" String="SingleValue"/></Record>
								<Record><PropertyValue Property="Property" PropertyPath="MilestonePlanText"/><PropertyValue Property="AllowedExpressions" String="SearchExpression"/></Record>
							</Collection>
						</PropertyValue>
					</Record>
				</Annotation>
				<Annotation Term="Capabilities.NavigationRestrictions">
					<Record>
						<PropertyValue Property="RestrictedProperties">
							<Collection>
								<Record><PropertyValue Property="NavigationProperty" NavigationPropertyPath="DraftAdministrativeData"/>
									<PropertyValue Property="InsertRestrictions">
										<Record><PropertyValue Property="Insertable" Bool="false"/></Record>
									</PropertyValue>
								</Record>
								<Record><PropertyValue Property="NavigationProperty" NavigationPropertyPath="SiblingEntity"/>
									<PropertyValue Property="InsertRestrictions">
										<Record><PropertyValue Property="Insertable" Bool="false"/></Record>
									</PropertyValue>
								</Record>
								<Record><PropertyValue Property="NavigationProperty" NavigationPropertyPath="to_MilestonePlanEvent"/>
									<PropertyValue Property="InsertRestrictions">
										<Record><PropertyValue Property="Insertable" Path="to_MilestonePlanEvent_oc"/></Record>
									</PropertyValue>
								</Record>
							</Collection>
						</PropertyValue>
					</Record>
				</Annotation>
				<Annotation Term="SAP__core.OptimisticConcurrency"><Collection/></Annotation>
				<Annotation Term="Capabilities.SortRestrictions">
					<Record>
						<PropertyValue Property="NonSortableProperties">
							<Collection>
								<PropertyPath>CopyMilestonePlan_ac</PropertyPath>
								<PropertyPath>Edit_ac</PropertyPath>
								<PropertyPath>Delete_mc</PropertyPath>
								<PropertyPath>Update_mc</PropertyPath>
								<PropertyPath>to_MilestonePlanEvent_oc</PropertyPath>
								<PropertyPath>MilestonePlanText</PropertyPath>
							</Collection>
						</PropertyValue>
					</Record>
				</Annotation>
			</Annotations>
			<Annotations Target="cds_ui_pps_milestone_plan.cds_ui_pps_milestone_plan_Entities/MilestonePlanEvent"
				xmlns="http://docs.oasis-open.org/odata/ns/edm">
				<Annotation Term="Common.DraftNode"><Record/></Annotation>
				<Annotation Term="Common.DraftActivationVia">
					<Collection>
						<String>cds_ui_pps_milestone_plan.cds_ui_pps_milestone_plan_Entities/MilestonePlan</String>
					</Collection>
				</Annotation>
				<Annotation Term="Capabilities.FilterRestrictions">
					<Record>
						<PropertyValue Property="NonFilterableProperties">
							<Collection>
								<PropertyPath>CopyMilestoneEvent_ac</PropertyPath>
								<PropertyPath>LoadMilestoneEventFromTemplate_ac</PropertyPath>
								<PropertyPath>Delete_mc</PropertyPath>
								<PropertyPath>Update_mc</PropertyPath>
							</Collection>
						</PropertyValue>
					</Record>
				</Annotation>
				<Annotation Term="Capabilities.NavigationRestrictions">
					<Record>
						<PropertyValue Property="RestrictedProperties">
							<Collection>
								<Record><PropertyValue Property="NavigationProperty" NavigationPropertyPath="DraftAdministrativeData"/>
									<PropertyValue Property="InsertRestrictions">
										<Record><PropertyValue Property="Insertable" Bool="false"/></Record>
									</PropertyValue>
								</Record>
								<Record><PropertyValue Property="NavigationProperty" NavigationPropertyPath="SiblingEntity"/>
									<PropertyValue Property="InsertRestrictions">
										<Record><PropertyValue Property="Insertable" Bool="false"/></Record>
									</PropertyValue>
								</Record>
								<Record><PropertyValue Property="NavigationProperty" NavigationPropertyPath="to_MilestonePlan"/>
									<PropertyValue Property="InsertRestrictions">
										<Record><PropertyValue Property="Insertable" Bool="false"/></Record>
									</PropertyValue>
								</Record>
							</Collection>
						</PropertyValue>
					</Record>
				</Annotation>
				<Annotation Term="SAP__core.OptimisticConcurrency"><Collection/></Annotation>
				<Annotation Term="Capabilities.SortRestrictions">
					<Record>
						<PropertyValue Property="NonSortableProperties">
							<Collection>
								<PropertyPath>CopyMilestoneEvent_ac</PropertyPath>
								<PropertyPath>LoadMilestoneEventFromTemplate_ac</PropertyPath>
								<PropertyPath>Delete_mc</PropertyPath>
								<PropertyPath>Update_mc</PropertyPath>
							</Collection>
						</PropertyValue>
					</Record>
				</Annotation>
			</Annotations>
			<Annotations Target="cds_ui_pps_milestone_plan.MilestonePlanType/MilestoneTemplateID" xmlns="http://docs.oasis-open.org/odata/ns/edm">
				<Annotation Term="Common.ValueList">
					<Record><PropertyValue Property="Label" String=""/><PropertyValue Property="CollectionPath" String="C_PPS_MilestoneTemplateVH"/><PropertyValue Property="SearchSupported" Bool="true"/>
						<PropertyValue Property="Parameters">
							<Collection>
								<Record Type="Common.ValueListParameterInOut"><PropertyValue Property="LocalDataProperty" PropertyPath="MilestoneTemplateID"/><PropertyValue Property="ValueListProperty" String="MilestoneTemplate"/><Annotation Term="UI.Importance" EnumMember="UI.ImportanceType/High"/></Record>
								<Record Type="Common.ValueListParameterOut"><PropertyValue Property="LocalDataProperty" PropertyPath="MilestoneTemplateDescription"/><PropertyValue Property="ValueListProperty" String="MilestoneTemplateDesc"/><Annotation Term="UI.Importance" EnumMember="UI.ImportanceType/High"/></Record>
								<Record Type="Common.ValueListParameterDisplayOnly"><PropertyValue Property="ValueListProperty" String="MilestoneTemplateType"/><Annotation Term="UI.Importance" EnumMember="UI.ImportanceType/High"/></Record>
								<Record Type="Common.ValueListParameterDisplayOnly"><PropertyValue Property="ValueListProperty" String="createdat"/><Annotation Term="UI.Importance" EnumMember="UI.ImportanceType/High"/></Record>
								<Record Type="Common.ValueListParameterDisplayOnly"><PropertyValue Property="ValueListProperty" String="Createdby"/><Annotation Term="UI.Importance" EnumMember="UI.ImportanceType/High"/></Record>
								<Record Type="Common.ValueListParameterDisplayOnly"><PropertyValue Property="ValueListProperty" String="MilestoneTemplateStatus"/><Annotation Term="UI.Importance" EnumMember="UI.ImportanceType/High"/></Record>
								<Record Type="Common.ValueListParameterDisplayOnly"><PropertyValue Property="ValueListProperty" String="CreatedByUserDescription"/></Record>
							</Collection>
						</PropertyValue>
					</Record>
				</Annotation><Annotation Term="Common.SemanticObject" String="MilestoneTemplate"/></Annotations>
			<Annotations Target="cds_ui_pps_milestone_plan.MilestonePlanType/MilestoneTemplateType" xmlns="http://docs.oasis-open.org/odata/ns/edm">
				<Annotation Term="Common.ValueList">
					<Record><PropertyValue Property="Label" String=""/><PropertyValue Property="CollectionPath" String="I_PPS_MilestoneTemplateType"/><PropertyValue Property="SearchSupported" Bool="true"/>
						<PropertyValue Property="Parameters">
							<Collection>
								<Record Type="Common.ValueListParameterInOut"><PropertyValue Property="LocalDataProperty" PropertyPath="MilestoneTemplateType"/><PropertyValue Property="ValueListProperty" String="MilestoneTemplateType"/></Record>
								<Record Type="Common.ValueListParameterDisplayOnly"><PropertyValue Property="ValueListProperty" String="MilestoneTmplTypeDescription"/></Record>
							</Collection>
						</PropertyValue>
					</Record>
				</Annotation><Annotation Term="Common.ValueListWithFixedValues"/><Annotation Term="Common.FieldControl" EnumMember="Common.FieldControlType/Mandatory"/></Annotations>
			<Annotations Target="cds_ui_pps_milestone_plan.MilestonePlanType/PurchasingGroup" xmlns="http://docs.oasis-open.org/odata/ns/edm">
				<Annotation Term="Common.ValueList">
					<Record><PropertyValue Property="Label" String=""/><PropertyValue Property="CollectionPath" String="C_PurchasingGroupValueHelp"/><PropertyValue Property="SearchSupported" Bool="true"/>
						<PropertyValue Property="Parameters">
							<Collection>
								<Record Type="Common.ValueListParameterInOut"><PropertyValue Property="LocalDataProperty" PropertyPath="PurchasingGroup"/><PropertyValue Property="ValueListProperty" String="PurchasingGroup"/></Record>
								<Record Type="Common.ValueListParameterDisplayOnly"><PropertyValue Property="ValueListProperty" String="PurchasingGroupName"/></Record>
								<Record Type="Common.ValueListParameterDisplayOnly"><PropertyValue Property="ValueListProperty" String="PurchasingGroupPhoneNumber"/></Record>
								<Record Type="Common.ValueListParameterDisplayOnly"><PropertyValue Property="ValueListProperty" String="PhoneNumber"/></Record>
								<Record Type="Common.ValueListParameterDisplayOnly"><PropertyValue Property="ValueListProperty" String="PhoneNumberExtension"/></Record>
								<Record Type="Common.ValueListParameterDisplayOnly"><PropertyValue Property="ValueListProperty" String="FaxNumber"/></Record>
								<Record Type="Common.ValueListParameterDisplayOnly"><PropertyValue Property="ValueListProperty" String="EmailAddress"/></Record>
							</Collection>
						</PropertyValue>
					</Record>
				</Annotation>
			</Annotations>
			<Annotations Target="cds_ui_pps_milestone_plan.MilestonePlanType/PersonResponsible" xmlns="http://docs.oasis-open.org/odata/ns/edm">
				<Annotation Term="Common.ValueList">
					<Record><PropertyValue Property="Label" String=""/><PropertyValue Property="CollectionPath" String="C_PPS_UserDescriptionVH"/><PropertyValue Property="SearchSupported" Bool="false"/>
						<PropertyValue Property="Parameters">
							<Collection>
								<Record Type="Common.ValueListParameterInOut"><PropertyValue Property="LocalDataProperty" PropertyPath="PersonResponsible"/><PropertyValue Property="ValueListProperty" String="UserID"/></Record>
								<Record Type="Common.ValueListParameterDisplayOnly"><PropertyValue Property="ValueListProperty" String="UserDescription"/></Record>
							</Collection>
						</PropertyValue>
					</Record>
				</Annotation>
			</Annotations>
			<Annotations Target="cds_ui_pps_milestone_plan.MilestonePlanType/FactoryCalendar" xmlns="http://docs.oasis-open.org/odata/ns/edm">
				<Annotation Term="Common.ValueList">
					<Record><PropertyValue Property="Label" String=""/><PropertyValue Property="CollectionPath" String="C_FactoryCalendarValueHelp"/><PropertyValue Property="SearchSupported" Bool="true"/>
						<PropertyValue Property="Parameters">
							<Collection>
								<Record Type="Common.ValueListParameterInOut"><PropertyValue Property="LocalDataProperty" PropertyPath="FactoryCalendar"/><PropertyValue Property="ValueListProperty" String="FactoryCalendar"/></Record>
								<Record Type="Common.ValueListParameterDisplayOnly"><PropertyValue Property="ValueListProperty" String="FactoryCalendarName"/></Record>
							</Collection>
						</PropertyValue>
					</Record>
				</Annotation>
			</Annotations>
			<Annotations Target="cds_ui_pps_milestone_plan.MilestonePlanType/CreatedByUser" xmlns="http://docs.oasis-open.org/odata/ns/edm">
				<Annotation Term="Common.ValueList">
					<Record><PropertyValue Property="Label" String=""/><PropertyValue Property="CollectionPath" String="C_PPS_UserDescriptionVH"/><PropertyValue Property="SearchSupported" Bool="false"/>
						<PropertyValue Property="Parameters">
							<Collection>
								<Record Type="Common.ValueListParameterInOut"><PropertyValue Property="LocalDataProperty" PropertyPath="CreatedByUser"/><PropertyValue Property="ValueListProperty" String="UserID"/></Record>
								<Record Type="Common.ValueListParameterDisplayOnly"><PropertyValue Property="ValueListProperty" String="UserDescription"/></Record>
							</Collection>
						</PropertyValue>
					</Record>
				</Annotation>
			</Annotations>
			<Annotations Target="cds_ui_pps_milestone_plan.MilestonePlanEventType/MilestonePlanEventID" xmlns="http://docs.oasis-open.org/odata/ns/edm">
				<Annotation Term="Common.ValueList">
					<Record><PropertyValue Property="Label" String="Mile Event ID"/><PropertyValue Property="CollectionPath" String="I_PPS_MilestoneEvents"/><PropertyValue Property="SearchSupported" Bool="false"/>
						<PropertyValue Property="Parameters">
							<Collection>
								<Record Type="Common.ValueListParameterInOut"><PropertyValue Property="LocalDataProperty" PropertyPath="MilestonePlanEventID"/><PropertyValue Property="ValueListProperty" String="EventId"/></Record>
								<Record Type="Common.ValueListParameterInOut"><PropertyValue Property="LocalDataProperty" PropertyPath="MilestonePlanEventName"/><PropertyValue Property="ValueListProperty" String="EventDescription"/></Record>
								<Record Type="Common.ValueListParameterDisplayOnly"><PropertyValue Property="ValueListProperty" String="MilestoneId"/></Record>
								<Record Type="Common.ValueListParameterDisplayOnly"><PropertyValue Property="ValueListProperty" String="EventObjectType"/></Record>
								<Record Type="Common.ValueListParameterDisplayOnly"><PropertyValue Property="ValueListProperty" String="EventGroup"/></Record>
							</Collection>
						</PropertyValue>
					</Record>
				</Annotation>
			</Annotations>
			<Annotations Target="cds_ui_pps_milestone_plan.MilestonePlanEventType/MilestonePlanEventParentEvtID"
				xmlns="http://docs.oasis-open.org/odata/ns/edm">
				<Annotation Term="Common.ValueList">
					<Record><PropertyValue Property="Label" String="Mile Event ID"/><PropertyValue Property="CollectionPath" String="I_PPS_MilestoneEvents"/><PropertyValue Property="SearchSupported" Bool="false"/>
						<PropertyValue Property="Parameters">
							<Collection>
								<Record Type="Common.ValueListParameterInOut"><PropertyValue Property="LocalDataProperty" PropertyPath="MilestonePlanEventParentEvtID"/><PropertyValue Property="ValueListProperty" String="EventId"/></Record>
								<Record Type="Common.ValueListParameterDisplayOnly"><PropertyValue Property="ValueListProperty" String="MilestoneId"/></Record>
								<Record Type="Common.ValueListParameterDisplayOnly"><PropertyValue Property="ValueListProperty" String="EventObjectType"/></Record>
								<Record Type="Common.ValueListParameterDisplayOnly"><PropertyValue Property="ValueListProperty" String="EventDescription"/></Record>
								<Record Type="Common.ValueListParameterDisplayOnly"><PropertyValue Property="ValueListProperty" String="EventGroup"/></Record>
							</Collection>
						</PropertyValue>
					</Record>
				</Annotation>
			</Annotations>
			<Annotations Target="cds_ui_pps_milestone_plan.cds_ui_pps_milestone_plan_Entities" xmlns="http://docs.oasis-open.org/odata/ns/edm"><Annotation Term="Common.ApplyMultiUnitBehaviorForSortingAndFiltering" Bool="true"/></Annotations>
			<Annotations Target="cds_ui_pps_milestone_plan.MilestonePlanType/to_MilestonePlanEvent" xmlns="http://docs.oasis-open.org/odata/ns/edm"><Annotation Term="Common.Composition"/></Annotations>
			<Annotations Target="cds_ui_pps_milestone_plan.MilestonePlanType/MilestonePlanEndDate" xmlns="http://docs.oasis-open.org/odata/ns/edm"><Annotation Term="Common.FieldControl" EnumMember="Common.FieldControlType/Mandatory"/></Annotations>
			<Annotations Target="cds_ui_pps_milestone_plan.MilestonePlanType/MilestonePlanName" xmlns="http://docs.oasis-open.org/odata/ns/edm"><Annotation Term="Common.FieldControl" EnumMember="Common.FieldControlType/Mandatory"/></Annotations>
			<Annotations Target="cds_ui_pps_milestone_plan.C_FactoryCalendarValueHelpType" xmlns="http://docs.oasis-open.org/odata/ns/edm">
				<Annotation Term="Common.SemanticKey">
					<Collection>
						<PropertyPath>FactoryCalendar</PropertyPath>
					</Collection>
				</Annotation>
			</Annotations>
			<Annotations Target="cds_ui_pps_milestone_plan.C_PurchasingGroupValueHelpType" xmlns="http://docs.oasis-open.org/odata/ns/edm">
				<Annotation Term="Common.SemanticKey">
					<Collection>
						<PropertyPath>PurchasingGroup</PropertyPath>
					</Collection>
				</Annotation>
				<Annotation Term="Communication.Contact">
					<Record>
						<PropertyValue Property="email">
							<Collection>
								<Record><PropertyValue Property="address" Path="EmailAddress"/></Record>
							</Collection>
						</PropertyValue>
					</Record>
				</Annotation>
			</Annotations>
			<Annotations Target="cds_ui_pps_milestone_plan.MilestonePlanType" xmlns="http://docs.oasis-open.org/odata/ns/edm">
				<Annotation Term="Common.SemanticKey">
					<Collection>
						<PropertyPath>MilestonePlanID</PropertyPath>
					</Collection>
				</Annotation>
			</Annotations>
			<Annotations Target="cds_ui_pps_milestone_plan.C_PurchasingGroupValueHelpType/EmailAddress" xmlns="http://docs.oasis-open.org/odata/ns/edm"><Annotation Term="Communication.IsEmailAddress"/></Annotations>
			<Annotations Target="cds_ui_pps_milestone_plan.cds_ui_pps_milestone_plan_Entities" xmlns="http://docs.oasis-open.org/odata/ns/edm">
				<Annotation Term="Org.OData.Capabilities.V1.BatchSupport">
					<Record Type="Org.OData.Capabilities.V1.BatchSupportType"><PropertyValue Property="ReferencesAcrossChangeSetsSupported" Bool="true"/></Record>
				</Annotation>
				<Annotation Term="SAP__CodeList.CurrencyCodes">
					<Record><PropertyValue Property="Url" String="./$metadata"/><PropertyValue Property="CollectionPath" String="SAP__Currencies"/></Record>
				</Annotation>
				<Annotation Term="SAP__CodeList.UnitsOfMeasure">
					<Record><PropertyValue Property="Url" String="./$metadata"/><PropertyValue Property="CollectionPath" String="SAP__UnitsOfMeasure"/></Record>
				</Annotation>
			</Annotations>
			<Annotations Target="cds_ui_pps_milestone_plan.SAP__Currency/CurrencyCode" xmlns="http://docs.oasis-open.org/odata/ns/edm"><Annotation Term="SAP__common.Text" Path="Text"/><Annotation Term="SAP__common.UnitSpecificScale" Path="DecimalPlaces"/><Annotation Term="SAP__CodeList.StandardCode" Path="ISOCode"/></Annotations>
			<Annotations Target="cds_ui_pps_milestone_plan.SAP__UnitOfMeasure/UnitCode" xmlns="http://docs.oasis-open.org/odata/ns/edm"><Annotation Term="SAP__common.Text" Path="Text"/><Annotation Term="SAP__common.UnitSpecificScale" Path="DecimalPlaces"/><Annotation Term="SAP__CodeList.StandardCode" Path="ISOCode"/><Annotation Term="SAP__CodeList.ExternalCode" Path="ExternalCode"/></Annotations>
			<Annotations Target="cds_ui_pps_milestone_plan.SAP__UnitOfMeasure" xmlns="http://docs.oasis-open.org/odata/ns/edm">
				<Annotation Term="SAP__core.AlternateKeys">
					<Collection>
						<Record>
							<PropertyValue Property="Key">
								<Collection>
									<Record><PropertyValue Property="Name" Path="ExternalCode"/><PropertyValue Property="Alias" String="ExternalCode"/></Record>
								</Collection>
							</PropertyValue>
						</Record>
					</Collection>
				</Annotation>
			</Annotations><atom:link rel="self"
				href="https://webidecp-fiori.dispatcher.int.sap.eu2.hana.ondemand.com/destinations/UYTCLNT718/sap/opu/odata/sap/UI_PPS_MILESTONE_PLAN/$metadata"
				xmlns:atom="http://www.w3.org/2005/Atom"/><atom:link rel="latest-version"
				href="https://webidecp-fiori.dispatcher.int.sap.eu2.hana.ondemand.com/destinations/UYTCLNT718/sap/opu/odata/sap/UI_PPS_MILESTONE_PLAN/$metadata"
				xmlns:atom="http://www.w3.org/2005/Atom"/></Schema>
	</edmx:DataServices>
</edmx:Edmx>