<?xml version="1.0" encoding="utf-8"?>
<edmx:Edmx Version="4.0" xmlns:edmx="http://docs.oasis-open.org/odata/ns/edmx">
	<edmx:Reference
		Uri="../../catalogservice;v=2/Vocabularies(TechnicalName='%2FIWBEP%2FVOC_COMMON',Version='0001',SAP__Origin='EDECLNT038')/$value"><edmx:Include Namespace="com.sap.vocabularies.Common.v1" Alias="Common"/></edmx:Reference>
	<edmx:Reference
		Uri="../../catalogservice;v=2/Vocabularies(TechnicalName='%2FIWBEP%2FVOC_UI',Version='0001',SAP__Origin='EDECLNT038')/$value"><edmx:Include Namespace="com.sap.vocabularies.UI.v1" Alias="UI"/></edmx:Reference>
	<edmx:Reference
		Uri="../../catalogservice;v=2/Vocabularies(TechnicalName='%2FIWBEP%2FVOC_COMMUNICATION',Version='0001',SAP__Origin='EDECLNT038')/$value"><edmx:Include Namespace="com.sap.vocabularies.Communication.v1" Alias="Communication"/></edmx:Reference>
	<edmx:Reference
		Uri="../../catalogservice;v=2/Vocabularies(TechnicalName='%2FIWBEP%2FVOC_PERSONALDATA',Version='0001',SAP__Origin='EDECLNT038')/$value"><edmx:Include Namespace="com.sap.vocabularies.PersonalData.v1" Alias="PersonalData"/></edmx:Reference>
	<edmx:Reference
		Uri="../../catalogservice;v=2/Vocabularies(TechnicalName='%2FIWBEP%2FVOC_VALIDATION',Version='0001',SAP__Origin='EDECLNT038')/$value"><edmx:Include Namespace="Org.OData.Validation.V1" Alias="Validation"/></edmx:Reference>
	<edmx:Reference
		Uri="../../catalogservice;v=2/Vocabularies(TechnicalName='%2FIWBEP%2FVOC_ANALYTICS',Version='0001',SAP__Origin='EDECLNT038')/$value"><edmx:Include Namespace="com.sap.vocabularies.Analytics.v1" Alias="Analytics"/></edmx:Reference>
	<edmx:Reference
		Uri="../../catalogservice;v=2/Vocabularies(TechnicalName='%2FIWBEP%2FVOC_HTML5',Version='0001',SAP__Origin='EDECLNT038')/$value"><edmx:Include Namespace="com.sap.vocabularies.HTML5.v1" Alias="HTML5"/></edmx:Reference>
	<edmx:Reference Uri="../../../sap/ui_pps_milestone_plan/$metadata"><edmx:Include Namespace="UI_PPS_MILESTONE_PLAN" Alias="SAP"/></edmx:Reference>
	<edmx:DataServices>
		<Schema Namespace="ui_pps_milestone_plan_van.v1" xmlns="http://docs.oasis-open.org/odata/ns/edm">
			<Annotations Target="cds_ui_pps_milestone_plan.MilestonePlanType/HasDraftEntity"><Annotation Term="UI.HiddenFilter"/><Annotation Term="UI.Hidden"/></Annotations>
			<Annotations Target="cds_ui_pps_milestone_plan.MilestonePlanType/DraftEntityCreationDateTime"><Annotation Term="UI.HiddenFilter"/><Annotation Term="UI.Hidden"/></Annotations>
			<Annotations Target="cds_ui_pps_milestone_plan.MilestonePlanType/DraftEntityLastChangeDateTime"><Annotation Term="UI.HiddenFilter"/><Annotation Term="UI.Hidden"/></Annotations>
			<Annotations Target="cds_ui_pps_milestone_plan.MilestonePlanType/HasActiveEntity"><Annotation Term="UI.HiddenFilter"/><Annotation Term="UI.Hidden"/></Annotations>
			<Annotations Target="cds_ui_pps_milestone_plan.MilestonePlanType/IsActiveEntity"><Annotation Term="UI.HiddenFilter"/><Annotation Term="UI.Hidden"/></Annotations>
			<Annotations Target="cds_ui_pps_milestone_plan.MilestonePlanType/MilestonePlanUUID"><Annotation Term="UI.Hidden"/></Annotations>
			<Annotations Target="cds_ui_pps_milestone_plan.MilestonePlanType/Criticality"><Annotation Term="UI.Hidden"/></Annotations>
			<Annotations Target="cds_ui_pps_milestone_plan.MilestonePlanType/CopyMilestonePlan_ac"><Annotation Term="UI.Hidden"/></Annotations>
			<Annotations Target="cds_ui_pps_milestone_plan.MilestonePlanType/Edit_ac"><Annotation Term="UI.Hidden"/></Annotations>
			<Annotations Target="cds_ui_pps_milestone_plan.MilestonePlanType/Delete_mc"><Annotation Term="UI.Hidden"/></Annotations>
			<Annotations Target="cds_ui_pps_milestone_plan.MilestonePlanType/Update_mc"><Annotation Term="UI.Hidden"/></Annotations>
			<Annotations Target="cds_ui_pps_milestone_plan.MilestonePlanType/to_MilestonePlanEvent_oc"><Annotation Term="UI.Hidden"/></Annotations>
			<Annotations Target="cds_ui_pps_milestone_plan.MilestonePlanType/MilestonePlanText"><Annotation Term="UI.MultiLineText"/></Annotations>
			<Annotations Target="cds_ui_pps_milestone_plan.MilestonePlanType/MilestoneTemplateType">
				<Annotation Term="Common.Text" Path="MilestoneTmplTypeDescription"><Annotation Term="UI.TextArrangement" EnumMember="UI.TextArrangementType/TextFirst"/></Annotation>
			</Annotations>
			<Annotations Target="cds_ui_pps_milestone_plan.MilestonePlanType/MilestonePlanStatus">
				<Annotation Term="Common.Text" Path="MilestonePlanStatusDescription"><Annotation Term="UI.TextArrangement" EnumMember="UI.TextArrangementType/TextOnly"/></Annotation>
			</Annotations>
			<Annotations Target="cds_ui_pps_milestone_plan.MilestonePlanType">
				<Annotation Term="UI.DataPoint" Qualifier="MilestonePlanStatus">
					<Record><PropertyValue Property="Value" Path="MilestonePlanStatus"/><PropertyValue Property="Title" String="Status"/><PropertyValue Property="TargetValue" Path="MilestonePlanStatus"/><PropertyValue Property="Criticality" Path="Criticality"/><PropertyValue Property="CriticalityRepresentation" EnumMember="UI.CriticalityRepresentationType/WithoutIcon"/></Record>
				</Annotation>
				<Annotation Term="UI.HeaderFacets">
					<Collection>
						<Record Type="UI.ReferenceFacet"><PropertyValue Property="ID" String="MilestonePlanHeaderGroup01"/><PropertyValue Property="Target" AnnotationPath="@UI.FieldGroup#MilestonePlanHeaderGroup01"/></Record>
						<Record Type="UI.ReferenceFacet"><PropertyValue Property="ID" String="MilestonePlanHeaderGroup02"/><PropertyValue Property="Target" AnnotationPath="@UI.FieldGroup#MilestonePlanHeaderGroup02"/><Annotation Term="UI.IsSummary" Bool="true"/><Annotation Term="UI.PartOfPreview" Bool="true"/></Record>
						<Record Type="UI.ReferenceFacet"><PropertyValue Property="ID" String="MilestonePlanHeaderGroup03"/><PropertyValue Property="Target" AnnotationPath="@UI.FieldGroup#MilestonePlanHeaderGroup03"/></Record>
						<Record Type="UI.ReferenceFacet"><PropertyValue Property="ID" String="MilestonePlanHeaderGroup04"/><PropertyValue Property="Target" AnnotationPath="@UI.FieldGroup#MilestonePlanHeaderGroup04"/></Record>
						<Record Type="UI.ReferenceFacet"><PropertyValue Property="Label" String="Status"/><PropertyValue Property="ID" String="MilestonePlanStatus"/><PropertyValue Property="Target" AnnotationPath="@UI.DataPoint#MilestonePlanStatus"/></Record>
					</Collection>
				</Annotation>
				<Annotation Term="UI.Facets">
					<Collection>
						<Record Type="UI.CollectionFacet"><PropertyValue Property="Label" String="General Information"/><PropertyValue Property="ID" String="MilestonePlan"/>
							<PropertyValue Property="Facets">
								<Collection>
									<Record Type="UI.ReferenceFacet"><PropertyValue Property="ID" String="MilestonePlanGroup01"/><PropertyValue Property="Target" AnnotationPath="@UI.FieldGroup#MilestonePlanGroup01"/></Record>
									<Record Type="UI.ReferenceFacet"><PropertyValue Property="ID" String="MilestonePlanGroup02"/><PropertyValue Property="Target" AnnotationPath="@UI.FieldGroup#MilestonePlanGroup02"/></Record>
									<Record Type="UI.ReferenceFacet"><PropertyValue Property="ID" String="MilestonePlanGroup03"/><PropertyValue Property="Target" AnnotationPath="@UI.FieldGroup#MilestonePlanGroup03"/></Record>
									<Record Type="UI.ReferenceFacet"><PropertyValue Property="ID" String="MilestonePlanGroup04"/><PropertyValue Property="Target" AnnotationPath="@UI.FieldGroup#MilestonePlanGroup04"/></Record>
								</Collection>
							</PropertyValue>
						</Record>
						<Record Type="UI.ReferenceFacet"><PropertyValue Property="Label" String="Milestone Events"/><PropertyValue Property="ID" String="MilestonePlanEvent"/><PropertyValue Property="Target" AnnotationPath="to_MilestonePlanEvent/@UI.LineItem"/></Record>
						<Record Type="UI.CollectionFacet"><PropertyValue Property="Label" String="Notes"/><PropertyValue Property="ID" String="MilestonePlanText"/>
							<PropertyValue Property="Facets">
								<Collection>
									<Record Type="UI.ReferenceFacet"><PropertyValue Property="ID" String="MilestonePlanGroupText"/><PropertyValue Property="Target" AnnotationPath="@UI.FieldGroup#MilestonePlanGroupText"/></Record>
								</Collection>
							</PropertyValue>
						</Record>
						<Record Type="UI.ReferenceFacet"><PropertyValue Property="Label" String="Attachments"/><PropertyValue Property="ID" String="MilestonePlanAttachement"/><PropertyValue Property="Target" AnnotationPath="@UI.LineItem"/></Record>
					</Collection>
				</Annotation>
				<Annotation Term="UI.FieldGroup" Qualifier="FieldGroup1">
					<Record>
						<PropertyValue Property="Data">
							<Collection>
								<Record Type="UI.DataFieldWithIntentBasedNavigation"><PropertyValue Property="SemanticObject" String="MilestoneTemplate"/><PropertyValue Property="Action" String="manage"/><PropertyValue Property="Value" Path="MilestoneTemplateID"/></Record>
								<Record Type="UI.DataField"><PropertyValue Property="Value" Path="MilestoneTemplateDescription"/></Record>
							</Collection>
						</PropertyValue>
					</Record>
				</Annotation>
				<Annotation Term="UI.FieldGroup" Qualifier="MilestonePlanGroup01">
					<Record>
						<PropertyValue Property="Data">
							<Collection>
								<Record Type="UI.DataField"><PropertyValue Property="Label" String="Name"/><PropertyValue Property="Value" Path="MilestonePlanName"/><Annotation Term="UI.Importance" EnumMember="UI.ImportanceType/High"/></Record>
								<Record Type="UI.DataField"><PropertyValue Property="Label" String="Type"/><PropertyValue Property="Value" Path="MilestoneTemplateType"/><Annotation Term="UI.Importance" EnumMember="UI.ImportanceType/High"/></Record>
								<Record Type="UI.DataField"><PropertyValue Property="Label" String="Purchasing Group"/><PropertyValue Property="Value" Path="PurchasingGroup"/><Annotation Term="UI.Importance" EnumMember="UI.ImportanceType/High"/></Record>
							</Collection>
						</PropertyValue>
					</Record>
				</Annotation>
				<Annotation Term="UI.FieldGroup" Qualifier="MilestonePlanGroup02">
					<Record>
						<PropertyValue Property="Data">
							<Collection>
								<Record Type="UI.DataField"><PropertyValue Property="Label" String="Template"/><PropertyValue Property="Value" Path="MilestoneTemplateID"/><Annotation Term="UI.Importance" EnumMember="UI.ImportanceType/High"/></Record>
								<Record Type="UI.DataField"><PropertyValue Property="Label" String="Template Name"/><PropertyValue Property="Value" Path="MilestoneTemplateDescription"/><Annotation Term="UI.Importance" EnumMember="UI.ImportanceType/High"/></Record>
								<Record Type="UI.DataField"><PropertyValue Property="Label" String="Responsible"/><PropertyValue Property="Value" Path="PersonResponsible"/><Annotation Term="UI.Importance" EnumMember="UI.ImportanceType/High"/></Record>
							</Collection>
						</PropertyValue>
					</Record>
				</Annotation>
				<Annotation Term="UI.FieldGroup" Qualifier="MilestonePlanGroup03">
					<Record>
						<PropertyValue Property="Data">
							<Collection>
								<Record Type="UI.DataField"><PropertyValue Property="Label" String="Start Date"/><PropertyValue Property="Value" Path="MilestonePlanStartDate"/><Annotation Term="UI.Importance" EnumMember="UI.ImportanceType/High"/></Record>
								<Record Type="UI.DataField"><PropertyValue Property="Label" String="End Date"/><PropertyValue Property="Value" Path="MilestonePlanEndDate"/><Annotation Term="UI.Importance" EnumMember="UI.ImportanceType/High"/></Record>
								<Record Type="UI.DataField"><PropertyValue Property="Label" String="Factory Calendar"/><PropertyValue Property="Value" Path="FactoryCalendar"/><Annotation Term="UI.Importance" EnumMember="UI.ImportanceType/High"/></Record>
							</Collection>
						</PropertyValue>
					</Record>
				</Annotation>
				<Annotation Term="UI.FieldGroup" Qualifier="MilestonePlanGroup04">
					<Record>
						<PropertyValue Property="Data">
							<Collection>
								<Record Type="UI.DataField"><PropertyValue Property="Label" String="Created on"/><PropertyValue Property="Value" Path="CreationDate"/><Annotation Term="UI.Importance" EnumMember="UI.ImportanceType/High"/></Record>
								<Record Type="UI.DataField"><PropertyValue Property="Label" String="Created by"/><PropertyValue Property="Value" Path="CreatedByUser"/><Annotation Term="UI.Importance" EnumMember="UI.ImportanceType/High"/></Record>
								<Record Type="UI.DataField"><PropertyValue Property="Criticality" Path="Criticality"/><PropertyValue Property="CriticalityRepresentation" EnumMember="UI.CriticalityRepresentationType/WithoutIcon"/><PropertyValue Property="Value" Path="MilestonePlanStatus"/><Annotation Term="UI.Importance" EnumMember="UI.ImportanceType/High"/></Record>
							</Collection>
						</PropertyValue>
					</Record>
				</Annotation>
				<Annotation Term="UI.FieldGroup" Qualifier="MilestonePlanGroupText">
					<Record>
						<PropertyValue Property="Data">
							<Collection>
								<Record Type="UI.DataField"><PropertyValue Property="Value" Path="MilestonePlanText"/><Annotation Term="UI.Importance" EnumMember="UI.ImportanceType/High"/></Record>
							</Collection>
						</PropertyValue>
					</Record>
				</Annotation>
				<Annotation Term="UI.FieldGroup" Qualifier="MilestonePlanHeaderGroup01">
					<Record>
						<PropertyValue Property="Data">
							<Collection>
								<Record Type="UI.DataField"><PropertyValue Property="Label" String="Name"/><PropertyValue Property="Value" Path="MilestonePlanName"/><Annotation Term="UI.Importance" EnumMember="UI.ImportanceType/High"/></Record>
								<Record Type="UI.DataField"><PropertyValue Property="Label" String="Type"/><PropertyValue Property="Value" Path="MilestoneTemplateType"/><Annotation Term="UI.Importance" EnumMember="UI.ImportanceType/High"/></Record>
								<Record Type="UI.DataField"><PropertyValue Property="Label" String="Purchasing Group"/><PropertyValue Property="Value" Path="PurchasingGroup"/><Annotation Term="UI.Importance" EnumMember="UI.ImportanceType/High"/></Record>
							</Collection>
						</PropertyValue>
					</Record>
				</Annotation>
				<Annotation Term="UI.FieldGroup" Qualifier="MilestonePlanHeaderGroup02">
					<Record>
						<PropertyValue Property="Data">
							<Collection>
								<Record Type="UI.DataField"><PropertyValue Property="Label" String="Milestone Template"/><PropertyValue Property="Value" Path="MilestoneTemplateID"/><Annotation Term="UI.Importance" EnumMember="UI.ImportanceType/High"/></Record>
								<Record Type="UI.DataField"><PropertyValue Property="Label" String="Template Name"/><PropertyValue Property="Value" Path="MilestoneTemplateDescription"/><Annotation Term="UI.Importance" EnumMember="UI.ImportanceType/High"/></Record>
								<Record Type="UI.DataField"><PropertyValue Property="Label" String="Responsible"/><PropertyValue Property="Value" Path="PersonResponsible"/><Annotation Term="UI.Importance" EnumMember="UI.ImportanceType/High"/></Record>
							</Collection>
						</PropertyValue>
					</Record>
				</Annotation>
				<Annotation Term="UI.FieldGroup" Qualifier="MilestonePlanHeaderGroup03">
					<Record>
						<PropertyValue Property="Data">
							<Collection>
								<Record Type="UI.DataField"><PropertyValue Property="Label" String="Created on"/><PropertyValue Property="Value" Path="CreationDate"/><Annotation Term="UI.Importance" EnumMember="UI.ImportanceType/High"/></Record>
								<Record Type="UI.DataField"><PropertyValue Property="Label" String="Created by"/><PropertyValue Property="Value" Path="CreatedByUser"/><Annotation Term="UI.Importance" EnumMember="UI.ImportanceType/High"/></Record>
								<Record Type="UI.DataField"><PropertyValue Property="Label" String="Factory Calendar"/><PropertyValue Property="Value" Path="FactoryCalendar"/><Annotation Term="UI.Importance" EnumMember="UI.ImportanceType/High"/></Record>
							</Collection>
						</PropertyValue>
					</Record>
				</Annotation>
				<Annotation Term="UI.FieldGroup" Qualifier="MilestonePlanHeaderGroup04">
					<Record>
						<PropertyValue Property="Data">
							<Collection>
								<Record Type="UI.DataField"><PropertyValue Property="Label" String="Start Date"/><PropertyValue Property="Value" Path="MilestonePlanStartDate"/><Annotation Term="UI.Importance" EnumMember="UI.ImportanceType/High"/></Record>
								<Record Type="UI.DataField"><PropertyValue Property="Label" String="End Date"/><PropertyValue Property="Value" Path="MilestonePlanEndDate"/><Annotation Term="UI.Importance" EnumMember="UI.ImportanceType/High"/></Record>
							</Collection>
						</PropertyValue>
					</Record>
				</Annotation>
				<Annotation Term="UI.HeaderInfo">
					<Record><PropertyValue Property="TypeName" String="Milestone Plan"/><PropertyValue Property="TypeNamePlural" String="Milestone Plans"/>
						<PropertyValue Property="Title">
							<Record Type="UI.DataField"><PropertyValue Property="Value" Path="MilestonePlanID"/></Record>
						</PropertyValue>
						<PropertyValue Property="Description">
							<Record Type="UI.DataField"><PropertyValue Property="Value" Path="MilestonePlanName"/></Record>
						</PropertyValue>
					</Record>
				</Annotation>
				<Annotation Term="UI.Identification">
					<Collection>
						<Record Type="UI.DataField"><PropertyValue Property="Value" Path="MilestonePlanID"/><Annotation Term="UI.Importance" EnumMember="UI.ImportanceType/High"/></Record>
						<Record Type="UI.DataFieldForAction"><PropertyValue Property="Label" String="Copy"/><PropertyValue Property="Action" String="cds_ui_pps_milestone_plan.cds_ui_pps_milestone_plan_Entities/CopyMilestonePlan"/><PropertyValue Property="InvocationGrouping" EnumMember="UI.OperationGroupingType/Isolated"/></Record>
					</Collection>
				</Annotation>
				<Annotation Term="UI.LineItem">
					<Collection>
						<Record Type="UI.DataField"><PropertyValue Property="Label" String="Milestone Plan #"/><PropertyValue Property="Value" Path="MilestonePlanID"/><Annotation Term="UI.Importance" EnumMember="UI.ImportanceType/High"/></Record>
						<Record Type="UI.DataField"><PropertyValue Property="Label" String="Name"/><PropertyValue Property="Value" Path="MilestonePlanName"/><Annotation Term="UI.Importance" EnumMember="UI.ImportanceType/High"/></Record>
						<Record Type="UI.DataField"><PropertyValue Property="Label" String="Plan Type"/><PropertyValue Property="Value" Path="MilestoneTemplateType"/><Annotation Term="UI.Importance" EnumMember="UI.ImportanceType/High"/></Record>
						<Record Type="UI.DataFieldForAnnotation"><PropertyValue Property="Label" String="Template"/><PropertyValue Property="Target" AnnotationPath="@UI.FieldGroup#FieldGroup1"/></Record>
						<Record Type="UI.DataField"><PropertyValue Property="Label" String="Start Date"/><PropertyValue Property="Value" Path="MilestonePlanStartDate"/><Annotation Term="UI.Importance" EnumMember="UI.ImportanceType/High"/></Record>
						<Record Type="UI.DataField"><PropertyValue Property="Label" String="End Date"/><PropertyValue Property="Value" Path="MilestonePlanEndDate"/><Annotation Term="UI.Importance" EnumMember="UI.ImportanceType/High"/></Record>
						<Record Type="UI.DataField"><PropertyValue Property="Label" String="Created by"/><PropertyValue Property="Value" Path="CreatedByUser"/><Annotation Term="UI.Importance" EnumMember="UI.ImportanceType/High"/></Record>
						<Record Type="UI.DataField"><PropertyValue Property="Criticality" Path="Criticality"/><PropertyValue Property="CriticalityRepresentation" EnumMember="UI.CriticalityRepresentationType/WithoutIcon"/><PropertyValue Property="Value" Path="MilestonePlanStatus"/><Annotation Term="UI.Importance" EnumMember="UI.ImportanceType/High"/></Record>
						<Record Type="UI.DataFieldForAction"><PropertyValue Property="Label" String="Copy"/><PropertyValue Property="Action" String="cds_ui_pps_milestone_plan.cds_ui_pps_milestone_plan_Entities/CopyMilestonePlan"/><PropertyValue Property="InvocationGrouping" EnumMember="UI.OperationGroupingType/Isolated"/></Record>
					</Collection>
				</Annotation>
				<Annotation Term="UI.PresentationVariant">
					<Record>
						<PropertyValue Property="SortOrder">
							<Collection>
								<Record Type="Common.SortOrderType"><PropertyValue Property="Property" PropertyPath="MilestonePlanID"/><PropertyValue Property="Descending" Bool="true"/></Record>
							</Collection>
						</PropertyValue>
						<PropertyValue Property="Visualizations">
							<Collection>
								<AnnotationPath>@UI.LineItem</AnnotationPath>
							</Collection>
						</PropertyValue>
					</Record>
				</Annotation>
				<Annotation Term="UI.SelectionFields">
					<Collection>
						<PropertyPath>MilestonePlanStartDate</PropertyPath>
						<PropertyPath>MilestonePlanEndDate</PropertyPath>
						<PropertyPath>CreatedByUser</PropertyPath>
						<PropertyPath>MilestonePlanStatus</PropertyPath>
					</Collection>
				</Annotation>
			</Annotations>
			<Annotations Target="cds_ui_pps_milestone_plan.MilestonePlanEventType/HasDraftEntity"><Annotation Term="UI.HiddenFilter"/><Annotation Term="UI.Hidden"/></Annotations>
			<Annotations Target="cds_ui_pps_milestone_plan.MilestonePlanEventType/DraftEntityCreationDateTime"><Annotation Term="UI.HiddenFilter"/><Annotation Term="UI.Hidden"/></Annotations>
			<Annotations Target="cds_ui_pps_milestone_plan.MilestonePlanEventType/DraftEntityLastChangeDateTime"><Annotation Term="UI.HiddenFilter"/><Annotation Term="UI.Hidden"/></Annotations>
			<Annotations Target="cds_ui_pps_milestone_plan.MilestonePlanEventType/HasActiveEntity"><Annotation Term="UI.HiddenFilter"/><Annotation Term="UI.Hidden"/></Annotations>
			<Annotations Target="cds_ui_pps_milestone_plan.MilestonePlanEventType/IsActiveEntity"><Annotation Term="UI.HiddenFilter"/><Annotation Term="UI.Hidden"/></Annotations>
			<Annotations Target="cds_ui_pps_milestone_plan.MilestonePlanEventType/MilestonePlanEventUUID"><Annotation Term="UI.Hidden"/></Annotations>
			<Annotations Target="cds_ui_pps_milestone_plan.MilestonePlanEventType/MilestonePlanUUID"><Annotation Term="UI.Hidden"/></Annotations>
			<Annotations Target="cds_ui_pps_milestone_plan.MilestonePlanEventType/CopyMilestoneEvent_ac"><Annotation Term="UI.Hidden"/></Annotations>
			<Annotations Target="cds_ui_pps_milestone_plan.MilestonePlanEventType/LoadMilestoneEventFromTemplate_ac"><Annotation Term="UI.Hidden"/></Annotations>
			<Annotations Target="cds_ui_pps_milestone_plan.MilestonePlanEventType/Delete_mc"><Annotation Term="UI.Hidden"/></Annotations>
			<Annotations Target="cds_ui_pps_milestone_plan.MilestonePlanEventType/Update_mc"><Annotation Term="UI.Hidden"/></Annotations>
			<Annotations Target="cds_ui_pps_milestone_plan.MilestonePlanEventType">
				<Annotation Term="UI.Facets">
					<Collection>
						<Record Type="UI.ReferenceFacet"><PropertyValue Property="ID" String="MilestonePlanEvent"/><PropertyValue Property="Target" AnnotationPath="@UI.Identification"/></Record>
					</Collection>
				</Annotation>
				<Annotation Term="UI.HeaderInfo">
					<Record><PropertyValue Property="TypeName" String="Milestone Event"/><PropertyValue Property="TypeNamePlural" String="Milestone Events"/>
						<PropertyValue Property="Title">
							<Record Type="UI.DataField"><PropertyValue Property="Value" Path="MilestonePlanEventID"/></Record>
						</PropertyValue>
					</Record>
				</Annotation>
				<Annotation Term="UI.Identification">
					<Collection>
						<Record Type="UI.DataField"><PropertyValue Property="Value" Path="MilestonePlanItemNumber"/></Record>
						<Record Type="UI.DataField"><PropertyValue Property="Value" Path="MilestonePlanEventName"/></Record>
						<Record Type="UI.DataField"><PropertyValue Property="Value" Path="MilestonePlanEventID"/></Record>
						<Record Type="UI.DataField"><PropertyValue Property="Value" Path="MilestonePlanEventParentEvtID"/></Record>
						<Record Type="UI.DataField"><PropertyValue Property="Value" Path="MilestonePlanEventDuration"/></Record>
						<Record Type="UI.DataField"><PropertyValue Property="Value" Path="MilestonePlanEventStartDate"/></Record>
						<Record Type="UI.DataField"><PropertyValue Property="Value" Path="MilestonePlanEventActualDate"/></Record>
						<Record Type="UI.DataField"><PropertyValue Property="Value" Path="MilestonePlanEventRevisedDate"/></Record>
						<Record Type="UI.DataField"><PropertyValue Property="Value" Path="MilestonePlanEventAlertCndn"/></Record>
						<Record Type="UI.DataField"><PropertyValue Property="Value" Path="MilestonePlanEvtIsEvtRequired"/></Record>
						<Record Type="UI.DataField"><PropertyValue Property="Value" Path="MilestonePlanEventEndDate"/></Record>
						<Record Type="UI.DataFieldForAction"><PropertyValue Property="Label" String="Copy"/><PropertyValue Property="Action" String="cds_ui_pps_milestone_plan.cds_ui_pps_milestone_plan_Entities/CopyMilestoneEvent"/><PropertyValue Property="InvocationGrouping" EnumMember="UI.OperationGroupingType/Isolated"/></Record>
					</Collection>
				</Annotation>
				<Annotation Term="UI.LineItem">
					<Collection>
						<Record Type="UI.DataField"><PropertyValue Property="Value" Path="MilestonePlanEventUUID"/><Annotation Term="UI.Importance" EnumMember="UI.ImportanceType/High"/></Record>
						<Record Type="UI.DataField"><PropertyValue Property="Value" Path="MilestonePlanItemNumber"/><Annotation Term="UI.Importance" EnumMember="UI.ImportanceType/High"/></Record>
						<Record Type="UI.DataField"><PropertyValue Property="Value" Path="MilestonePlanEventName"/><Annotation Term="UI.Importance" EnumMember="UI.ImportanceType/High"/></Record>
						<Record Type="UI.DataField"><PropertyValue Property="Value" Path="MilestonePlanEventID"/><Annotation Term="UI.Importance" EnumMember="UI.ImportanceType/High"/></Record>
						<Record Type="UI.DataField"><PropertyValue Property="Value" Path="MilestonePlanEventParentEvtID"/><Annotation Term="UI.Importance" EnumMember="UI.ImportanceType/High"/></Record>
						<Record Type="UI.DataField"><PropertyValue Property="Value" Path="MilestonePlanEventDuration"/><Annotation Term="UI.Importance" EnumMember="UI.ImportanceType/High"/></Record>
						<Record Type="UI.DataField"><PropertyValue Property="Value" Path="MilestonePlanEventStartDate"/><Annotation Term="UI.Importance" EnumMember="UI.ImportanceType/High"/></Record>
						<Record Type="UI.DataField"><PropertyValue Property="Value" Path="MilestonePlanEventActualDate"/><Annotation Term="UI.Importance" EnumMember="UI.ImportanceType/High"/></Record>
						<Record Type="UI.DataField"><PropertyValue Property="Value" Path="MilestonePlanEventRevisedDate"/><Annotation Term="UI.Importance" EnumMember="UI.ImportanceType/High"/></Record>
						<Record Type="UI.DataField"><PropertyValue Property="Value" Path="MilestonePlanEventAlertCndn"/><Annotation Term="UI.Importance" EnumMember="UI.ImportanceType/High"/></Record>
						<Record Type="UI.DataField"><PropertyValue Property="Value" Path="MilestonePlanEvtIsEvtRequired"/><Annotation Term="UI.Importance" EnumMember="UI.ImportanceType/High"/></Record>
						<Record Type="UI.DataField"><PropertyValue Property="Value" Path="MilestonePlanEventStatus"/></Record>
						<Record Type="UI.DataField"><PropertyValue Property="Value" Path="MilestonePlanEventEndDate"/><Annotation Term="UI.Importance" EnumMember="UI.ImportanceType/High"/></Record>
						<Record Type="UI.DataFieldForAction"><PropertyValue Property="Label" String="Copy"/><PropertyValue Property="Action" String="cds_ui_pps_milestone_plan.cds_ui_pps_milestone_plan_Entities/CopyMilestoneEvent"/><PropertyValue Property="InvocationGrouping" EnumMember="UI.OperationGroupingType/ChangeSet"/></Record>
						<Record Type="UI.DataFieldForAction"><PropertyValue Property="Label" String="Load Template"/><PropertyValue Property="Action" String="cds_ui_pps_milestone_plan.cds_ui_pps_milestone_plan_Entities/LoadMilestoneEventFromTemplate"/><PropertyValue Property="InvocationGrouping" EnumMember="UI.OperationGroupingType/Isolated"/></Record>
					</Collection>
				</Annotation>
			</Annotations>
			<Annotations Target="cds_ui_pps_milestone_plan.C_PPS_MilestoneTemplateVHType/MilestoneTemplateUUID"><Annotation Term="UI.Hidden"/></Annotations>
			<Annotations Target="cds_ui_pps_milestone_plan.C_PPS_MilestoneTemplateVHType">
				<Annotation Term="UI.HeaderInfo">
					<Record><PropertyValue Property="TypeName" String="Milestone Template"/><PropertyValue Property="TypeNamePlural" String="Milestone Templates"/>
						<PropertyValue Property="Title">
							<Record Type="UI.DataField"><PropertyValue Property="Value" Path="MilestoneTemplate"/></Record>
						</PropertyValue>
					</Record>
				</Annotation>
				<Annotation Term="UI.Identification">
					<Collection>
						<Record Type="UI.DataField"><PropertyValue Property="Value" Path="MilestoneTemplateStatus"/></Record>
						<Record Type="UI.DataField"><PropertyValue Property="Value" Path="Createdby"/></Record>
						<Record Type="UI.DataField"><PropertyValue Property="Value" Path="createdat"/></Record>
						<Record Type="UI.DataField"><PropertyValue Property="Value" Path="MilestoneTemplateType"/></Record>
						<Record Type="UI.DataField"><PropertyValue Property="Value" Path="MilestoneTemplateDesc"/></Record>
						<Record Type="UI.DataField"><PropertyValue Property="Value" Path="MilestoneTemplate"/></Record>
					</Collection>
				</Annotation>
				<Annotation Term="UI.LineItem">
					<Collection>
						<Record Type="UI.DataField"><PropertyValue Property="Value" Path="MilestoneTemplate"/><Annotation Term="UI.Importance" EnumMember="UI.ImportanceType/High"/></Record>
						<Record Type="UI.DataField"><PropertyValue Property="Value" Path="MilestoneTemplateDesc"/><Annotation Term="UI.Importance" EnumMember="UI.ImportanceType/High"/></Record>
						<Record Type="UI.DataField"><PropertyValue Property="Value" Path="MilestoneTemplateType"/><Annotation Term="UI.Importance" EnumMember="UI.ImportanceType/High"/></Record>
						<Record Type="UI.DataField"><PropertyValue Property="Value" Path="createdat"/><Annotation Term="UI.Importance" EnumMember="UI.ImportanceType/High"/></Record>
						<Record Type="UI.DataField"><PropertyValue Property="Value" Path="Createdby"/><Annotation Term="UI.Importance" EnumMember="UI.ImportanceType/High"/></Record>
						<Record Type="UI.DataField"><PropertyValue Property="Value" Path="MilestoneTemplateStatus"/><Annotation Term="UI.Importance" EnumMember="UI.ImportanceType/High"/></Record>
					</Collection>
				</Annotation>
			</Annotations>
			<Annotations Target="cds_ui_pps_milestone_plan.I_DraftAdministrativeDataType/DraftUUID"><Annotation Term="UI.Hidden"/></Annotations>
			<Annotations Target="cds_ui_pps_milestone_plan.I_DraftAdministrativeDataType/DraftEntityType"><Annotation Term="UI.Hidden"/></Annotations>
			<Annotations Target="cds_ui_pps_milestone_plan.I_DraftAdministrativeDataType/DraftAccessType"><Annotation Term="UI.Hidden"/></Annotations>
			<Annotations Target="cds_ui_pps_milestone_plan.I_DraftAdministrativeDataType/ProcessingStartDateTime"><Annotation Term="UI.Hidden"/></Annotations>
			<Annotations Target="cds_ui_pps_milestone_plan.I_DraftAdministrativeDataType/DraftIsKeptByUser"><Annotation Term="UI.Hidden"/></Annotations>
			<Annotations Target="cds_ui_pps_milestone_plan.I_DraftAdministrativeDataType/EnqueueStartDateTime"><Annotation Term="UI.Hidden"/></Annotations>
			<Annotations Target="cds_ui_pps_milestone_plan.I_DraftAdministrativeDataType/DraftIsCreatedByMe"><Annotation Term="UI.Hidden"/></Annotations>
			<Annotations Target="cds_ui_pps_milestone_plan.I_DraftAdministrativeDataType/DraftIsLastChangedByMe"><Annotation Term="UI.Hidden"/></Annotations>
			<Annotations Target="cds_ui_pps_milestone_plan.I_DraftAdministrativeDataType/DraftIsProcessedByMe"><Annotation Term="UI.Hidden"/></Annotations>
			<Annotations Target="cds_ui_pps_milestone_plan.I_DraftAdministrativeDataType/CreatedByUserDescription"><Annotation Term="UI.Hidden"/></Annotations>
			<Annotations Target="cds_ui_pps_milestone_plan.I_DraftAdministrativeDataType/LastChangedByUserDescription"><Annotation Term="UI.Hidden"/></Annotations>
			<Annotations Target="cds_ui_pps_milestone_plan.I_DraftAdministrativeDataType/InProcessByUserDescription"><Annotation Term="UI.Hidden"/></Annotations>
		</Schema>
	</edmx:DataServices>
</edmx:Edmx>