<edmx:Edmx xmlns:edmx="http://schemas.microsoft.com/ado/2007/06/edmx"
	xmlns:m="http://schemas.microsoft.com/ado/2007/08/dataservices/metadata" xmlns:sap="http://www.sap.com/Protocols/SAPData" Version="1.0">
	<edmx:DataServices m:DataServiceVersion="2.0">
		<Schema xmlns="http://schemas.microsoft.com/ado/2008/09/edm" Namespace="YMM_2ND_APPROVER_SRV" xml:lang="en" sap:schema-version="1">
			<EntityType Name="ymm_header" sap:content-version="1">
				<Key><PropertyRef Name="banfn"/></Key><Property Name="banfn" Type="Edm.String" Nullable="false" sap:unicode="false" sap:creatable="false" sap:updatable="false"
					sap:sortable="false" sap:filterable="false"/><Property Name="Bsart" Type="Edm.String" Nullable="false" sap:unicode="false" sap:creatable="false" sap:updatable="false"
					sap:sortable="false" sap:filterable="false"/><NavigationProperty Name="ymm_2nd_approverSet" Relationship="YMM_2ND_APPROVER_SRV.ymm_fiori_appr2_assoc"
					FromRole="FromRole_ymm_fiori_appr2_assoc" ToRole="ToRole_ymm_fiori_appr2_assoc"/></EntityType>
			<EntityType Name="ymm_2nd_approver" sap:content-version="1">
				<Key><PropertyRef Name="PRnumber"/></Key><Property Name="PRnumber" Type="Edm.String" Nullable="false" MaxLength="10" sap:unicode="false" sap:label="Purchase Req."
					sap:creatable="false" sap:updatable="false" sap:sortable="false" sap:filterable="false"/><Property Name="Item_No" Type="Edm.String" Nullable="false" MaxLength="5" sap:unicode="false" sap:label="Requisn. item"
					sap:creatable="false" sap:updatable="false" sap:sortable="false" sap:filterable="false"/><Property Name="Desc_of_Item" Type="Edm.String" Nullable="false" MaxLength="40" sap:unicode="false" sap:label="Short Text"
					sap:creatable="false" sap:updatable="false" sap:sortable="false" sap:filterable="false"/><Property Name="Material_grp" Type="Edm.String" Nullable="false" MaxLength="9" sap:unicode="false" sap:label="Material Group"
					sap:creatable="false" sap:updatable="false" sap:sortable="false" sap:filterable="false"/><Property Name="Quantity" Type="Edm.Decimal" Nullable="false" Precision="13" Scale="3" sap:unicode="false" sap:label="Quantity"
					sap:creatable="false" sap:updatable="false" sap:sortable="false" sap:filterable="false"/><Property Name="Net_Price" Type="Edm.Decimal" Nullable="false" Precision="28" Scale="9" sap:unicode="false" sap:label="Currency amount"
					sap:creatable="false" sap:updatable="false" sap:sortable="false" sap:filterable="false"/><Property Name="Currency" Type="Edm.String" Nullable="false" MaxLength="5" sap:unicode="false" sap:label="Currency" sap:creatable="false"
					sap:updatable="false" sap:sortable="false" sap:filterable="false" sap:semantics="currency-code"/><Property Name="Net_value" Type="Edm.Decimal" Nullable="false" Precision="28" Scale="9" sap:unicode="false" sap:label="Currency amount"
					sap:creatable="false" sap:updatable="false" sap:sortable="false" sap:filterable="false"/><Property Name="Plant" Type="Edm.String" Nullable="false" MaxLength="4" sap:unicode="false" sap:label="Plant" sap:creatable="false"
					sap:updatable="false" sap:sortable="false" sap:filterable="false"/><Property Name="BU_Name" Type="Edm.String" Nullable="false" MaxLength="20" sap:unicode="false" sap:label="Business Unit Descri"
					sap:creatable="false" sap:updatable="false" sap:sortable="false" sap:filterable="false"/><Property Name="Created_by" Type="Edm.String" Nullable="false" MaxLength="12" sap:unicode="false" sap:label="Created By"
					sap:creatable="false" sap:updatable="false" sap:sortable="false" sap:filterable="false"/><Property Name="Reviewed_by" Type="Edm.String" Nullable="false" MaxLength="12" sap:unicode="false" sap:label="User Name"
					sap:creatable="false" sap:updatable="false" sap:sortable="false" sap:filterable="false"/><Property Name="Reviewed_Date" Type="Edm.DateTime" Precision="7" sap:unicode="false" sap:label="Current Date" sap:creatable="false"
					sap:updatable="false" sap:sortable="false" sap:filterable="false"/><Property Name="Approve" Type="Edm.String" Nullable="false" MaxLength="1" sap:unicode="false" sap:label="Single-Character Flag"
					sap:creatable="false" sap:updatable="false" sap:sortable="false" sap:filterable="false"/><Property Name="Comments" Type="Edm.String" Nullable="false" MaxLength="140" sap:unicode="false" sap:label="CHAR140" sap:creatable="false"
					sap:updatable="false" sap:sortable="false" sap:filterable="false"/><Property Name="REQ_CATEGORY" Type="Edm.String" Nullable="false" MaxLength="30" sap:unicode="false" sap:label="30 Characters"
					sap:creatable="false" sap:updatable="false" sap:sortable="false" sap:filterable="false"/></EntityType>
			<EntityType Name="ymm_2nd_approver_details" sap:content-version="1">
				<Key><PropertyRef Name="afnam"/></Key><Property Name="afnam" Type="Edm.String" Nullable="false" sap:unicode="false" sap:creatable="false" sap:updatable="false"
					sap:sortable="false" sap:filterable="false"/><Property Name="app_name" Type="Edm.String" Nullable="false" sap:unicode="false" sap:creatable="false" sap:updatable="false"
					sap:sortable="false" sap:filterable="false"/></EntityType>
			<Association Name="ymm_fiori_appr2_assoc" sap:content-version="1"><End Type="YMM_2ND_APPROVER_SRV.ymm_header" Multiplicity="1" Role="FromRole_ymm_fiori_appr2_assoc"/><End Type="YMM_2ND_APPROVER_SRV.ymm_2nd_approver" Multiplicity="*" Role="ToRole_ymm_fiori_appr2_assoc"/>
				<ReferentialConstraint>
					<Principal Role="FromRole_ymm_fiori_appr2_assoc"><PropertyRef Name="banfn"/></Principal>
					<Dependent Role="ToRole_ymm_fiori_appr2_assoc"><PropertyRef Name="PRnumber"/></Dependent>
				</ReferentialConstraint>
			</Association>
			<EntityContainer Name="YMM_2ND_APPROVER_SRV_Entities" m:IsDefaultEntityContainer="true" sap:supported-formats="atom json xlsx"><EntitySet Name="ymm_headerSet" EntityType="YMM_2ND_APPROVER_SRV.ymm_header" sap:creatable="false" sap:updatable="false"
				sap:deletable="false" sap:pageable="false" sap:addressable="false" sap:content-version="1"/><EntitySet Name="ymm_2nd_approverSet" EntityType="YMM_2ND_APPROVER_SRV.ymm_2nd_approver" sap:creatable="false" sap:updatable="false"
				sap:deletable="false" sap:pageable="false" sap:addressable="false" sap:content-version="1"/><EntitySet Name="ymm_2nd_approver_detailsSet" EntityType="YMM_2ND_APPROVER_SRV.ymm_2nd_approver_details" sap:creatable="false"
				sap:updatable="false" sap:deletable="false" sap:pageable="false" sap:addressable="false" sap:content-version="1"/>
				<AssociationSet Name="ymm_fiori_appr2_assocSet" Association="YMM_2ND_APPROVER_SRV.ymm_fiori_appr2_assoc" sap:creatable="false"
					sap:updatable="false" sap:deletable="false" sap:content-version="1"><End EntitySet="ymm_headerSet" Role="FromRole_ymm_fiori_appr2_assoc"/><End EntitySet="ymm_2nd_approverSet" Role="ToRole_ymm_fiori_appr2_assoc"/></AssociationSet>
			</EntityContainer><atom:link xmlns:atom="http://www.w3.org/2005/Atom" rel="self" href="./sap/YMM_2ND_APPROVER_SRV/$metadata"/><atom:link xmlns:atom="http://www.w3.org/2005/Atom" rel="latest-version" href="./sap/YMM_2ND_APPROVER_SRV/$metadata"/></Schema>
	</edmx:DataServices>
</edmx:Edmx>