<edmx:Edmx xmlns:edmx="http://schemas.microsoft.com/ado/2007/06/edmx"
	xmlns:m="http://schemas.microsoft.com/ado/2007/08/dataservices/metadata" xmlns:sap="http://www.sap.com/Protocols/SAPData" Version="1.0">
	<edmx:DataServices m:DataServiceVersion="2.0">
		<Schema xmlns="http://schemas.microsoft.com/ado/2008/09/edm" Namespace="YMM_2ND_APPROVER_SRV" xml:lang="en" sap:schema-version="1">
			<EntityType Name="ymm_header" sap:content-version="1">
				<Key><PropertyRef Name="banfn"/></Key><Property Name="banfn" Type="Edm.String" Nullable="false" sap:unicode="false" sap:creatable="false" sap:updatable="false"
					sap:sortable="false" sap:filterable="false"/><Property Name="Bsart" Type="Edm.String" Nullable="false" sap:unicode="false" sap:creatable="false" sap:updatable="false"
					sap:sortable="false" sap:filterable="false"/><NavigationProperty Name="ymm_2nd_approverSet" Relationship="YMM_2ND_APPROVER_SRV.ymm_fiori_appr2_assoc"
					FromRole="FromRole_ymm_fiori_appr2_assoc" ToRole="ToRole_ymm_fiori_appr2_assoc"/></EntityType>
			<EntityType Name="ymm_2nd_approver" sap:content-version="1">
				<Key><PropertyRef Name="PRnumber"/></Key><Property Name="PRnumber" Type="Edm.String" Nullable="false" sap:unicode="false" sap:creatable="false" sap:updatable="false"
					sap:sortable="false" sap:filterable="false"/><Property Name="Item_No" Type="Edm.String" Nullable="false" sap:unicode="false" sap:creatable="false" sap:updatable="false"
					sap:sortable="false" sap:filterable="false"/><Property Name="Desc_of_Item" Type="Edm.String" Nullable="false" sap:unicode="false" sap:creatable="false" sap:updatable="false"
					sap:sortable="false" sap:filterable="false"/><Property Name="Material_grp" Type="Edm.String" Nullable="false" sap:unicode="false" sap:creatable="false" sap:updatable="false"
					sap:sortable="false" sap:filterable="false"/><Property Name="Quantity" Type="Edm.Decimal" Nullable="false" Precision="13" Scale="3" sap:unicode="false" sap:creatable="false"
					sap:updatable="false" sap:sortable="false" sap:filterable="false"/><Property Name="Net_Price" Type="Edm.Decimal" Nullable="false" Precision="28" Scale="9" sap:unicode="false" sap:creatable="false"
					sap:updatable="false" sap:sortable="false" sap:filterable="false"/><Property Name="Currency" Type="Edm.String" Nullable="false" sap:unicode="false" sap:creatable="false" sap:updatable="false"
					sap:sortable="false" sap:filterable="false"/><Property Name="Net_value" Type="Edm.Decimal" Nullable="false" Precision="28" Scale="9" sap:unicode="false" sap:creatable="false"
					sap:updatable="false" sap:sortable="false" sap:filterable="false"/><Property Name="Plant" Type="Edm.String" Nullable="false" sap:unicode="false" sap:creatable="false" sap:updatable="false"
					sap:sortable="false" sap:filterable="false"/><Property Name="BU_Name" Type="Edm.String" Nullable="false" sap:unicode="false" sap:creatable="false" sap:updatable="false"
					sap:sortable="false" sap:filterable="false"/><Property Name="Created_by" Type="Edm.String" Nullable="false" sap:unicode="false" sap:creatable="false" sap:updatable="false"
					sap:sortable="false" sap:filterable="false"/><Property Name="Reviewed_by" Type="Edm.String" Nullable="false" sap:unicode="false" sap:creatable="false" sap:updatable="false"
					sap:sortable="false" sap:filterable="false"/><Property Name="Reviewed_Date" Type="Edm.DateTime" Precision="0" sap:unicode="false" sap:label="Time Stamp" sap:creatable="false"
					sap:updatable="false" sap:sortable="false" sap:filterable="false"/><Property Name="Approve" Type="Edm.String" Nullable="false" sap:unicode="false" sap:creatable="false" sap:updatable="false"
					sap:sortable="false" sap:filterable="false"/><Property Name="Comments" Type="Edm.String" Nullable="false" sap:unicode="false" sap:creatable="false" sap:updatable="false"
					sap:sortable="false" sap:filterable="false"/></EntityType>
			<Association Name="ymm_fiori_appr2_assoc" sap:content-version="1"><End Type="YMM_2ND_APPROVER_SRV.ymm_header" Multiplicity="1" Role="FromRole_ymm_fiori_appr2_assoc"/><End Type="YMM_2ND_APPROVER_SRV.ymm_2nd_approver" Multiplicity="*" Role="ToRole_ymm_fiori_appr2_assoc"/>
				<ReferentialConstraint>
					<Principal Role="FromRole_ymm_fiori_appr2_assoc"><PropertyRef Name="banfn"/></Principal>
					<Dependent Role="ToRole_ymm_fiori_appr2_assoc"><PropertyRef Name="PRnumber"/></Dependent>
				</ReferentialConstraint>
			</Association>
			<EntityContainer Name="YMM_2ND_APPROVER_SRV_Entities" m:IsDefaultEntityContainer="true" sap:supported-formats="atom json xlsx"><EntitySet Name="ymm_headerSet" EntityType="YMM_2ND_APPROVER_SRV.ymm_header" sap:creatable="false" sap:updatable="false"
				sap:deletable="false" sap:pageable="false" sap:addressable="false" sap:content-version="1"/><EntitySet Name="ymm_2nd_approverSet" EntityType="YMM_2ND_APPROVER_SRV.ymm_2nd_approver" sap:creatable="false" sap:updatable="false"
				sap:deletable="false" sap:pageable="false" sap:addressable="false" sap:content-version="1"/>
				<AssociationSet Name="ymm_fiori_appr2_assocSet" Association="YMM_2ND_APPROVER_SRV.ymm_fiori_appr2_assoc" sap:creatable="false"
					sap:updatable="false" sap:deletable="false" sap:content-version="1"><End EntitySet="ymm_headerSet" Role="FromRole_ymm_fiori_appr2_assoc"/><End EntitySet="ymm_2nd_approverSet" Role="ToRole_ymm_fiori_appr2_assoc"/></AssociationSet>
			</EntityContainer><atom:link xmlns:atom="http://www.w3.org/2005/Atom" rel="self" href="./sap/YMM_2ND_APPROVER_SRV/$metadata"/><atom:link xmlns:atom="http://www.w3.org/2005/Atom" rel="latest-version" href="./sap/YMM_2ND_APPROVER_SRV/$metadata"/></Schema>
	</edmx:DataServices>
</edmx:Edmx>