<edmx:Edmx xmlns:edmx="http://schemas.microsoft.com/ado/2007/06/edmx"
	xmlns:m="http://schemas.microsoft.com/ado/2007/08/dataservices/metadata" xmlns:sap="http://www.sap.com/Protocols/SAPData" Version="1.0">
	<edmx:DataServices m:DataServiceVersion="2.0">
		<Schema xmlns="http://schemas.microsoft.com/ado/2008/09/edm" Namespace="ZEHS_WF_APPROVAL_SRV" xml:lang="en" sap:schema-version="1">
			<EntityType Name="ZWFHEADER" sap:content-version="1">
				<Key><PropertyRef Name="WfSubject"/></Key><Property Name="WfSubject" Type="Edm.String" Nullable="false" MaxLength="255" sap:unicode="false" sap:label="Character value"
					sap:creatable="false" sap:updatable="false" sap:sortable="false" sap:filterable="false"/><Property Name="Wiid" Type="Edm.String" Nullable="false" MaxLength="12" sap:unicode="false" sap:creatable="false" sap:updatable="false"
					sap:sortable="false" sap:filterable="false"/><Property Name="RootKey" Type="Edm.String" Nullable="false" MaxLength="32" sap:unicode="false" sap:creatable="false" sap:updatable="false"
					sap:sortable="false" sap:filterable="false"/></EntityType>
			<EntityType Name="ZWFITEM" sap:content-version="1">
				<Key><PropertyRef Name="IncRootKey"/></Key><Property Name="IncId" Type="Edm.String" Nullable="false" MaxLength="20" sap:unicode="false" sap:label="Incident ID" sap:creatable="false"
					sap:updatable="false" sap:sortable="false" sap:filterable="false"/><Property Name="WhatHappened" Type="Edm.String" Nullable="false" MaxLength="255" sap:unicode="false" sap:label="Char255"
					sap:creatable="false" sap:updatable="false" sap:sortable="false" sap:filterable="false"/><Property Name="WiId" Type="Edm.String" Nullable="false" MaxLength="12" sap:unicode="false" sap:label="Work Item ID" sap:creatable="false"
					sap:updatable="false" sap:sortable="false" sap:filterable="false"/><Property Name="Category" Type="Edm.String" Nullable="false" MaxLength="3" sap:unicode="false" sap:label="Inc. Category"
					sap:creatable="false" sap:updatable="false" sap:sortable="false" sap:filterable="false"/><Property Name="WasInjured" Type="Edm.String" Nullable="false" MaxLength="255" sap:unicode="false" sap:label="Char255" sap:creatable="false"
					sap:updatable="false" sap:sortable="false" sap:filterable="false"/><Property Name="WhenDateTime" Type="Edm.String" Nullable="false" MaxLength="20" sap:unicode="false" sap:label="Char20" sap:creatable="false"
					sap:updatable="false" sap:sortable="false" sap:filterable="false"/><Property Name="WasDamaged" Type="Edm.String" Nullable="false" MaxLength="40" sap:unicode="false" sap:label="Equipment Desc."
					sap:creatable="false" sap:updatable="false" sap:sortable="false" sap:filterable="false"/><Property Name="Location" Type="Edm.String" Nullable="false" MaxLength="60" sap:unicode="false" sap:label="Logical System"
					sap:creatable="false" sap:updatable="false" sap:sortable="false" sap:filterable="false"/><Property Name="ChemicalName" Type="Edm.String" Nullable="false" MaxLength="40" sap:unicode="false" sap:label="Material Desc."
					sap:creatable="false" sap:updatable="false" sap:sortable="false" sap:filterable="false"/><Property Name="LocationDesc" Type="Edm.String" Nullable="false" MaxLength="100" sap:unicode="false" sap:label="Character 100"
					sap:creatable="false" sap:updatable="false" sap:sortable="false" sap:filterable="false"/><Property Name="ReleaseType" Type="Edm.String" Nullable="false" MaxLength="255" sap:unicode="false" sap:label="Char255"
					sap:creatable="false" sap:updatable="false" sap:sortable="false" sap:filterable="false"/><Property Name="IncRootKey" Type="Edm.String" Nullable="false" MaxLength="32" sap:unicode="false" sap:label="Character field, length 32"
					sap:creatable="false" sap:updatable="false" sap:sortable="false" sap:filterable="false"/><Property Name="ReleseAmount" Type="Edm.Decimal" Nullable="false" Precision="15" Scale="2" sap:unicode="false" sap:label="Recovered"
					sap:creatable="false" sap:updatable="false" sap:sortable="false" sap:filterable="false"/><Property Name="ReleaseUnit" Type="Edm.String" Nullable="false" MaxLength="255" sap:unicode="false" sap:label="Char255"
					sap:creatable="false" sap:updatable="false" sap:sortable="false" sap:filterable="false"/><Property Name="WasNearInjured" Type="Edm.String" Nullable="false" MaxLength="255" sap:unicode="false" sap:label="Char255"
					sap:creatable="false" sap:updatable="false" sap:sortable="false" sap:filterable="false"/><Property Name="Zgroup" Type="Edm.String" Nullable="false" MaxLength="100" sap:unicode="false" sap:label="Character 100"
					sap:creatable="false" sap:updatable="false" sap:sortable="false" sap:filterable="false"/><Property Name="ActualSeverity" Type="Edm.String" Nullable="false" MaxLength="100" sap:unicode="false" sap:label="Character 100"
					sap:creatable="false" sap:updatable="false" sap:sortable="false" sap:filterable="false"/><Property Name="Attachment" Type="Edm.String" Nullable="false" MaxLength="255" sap:unicode="false" sap:label="Char255" sap:creatable="false"
					sap:updatable="false" sap:sortable="false" sap:filterable="false"/></EntityType>
			<EntityType Name="ZSEVRITY" sap:content-version="1">
				<Key><PropertyRef Name="Language"/><PropertyRef Name="Code"/></Key><Property Name="Language" Type="Edm.String" Nullable="false" MaxLength="2" sap:unicode="false" sap:label="Language" sap:creatable="false"
					sap:updatable="false" sap:sortable="false" sap:filterable="false"/><Property Name="Code" Type="Edm.String" Nullable="false" MaxLength="21" sap:unicode="false" sap:label="Near Miss Grp" sap:creatable="false"
					sap:updatable="false" sap:sortable="false" sap:filterable="false"/><Property Name="Description" Type="Edm.String" Nullable="false" MaxLength="40" sap:unicode="false" sap:label="Description(XS)"
					sap:creatable="false" sap:updatable="false" sap:sortable="false" sap:filterable="false"/></EntityType>
			<EntityType Name="ZSGROUP" sap:content-version="1">
				<Key><PropertyRef Name="Language"/><PropertyRef Name="Code"/></Key><Property Name="Language" Type="Edm.String" Nullable="false" MaxLength="2" sap:unicode="false" sap:label="Language" sap:creatable="false"
					sap:updatable="false" sap:sortable="false" sap:filterable="false"/><Property Name="Code" Type="Edm.String" Nullable="false" MaxLength="21" sap:unicode="false" sap:label="Severity Level" sap:creatable="false"
					sap:updatable="false" sap:sortable="false" sap:filterable="false"/><Property Name="Description" Type="Edm.String" Nullable="false" MaxLength="40" sap:unicode="false" sap:label="Description(XS)"
					sap:creatable="false" sap:updatable="false" sap:sortable="false" sap:filterable="false"/></EntityType>
			<EntityType Name="approve" sap:content-version="1">
				<Key><PropertyRef Name="WiId"/></Key><Property Name="WiId" Type="Edm.String" Nullable="false" MaxLength="12" sap:unicode="false" sap:label="Work Item ID" sap:updatable="false"
					sap:sortable="false" sap:filterable="false"/></EntityType>
			<EntityType Name="review" sap:content-version="1">
				<Key><PropertyRef Name="IncRootKey"/></Key><Property Name="IncCategory" Type="Edm.String" Nullable="false" MaxLength="3" sap:unicode="false" sap:label="Inc. Category"
					sap:creatable="false" sap:updatable="false" sap:sortable="false" sap:filterable="false"/><Property Name="IncRootKey" Type="Edm.String" Nullable="false" MaxLength="32" sap:unicode="false" sap:label="Character field, length 32"
					sap:updatable="false" sap:sortable="false" sap:filterable="false"/><Property Name="IncGroup" Type="Edm.String" Nullable="false" MaxLength="21" sap:unicode="false" sap:label="Incident Group"
					sap:creatable="false" sap:updatable="false" sap:sortable="false" sap:filterable="false"/><Property Name="NmGroup" Type="Edm.String" Nullable="false" MaxLength="21" sap:unicode="false" sap:label="Near Miss Grp"
					sap:creatable="false" sap:updatable="false" sap:sortable="false" sap:filterable="false"/><Property Name="Sevrity" Type="Edm.String" Nullable="false" MaxLength="21" sap:unicode="false" sap:label="Severity Level"
					sap:creatable="false" sap:updatable="false" sap:sortable="false" sap:filterable="false"/></EntityType>
			<EntityContainer Name="ZEHS_WF_APPROVAL_SRV_Entities" m:IsDefaultEntityContainer="true" sap:supported-formats="atom json xlsx"><EntitySet Name="ZWFHEADERSet" EntityType="ZEHS_WF_APPROVAL_SRV.ZWFHEADER" sap:creatable="false" sap:updatable="false" sap:deletable="false"
				sap:searchable="true" sap:pageable="false" sap:content-version="1"/><EntitySet Name="ZWFITEMSet" EntityType="ZEHS_WF_APPROVAL_SRV.ZWFITEM" sap:creatable="false" sap:updatable="false" sap:deletable="false"
				sap:searchable="true" sap:pageable="false" sap:requires-filter="true" sap:content-version="1"/><EntitySet Name="ZSEVRITYSet" EntityType="ZEHS_WF_APPROVAL_SRV.ZSEVRITY" sap:creatable="false" sap:updatable="false" sap:deletable="false"
				sap:pageable="false" sap:addressable="false" sap:content-version="1"/><EntitySet Name="ZSGROUPSet" EntityType="ZEHS_WF_APPROVAL_SRV.ZSGROUP" sap:creatable="false" sap:updatable="false" sap:deletable="false"
				sap:pageable="false" sap:addressable="false" sap:content-version="1"/><EntitySet Name="approveSet" EntityType="ZEHS_WF_APPROVAL_SRV.approve" sap:creatable="false" sap:updatable="false" sap:deletable="false"
				sap:pageable="false" sap:addressable="false" sap:content-version="1"/><EntitySet Name="reviewSet" EntityType="ZEHS_WF_APPROVAL_SRV.review" sap:creatable="false" sap:updatable="false" sap:deletable="false"
				sap:pageable="false" sap:addressable="false" sap:content-version="1"/></EntityContainer><atom:link xmlns:atom="http://www.w3.org/2005/Atom" rel="self" href="./sap/ZEHS_WF_APPROVAL_SRV/$metadata"/><atom:link xmlns:atom="http://www.w3.org/2005/Atom" rel="latest-version" href="./sap/ZEHS_WF_APPROVAL_SRV/$metadata"/></Schema>
	</edmx:DataServices>
</edmx:Edmx>