<core:FragmentDefinition xmlns="sap.m" xmlns:l="sap.ui.layout" xmlns:core="sap.ui.core">
	<Dialog class="sapUiResponsiveMargin" title="{i18n>MaintSerNo}">
		<List id="idSerialnolist" items="{path : 'oItemDetSerNoSetModel>/results'}">
			<InputListItem label="{path: 'oItemDetSerNoSetModel>/results', formatter: '.formatter.setRowNo'}">
				<Input value="{oItemDetSerNoSetModel>Serialno}"/>
			</InputListItem>
		</List>
		<buttons>
			<Button text="{i18n>Save}" id="btnSaveSerNo" press="fnSaveSerNo"></Button>
			<Button text="{i18n>Clear}" id="btnClearSerNo" press="fnClearSrNo"></Button>
			<Button text="{i18n>Close}" press="fnCloseSrNo"></Button>
		</buttons>
	</Dialog>
</core:FragmentDefinition>