{
	"welcomeFile": "/webapp/test/flpSandbox.html",
	"routes": [{
			"path": "/webapp/resources/sap/s4h/cfnd/featuretoggle",
			"target": {
				"type": "application",
				"name": "s4hcfndfeaturetogglelib"
			},
			"description": "Feature Toggle Library"
		}, {
			"path": "/resources/sap/s4h/cfnd/featuretoggle",
			"target": {
				"type": "application",
				"name": "s4hcfndfeaturetogglelib"
			},
			"description": "Feature Toggle Library"
		},

		{
			"path": "/resources",
			"target": {
				"type": "application",
				"name": "semiplmlibattachmentservice"
			},
			"description": "Reuse component for Attachment"
		}, {
			"path": "/webapp/resources/sap/se/mi/plm/lib/attachmentservice",
			"target": {
				"type": "application",
				"name": "sapsemiplmlibattachmentservice"
			},
			"description": "{{description}}"
		}, {
			"path": "/resources/sap/se/mi/plm/lib/attachmentservice",
			"target": {
				"type": "application",
				"name": "sapsemiplmlibattachmentservice"
			},
			"description": "{{description}}"
		}, {
			"path": "/resources/sap/se/mi/plm/lib/attachmentservice",
			"target": {
				"type": "application",
				"name": "semiplmlibattachmentservice",
				"preferLocal": true
			},
			"description": "Reuse Library for Attachment Control Component (River RDE)"
		}, {
			"path": "/src/main/webapp/resources",
			"target": {
				"type": "application",
				"name": "semiplmlibattachmentservice",
				"preferLocal": true
			},
			"description": "Reuse Library for Attachment Control Component (River RDE)"
		}, {
			"path": "/webapp/resources/sap/se/mi/plm/lib/attachmentservice",
			"target": {
				"type": "application",
				"name": "semiplmlibattachmentservice",
				"preferLocal": true
			},
			"description": "Reuse Library for Attachment Control Component (River RDE)"
		},

		{
			"path": "/webapp/resources",
			"target": {
				"type": "application",
				"name": "semiplmlibattachmentservice",
				"preferLocal": true
			},
			"description": "Reuse Library for Attachment Control Component (River RDE)"
		},

		{
			"path": "/sap/opu/odata",
			"target": {
				"type": "destination",
				"name": "UYTCLNT708",
				"entryPath": "/sap/opu/odata"
			},
			"description": "UYTCLNT708"
		}, {
			"path": "/sap/bc/lrep",
			"target": {
				"type": "destination",
				"name": "UYTCLNT708",
				"entryPath": "/sap/bc/lrep"
			},
			"description": "UYTCLNT708"
		}, {
			"path": "/resources",
			"target": {
				"type": "application",
				"name": "sapui5preview",
				"entryPath": "/resources"
			},
			"description": "SAPUI5 Resources"
		}, {
			"path": "/resources",
			"target": {
				"type": "application",
				"name": "sapui5preview",
				"preferLocal": true,
				"entryPath": "/resources",
				"version": "snapshot"
			},
			"description": "SAPUI5 Resources"
		},

		{
			"path": "/resources",
			"target": {
				"type": "service",
				"name": "sapui5",
				"preferLocal": true,
				"entryPath": "/resources",
				"version": "snapshot"
			},
			"description": "SAPUI5 Resources"
		}, {
			"path": "/sap/ui5/1/resources",
			"target": {
				"type": "application",
				"name": "sapui5preview",
				"preferLocal": true,
				"version": "snapshot"
			},
			"description": "SAPUI5 dist layer resources"
		}, {
			"path": "/sap/ui5/1/resources",
			"target": {
				"type": "service",
				"name": "sapui5",
				"preferLocal": true,
				"version": "snapshot"
			},
			"description": "SAPUI5 dist layer resources"
		}, {
			"path": "/",
			"target": {
				"type": "application",
				"name": "flpsandbox",
				"preferLocal": true
			},
			"description": "Subscribed Fiori LaunchPad"
		}, {
			"path": "/webapp/resources",
			"target": {
				"type": "application",
				"name": "sapui5preview",
				"entryPath": "/resources"
			},
			"description": "SAPUI5 Resources"
		}, {
			"path": "/webapp/resources",
			"target": {
				"type": "application",
				"name": "sapui5preview",
				"entryPath": "/resources",
				"version": "snapshot"
			},
			"description": "SAPUI5 Resources"
		}, {
			"path": "/webapp/resources",
			"target": {
				"type": "service",
				"name": "sapui5",
				"entryPath": "/resources",
				"version": "snapshot"
			},
			"description": "SAPUI5 Resources"
		}, {
			"path": "/webapp/test-resources",
			"target": {
				"type": "application",
				"name": "sapui5preview",
				"entryPath": "/test-resources"
			},
			"description": "SAPUI5 Test Resources"
		}, {
			"path": "/webapp/test-resources",
			"target": {
				"type": "service",
				"name": "sapui5",
				"entryPath": "/test-resources"
			},
			"description": "SAPUI5 Test Resources"
		}, {
			"path": "/test-resources",
			"target": {
				"type": "application",
				"name": "sapui5preview",
				"entryPath": "/test-resources"
			},
			"description": "SAPUI5 Test Resources"
		}, {
			"path": "/test-resources",
			"target": {
				"type": "service",
				"name": "sapui5",
				"entryPath": "/test-resources"
			},
			"description": "SAPUI5 Test Resources"
		}

	],
	"headerWhiteList": [
		"objecttype",
		"objectkey",
		"MarkForDeletion",
		"documentType",
		"documentNumber",
		"documentVersion",
		"documentPart",
		"semanticobjecttype",
		"slug"
	],
	"sendWelcomeFileRedirect": true
}