<edmx:Edmx xmlns:edmx="http://docs.oasis-open.org/odata/ns/edmx" Version="4.0">
	<edmx:Reference Uri="/sap/opu/odata/sap/UI_PPS_MILESTONE_TEMPLATE/$metadata">
		<edmx:Include Alias="Metadata" Namespace="cds_ui_pps_milestone_template"/>
	</edmx:Reference>
	<edmx:Reference Uri="https://wiki.scn.sap.com/wiki/download/attachments/448470974/Common.xml?api=v2">
		<edmx:Include Alias="Common" Namespace="com.sap.vocabularies.Common.v1"/>
	</edmx:Reference>
	<edmx:DataServices>
		<Schema xmlns="http://docs.oasis-open.org/odata/ns/edm"
			Namespace="pps.manage.milestone.template.annotations.annotation2.cds_ui_pps_milestone_template">
			<Annotations Target="Metadata.cds_ui_pps_milestone_template_Entities/delete_h">
				<Annotation Term="Common.IsActionCritical" Bool="true"/>
			</Annotations>
				<Annotations Target="Metadata.cds_ui_pps_milestone_template_Entities/delete_i">
				<Annotation Term="Common.IsActionCritical" Bool="true"/>
			</Annotations>
		</Schema>
		</edmx:DataServices>
</edmx:Edmx>

