<edmx:Edmx xmlns:edmx="http://schemas.microsoft.com/ado/2007/06/edmx"
	xmlns:m="http://schemas.microsoft.com/ado/2007/08/dataservices/metadata" xmlns:sap="http://www.sap.com/Protocols/SAPData" Version="1.0">
	<edmx:DataServices m:DataServiceVersion="2.0">
		<Schema xmlns="http://schemas.microsoft.com/ado/2008/09/edm" Namespace="SIE_ASP_WM_LABEL_REPRINT_SRV" xml:lang="en" sap:schema-version="1">
			<EntityType Name="UserDefault" sap:content-version="1">
				<Key><PropertyRef Name="UserGID"/></Key><Property Name="UserGID" Type="Edm.String" Nullable="false" MaxLength="12" sap:unicode="false" sap:label="User GID" sap:creatable="false"
					sap:updatable="false" sap:sortable="false" sap:filterable="false"/><Property Name="Plant" Type="Edm.String" Nullable="false" MaxLength="4" sap:unicode="false" sap:label="Plant" sap:creatable="false"
					sap:updatable="false" sap:sortable="false" sap:filterable="false"/><Property Name="WarehouseNo" Type="Edm.String" Nullable="false" MaxLength="3" sap:unicode="false" sap:label="Warehouse No."
					sap:creatable="false" sap:updatable="false" sap:sortable="false" sap:filterable="false"/><Property Name="CompanyCode" Type="Edm.String" Nullable="false" MaxLength="4" sap:unicode="false" sap:label="Company Code"
					sap:creatable="false" sap:updatable="false" sap:sortable="false" sap:filterable="false"/><Property Name="Client" Type="Edm.String" Nullable="false" MaxLength="3" sap:unicode="false" sap:label="Client" sap:creatable="false"
					sap:updatable="false" sap:sortable="false" sap:filterable="false"/><Property Name="GRLabel" Type="Edm.String" Nullable="false" MaxLength="30" sap:unicode="false" sap:label="Output Device"
					sap:creatable="false" sap:updatable="false" sap:sortable="false" sap:filterable="false"/><Property Name="GS1Label" Type="Edm.String" Nullable="false" MaxLength="30" sap:unicode="false" sap:label="Output Device"
					sap:creatable="false" sap:updatable="false" sap:sortable="false" sap:filterable="false"/><Property Name="MsgType" Type="Edm.String" Nullable="false" MaxLength="1" sap:unicode="false" sap:label="Message Type" sap:creatable="false"
					sap:updatable="false" sap:sortable="false" sap:filterable="false"/><Property Name="MsgDesc" Type="Edm.String" Nullable="false" MaxLength="220" sap:unicode="false" sap:label="Message Description"
					sap:creatable="false" sap:updatable="false" sap:sortable="false" sap:filterable="false"/></EntityType>
			<EntityType Name="MatDocFilter" sap:content-version="1">
				<Key><PropertyRef Name="Plant"/><PropertyRef Name="Sloc"/></Key><Property Name="MaterialI" Type="Edm.String" Nullable="false" MaxLength="18" sap:unicode="false" sap:label="Material Input"
					sap:creatable="false" sap:updatable="false" sap:sortable="false" sap:filterable="false"/><Property Name="Plant" Type="Edm.String" Nullable="false" MaxLength="4" sap:unicode="false" sap:label="Plant" sap:creatable="false"
					sap:updatable="false" sap:sortable="false" sap:filterable="false"/><Property Name="Sloc" Type="Edm.String" Nullable="false" MaxLength="4" sap:unicode="false" sap:label="Sloc" sap:creatable="false"
					sap:updatable="false" sap:sortable="false" sap:filterable="false"/><Property Name="PostDate" Type="Edm.String" Nullable="false" MaxLength="10" sap:unicode="false" sap:label="Posting Date To"
					sap:creatable="false" sap:updatable="false" sap:sortable="false" sap:filterable="false"/><Property Name="BatchNoI" Type="Edm.String" Nullable="false" MaxLength="10" sap:unicode="false" sap:label="Batch No Input"
					sap:creatable="false" sap:updatable="false" sap:sortable="false" sap:filterable="false"/><Property Name="SpecialStockI" Type="Edm.String" Nullable="false" MaxLength="1" sap:unicode="false" sap:label="Special Stock Input"
					sap:creatable="false" sap:updatable="false" sap:sortable="false" sap:filterable="false"/><Property Name="SpecialStockNoI" Type="Edm.String" Nullable="false" MaxLength="24" sap:unicode="false" sap:label="Spec.Stock No. Input"
					sap:creatable="false" sap:updatable="false" sap:sortable="false" sap:filterable="false"/><Property Name="MatDocNoI" Type="Edm.String" Nullable="false" MaxLength="10" sap:unicode="false" sap:label="Material Document Input"
					sap:creatable="false" sap:updatable="false" sap:sortable="false" sap:filterable="false"/><Property Name="MsgType" Type="Edm.String" Nullable="false" MaxLength="1" sap:unicode="false" sap:label="Message Type" sap:creatable="false"
					sap:updatable="false" sap:sortable="false" sap:filterable="false"/><Property Name="MsgDesc" Type="Edm.String" Nullable="false" MaxLength="220" sap:unicode="false" sap:label="Message Description"
					sap:creatable="false" sap:updatable="false" sap:sortable="false" sap:filterable="false"/><Property Name="MatDocNo" Type="Edm.String" Nullable="false" MaxLength="10" sap:unicode="false" sap:label="Material Document"
					sap:creatable="false" sap:updatable="false" sap:sortable="false" sap:filterable="false"/><Property Name="MatDocItem" Type="Edm.String" Nullable="false" MaxLength="4" sap:unicode="false" sap:label="Material Document Item"
					sap:creatable="false" sap:updatable="false" sap:sortable="false" sap:filterable="false"/><Property Name="Material" Type="Edm.String" Nullable="false" MaxLength="18" sap:unicode="false" sap:label="Material" sap:creatable="false"
					sap:updatable="false" sap:sortable="false" sap:filterable="false"/><Property Name="MatDes" Type="Edm.String" Nullable="false" MaxLength="40" sap:unicode="false" sap:label="Mat. desc" sap:creatable="false"
					sap:updatable="false" sap:sortable="false" sap:filterable="false"/><Property Name="Quantity" Type="Edm.Decimal" Nullable="false" Precision="13" Scale="3" sap:unicode="false" sap:label="Quantity"
					sap:creatable="false" sap:updatable="false" sap:sortable="false" sap:filterable="false"/><Property Name="Serialno" Type="Edm.String" Nullable="false" MaxLength="1" sap:unicode="false" sap:label="S/N" sap:creatable="false"
					sap:updatable="false" sap:sortable="false" sap:filterable="false"/><Property Name="BatchNo" Type="Edm.String" Nullable="false" MaxLength="10" sap:unicode="false" sap:label="Batch No" sap:creatable="false"
					sap:updatable="false" sap:sortable="false" sap:filterable="false"/><Property Name="SpecialStock" Type="Edm.String" Nullable="false" MaxLength="1" sap:unicode="false" sap:label="Special Stock"
					sap:creatable="false" sap:updatable="false" sap:sortable="false" sap:filterable="false"/><Property Name="SpecialStockNo" Type="Edm.String" Nullable="false" MaxLength="24" sap:unicode="false" sap:label="Spec.Stock No."
					sap:creatable="false" sap:updatable="false" sap:sortable="false" sap:filterable="false"/><Property Name="NoOfLabel" Type="Edm.String" Nullable="false" MaxLength="225" sap:unicode="false" sap:label="No Of Label"
					sap:creatable="false" sap:updatable="false" sap:sortable="false" sap:filterable="false"/></EntityType>
			<EntityType Name="SH_Plant" sap:content-version="1">
				<Key><PropertyRef Name="UserGID"/><PropertyRef Name="WarehouseNo"/></Key><Property Name="UserGID" Type="Edm.String" Nullable="false" MaxLength="12" sap:unicode="false" sap:label="User GID" sap:creatable="false"
					sap:updatable="false" sap:sortable="false" sap:filterable="false"/><Property Name="WarehouseNo" Type="Edm.String" Nullable="false" MaxLength="3" sap:unicode="false" sap:label="Warehouse Number"
					sap:creatable="false" sap:updatable="false" sap:sortable="false" sap:filterable="false"/><Property Name="Plant" Type="Edm.String" Nullable="false" MaxLength="4" sap:unicode="false" sap:label="Plant" sap:creatable="false"
					sap:updatable="false" sap:sortable="false" sap:filterable="false"/><Property Name="MsgType" Type="Edm.String" Nullable="false" MaxLength="1" sap:unicode="false" sap:label="Message Type" sap:creatable="false"
					sap:updatable="false" sap:sortable="false" sap:filterable="false"/><Property Name="MsgDesc" Type="Edm.String" Nullable="false" MaxLength="220" sap:unicode="false" sap:label="Message Description"
					sap:creatable="false" sap:updatable="false" sap:sortable="false" sap:filterable="false"/></EntityType>
			<EntityType Name="SH_Sloc" sap:content-version="1">
				<Key><PropertyRef Name="Plant"/></Key><Property Name="Plant" Type="Edm.String" Nullable="false" MaxLength="4" sap:unicode="false" sap:label="Plant" sap:creatable="false"
					sap:updatable="false" sap:sortable="false" sap:filterable="false"/><Property Name="Sloc" Type="Edm.String" Nullable="false" MaxLength="4" sap:unicode="false" sap:label="Stor. Location" sap:creatable="false"
					sap:updatable="false" sap:sortable="false" sap:filterable="false"/><Property Name="Msgtype" Type="Edm.String" Nullable="false" MaxLength="1" sap:unicode="false" sap:label="Message type" sap:creatable="false"
					sap:updatable="false" sap:sortable="false" sap:filterable="false"/><Property Name="Msgdesc" Type="Edm.String" Nullable="false" MaxLength="220" sap:unicode="false" sap:label="Message Description"
					sap:creatable="false" sap:updatable="false" sap:sortable="false" sap:filterable="false"/></EntityType>
			<EntityType Name="SH_Batch" sap:content-version="1">
				<Key><PropertyRef Name="Material"/><PropertyRef Name="Plant"/></Key><Property Name="Material" Type="Edm.String" Nullable="false" MaxLength="18" sap:unicode="false" sap:label="Mat. No." sap:creatable="false"
					sap:updatable="false" sap:sortable="false" sap:filterable="false"/><Property Name="Plant" Type="Edm.String" Nullable="false" MaxLength="4" sap:unicode="false" sap:label="Plant" sap:creatable="false"
					sap:updatable="false" sap:sortable="false" sap:filterable="false"/><Property Name="Batchno" Type="Edm.String" Nullable="false" MaxLength="10" sap:unicode="false" sap:label="Batch no." sap:creatable="false"
					sap:updatable="false" sap:sortable="false" sap:filterable="false"/><Property Name="MsgType1" Type="Edm.String" Nullable="false" MaxLength="1" sap:unicode="false" sap:label="Message Type"
					sap:creatable="false" sap:updatable="false" sap:sortable="false" sap:filterable="false"/><Property Name="MsgDesc" Type="Edm.String" Nullable="false" MaxLength="220" sap:unicode="false" sap:label="Message Description"
					sap:creatable="false" sap:updatable="false" sap:sortable="false" sap:filterable="false"/></EntityType>
			<EntityType Name="SH_Material" sap:content-version="1">
				<Key><PropertyRef Name="Plant"/></Key><Property Name="Plant" Type="Edm.String" Nullable="false" MaxLength="4" sap:unicode="false" sap:label="Plant" sap:creatable="false"
					sap:updatable="false" sap:sortable="false" sap:filterable="false"/><Property Name="Material" Type="Edm.String" Nullable="false" MaxLength="18" sap:unicode="false" sap:label="Mat. No." sap:creatable="false"
					sap:updatable="false" sap:sortable="false" sap:filterable="false"/><Property Name="Msgtype" Type="Edm.String" Nullable="false" MaxLength="1" sap:unicode="false" sap:label="Message type" sap:creatable="false"
					sap:updatable="false" sap:sortable="false" sap:filterable="false"/><Property Name="Msgdesc" Type="Edm.String" Nullable="false" MaxLength="220" sap:unicode="false" sap:label="Message Description"
					sap:creatable="false" sap:updatable="false" sap:sortable="false" sap:filterable="false"/></EntityType>
			<EntityType Name="PrntGS1Label" m:HasStream="true" sap:content-version="1">
				<Key><PropertyRef Name="MatDocNo"/><PropertyRef Name="MatDocYear"/><PropertyRef Name="MatDocItem"/></Key><Property Name="MatDocNo" Type="Edm.String" Nullable="false" MaxLength="10" sap:unicode="false" sap:label="Material Document"
					sap:creatable="false" sap:updatable="false" sap:sortable="false" sap:filterable="false"/><Property Name="MatDocYear" Type="Edm.String" Nullable="false" MaxLength="4" sap:unicode="false" sap:label="Mat Doc Year"
					sap:creatable="false" sap:updatable="false" sap:sortable="false" sap:filterable="false"/><Property Name="MatDocItem" Type="Edm.String" Nullable="false" MaxLength="4" sap:unicode="false" sap:label="Material Document Item"
					sap:creatable="false" sap:updatable="false" sap:sortable="false" sap:filterable="false"/><Property Name="MimeType" Type="Edm.String" Nullable="false" sap:unicode="false" sap:label="Mime Type" sap:creatable="false"
					sap:updatable="false" sap:sortable="false" sap:filterable="false"/><Property Name="URL" Type="Edm.String" Nullable="false" sap:unicode="false" sap:label="Url" sap:creatable="false" sap:updatable="false"
					sap:sortable="false" sap:filterable="false"/><Property Name="MsgType" Type="Edm.String" Nullable="false" MaxLength="1" sap:unicode="false" sap:label="Message Type" sap:creatable="false"
					sap:updatable="false" sap:sortable="false" sap:filterable="false"/><Property Name="MsgDesc" Type="Edm.String" Nullable="false" MaxLength="220" sap:unicode="false" sap:label="Message Description"
					sap:creatable="false" sap:updatable="false" sap:sortable="false" sap:filterable="false"/></EntityType>
			<EntityContainer Name="SIE_ASP_WM_LABEL_REPRINT_SRV_Entities" m:IsDefaultEntityContainer="true" sap:supported-formats="atom json xlsx"><EntitySet Name="UserDefaultSet" EntityType="SIE_ASP_WM_LABEL_REPRINT_SRV.UserDefault" sap:creatable="false" sap:updatable="false"
				sap:deletable="false" sap:pageable="false" sap:content-version="1"/><EntitySet Name="MatDocFilterSet" EntityType="SIE_ASP_WM_LABEL_REPRINT_SRV.MatDocFilter" sap:creatable="false" sap:updatable="false"
				sap:deletable="false" sap:pageable="false" sap:addressable="false" sap:content-version="1"/><EntitySet Name="SH_PlantSet" EntityType="SIE_ASP_WM_LABEL_REPRINT_SRV.SH_Plant" sap:creatable="false" sap:updatable="false"
				sap:deletable="false" sap:pageable="false" sap:addressable="false" sap:content-version="1"/><EntitySet Name="SH_SlocSet" EntityType="SIE_ASP_WM_LABEL_REPRINT_SRV.SH_Sloc" sap:creatable="false" sap:updatable="false"
				sap:deletable="false" sap:pageable="false" sap:addressable="false" sap:content-version="1"/><EntitySet Name="SH_BatchSet" EntityType="SIE_ASP_WM_LABEL_REPRINT_SRV.SH_Batch" sap:creatable="false" sap:updatable="false"
				sap:deletable="false" sap:pageable="false" sap:addressable="false" sap:content-version="1"/><EntitySet Name="SH_MaterialSet" EntityType="SIE_ASP_WM_LABEL_REPRINT_SRV.SH_Material" sap:creatable="false" sap:updatable="false"
				sap:deletable="false" sap:pageable="false" sap:addressable="false" sap:content-version="1"/><EntitySet Name="PrntGS1LabelSet" EntityType="SIE_ASP_WM_LABEL_REPRINT_SRV.PrntGS1Label" sap:creatable="false" sap:updatable="false"
				sap:deletable="false" sap:pageable="false" sap:addressable="false" sap:content-version="1"/></EntityContainer><atom:link xmlns:atom="http://www.w3.org/2005/Atom" rel="self" href="./sap/opu/odata/SIE/ASP_WM_LABEL_REPRINT_SRV/$metadata"/><atom:link xmlns:atom="http://www.w3.org/2005/Atom" rel="latest-version" href="./sap/opu/odata/SIE/ASP_WM_LABEL_REPRINT_SRV/$metadata"/></Schema>
	</edmx:DataServices>
</edmx:Edmx>