<core:FragmentDefinition xmlns="sap.m" xmlns:f="sap.ui.layout.form" xmlns:l="sap.ui.layout" xmlns:core="sap.ui.core">
	<Dialog title="Item Details" class="sapUiContentPaddingfrag" contentWidth="70rem" contentHeight="35rem">
		<l:Grid defaultSpan="L12 M12 S12" width="auto">
			<l:content>
				<MessageStrip id="itemdetailsErrMsgStrip" text="" showIcon="true" showCloseButton="false" visible="false" type="Error" class="customMargin"></MessageStrip>
				<f:SimpleForm id="SimpleFormChange480" minWidth="1024" width="auto" maxContainerCols="2" editable="true" layout="ResponsiveGridLayout"
					title="Please fill up all the required fields" labelSpanL="4" labelSpanM="4" emptySpanL="0" emptySpanM="0" columnsL="2" columnsM="2"
					class="editableForm">
					<f:content>
						<core:Title text=""/>
					<!--	<Label text="{i18n>Item Type}" required="true" id="oidItemtype"/>-->
						<Label text="{i18n>Item Type}" required="true"/>
						<Select id="idItmType" autoAdjustWidth="true" name="{i18n>PRIORITY}" change="onChangeItem">
							<core:Item text="Material" key="0"/>
							<core:Item text="Service" key="9"/>
						</Select>
						<!--	<suggestionItems>
								<core:Item text="{MaterialGroup}"/>
								<core:Item text="{MaterialGroupName}"/> 
							</suggestionItems>-->
						<!--	</Input>-->
						<Label text="Material Description" id="oMatedessdeslbl" required="true"/>
						<Input id="InputValueMatDesc" width="auto" showSuggestion="true" suggestionItems="{/}" placeholder="Search for Material Description"
							value="" enabled="true" editable="true" showValueHelp="true" valueHelpOnly="true" class="sapMInput1"
							valueHelpRequest="handleValueHelpMatDesc">
							<suggestionItems>
								<core:Item text="{maktx}"/>
							</suggestionItems>
						</Input>
						
						<!--	value="{MaterialDesc}"-->
					
						<Label text="Service Description" id="oSeriesshrtlbl" required="true"/>
						<Input id="InputValueSerisshortDesc" width="auto" value=""  maxLength="40" placeholder="Enter Service description" enabled="true" editable="true" />
					<!--	showValueHelp="true" valueHelpOnly="true" class="sapMInput1"
						showSuggestion="true" suggestionItems="{/}" placeholder="Seach for Series Description"	valueHelpRequest="handleValueHelpSerisDesc">
							<suggestionItems>
								<core:Item text="{}"/>
							</suggestionItems>
						</Input>-->
						
						<!--	value="{MaterialDesc}"-->
						
						<Label text="Service Name" id="oSeriesdeslbl" required="true"/>
						<Input id="InputValueSeriesDesc" width="auto" showSuggestion="true" suggestionItems="{/}" placeholder="Search for Series name"
							value="" enabled="true" editable="true" showValueHelp="true" valueHelpOnly="true" class="sapMInput1"
							valueHelpRequest="handleValueHelpSerisDesc">
							<suggestionItems>
								<core:Item text="{ASKTX}"/>
							</suggestionItems>
						</Input>
					<!--		value="{ServiceName}" -->
						<Label text="Material Group" id="oMatgrplabl" required="true"/>
						<Input id="InputValueMatgrp" width="auto" showSuggestion="true" suggestionItems="{/ymm_sh_glSet}" placeholder="Search for Material Group"
							value="" showValueHelp="true" class="sapMInput1" liveChange="onMaterGropchange" valueHelpRequest="handleValueHelpMatGrp">
							<suggestionItems>
								<core:Item text="{matkl}"/>
								<!--	<core:Item text="{MaterialGroupName}"/> -->
							</suggestionItems>
						</Input>
						<!--	value="{MatGrp}"-->
						<Label text="Material Code" required="true" id="oMatid"/>
						<Input id="InputValueMatCode" width="auto" showSuggestion="true" suggestionItems="{/}" placeholder="Search for Material Code" enabled="true"
							value="" editable="true" showValueHelp="true" class="sapMInput1" valueHelpRequest="handleValueHelpMatCode">
							<suggestionItems>
								<core:Item text="{matnr}"/>
							</suggestionItems>
						</Input>
						<!--	value="{Material}"-->
					
						<Label text="Service Code" required="true" id="oServiceocde"/>
						<Input id="InputValueServcCode" width="auto" placeholder="Search for Service Code" enabled="true"  editable="false"
							value="" showValueHelp="true" class="sapMInput1"  suggestionItems="{/}" valueHelpRequest="handleValueHelpServiceGrp">
							<suggestionItems>
								<core:Item text="{}"/>
							</suggestionItems>
						</Input>
						<!--	value="{Service}"-->
						<!--	<Label text="Service Description" id="oSeriesdeslbl" required="true"/>
						<Input id="InputValueSeriesDesc" width="auto" showSuggestion="true" suggestionItems="{/}" placeholder="Seach for Series Description"
						value=""	enabled="true" editable="true" showValueHelp="true" class="sapMInput1" valueHelpRequest="handleValueHelpSerisDesc">
							<suggestionItems>
								<core:Item text="{}"/>
							</suggestionItems>
						</Input>-->
						<Label text="Quantity" required="true"/>
						<Input value="{=${Pstyp}==='0' ? ${Quantity} :${ServQuan}}" id="idQntyFrag" placeholder="Enter Quantity" liveChange="onQuanity"></Input>
						<Label text="Unit" required="true"/>
						<Input id="InputValueUnit" width="auto" showSuggestion="true" suggestionItems="{/}" placeholder="Search for Units" enabled="true" 
							value="{=${Pstyp}==='0' ? ${Unit} :${ServUom}}" editable="true" showValueHelp="true" class="sapMInput1" valueHelpRequest="handleValueHelpUnit">
							<suggestionItems>
								<core:Item text="{UnitOfMeasure}"/>
							</suggestionItems>
						</Input>
						
						<core:Title text=""/>
						<Label text="Currency" required="true"/>
						<Input id="InputValueCurrency" width="auto" showSuggestion="true" suggestionItems="{oCurrecymodel2>/}" placeholder="Search for Currency"
							value="" enabled="true" editable="true" showValueHelp="true" class="sapMInput1" valueHelpRequest="handleValueHelpCurrncy">
							<suggestionItems>
								<core:Item text="{oCurrecymodel2>Currency}"/>
							</suggestionItems>
						</Input>
						<!--value="{Currency}"-->
						<Label text="Unit Price" required="true"/>
						<Input  value="{=${Pstyp}==='0' ?${ path: 'UnitPrice', formatter:'P2P.Formatter.Formatter.UnitPrice'} :${ path: 'ServPrice', formatter:'P2P.Formatter.Formatter.UnitPrice'  } }" placeholder="Search for Unit price"  liveChange="onTotalval" id="idUntprce_Frag"/>
				<!--	<Input  value="{= ${Pstyp}== '0' ? '{ path: 'UnitPrice', formatter: 'P2P.Formatter.Formatter.UnitPrice' }' :'{ path: 'ServPrice', formatter: 'P2P.Formatter.Formatter.UnitPrice' } }"   liveChange="onTotalval" id="idUntprce_Frag"/>-->
						<Label text="Total Value" required="true"/>
						<!--	<Text text="{oFragTotalValuref}" id="idText_Frag"/> TotalPrice-->
						<Text text="{ path: 'TotalPrice', formatter: 'P2P.Formatter.Formatter.TotalPrice' }"  id="idText_Frag"/>
						<Text text="" id="idzzcategry" visible="false"/>
					<!--	text="{Zzcategoty}-->
						<!--<Text text="{oFragzzcategryef}" id="idzzcategry" visible="false"/> -->
						<Label text="Cost Center" required="true" visible="false" id="oCC"/>
						<Input id="oCCCode" width="auto" showSuggestion="true" suggestionItems="{/}" placeholder="Search for Cost Center" enabled="true"
							value="" editable="true" showValueHelp="true" class="sapMInput1" valueHelpRequest="handleValueHelpCCode">
							<suggestionItems>
								<core:Item text="{kostl}"/>
								<!--	<core:Item text="{LTEXT}"/>-->
							</suggestionItems>
						</Input>
					<!--	value="{CostCtr}" -->
						<Label text="WBS Code" required="true" visible="false" id="oWbs"/>
						<Input id="oWbscod" width="auto" showSuggestion="true" suggestionItems="{/}" placeholder="Search for WBS Code" enabled="true" editable="true"
							value="" showValueHelp="true" class="sapMInput1" valueHelpRequest="handleValueHelpWbs">
							<suggestionItems>
								<core:Item text="{PSPNR}"/>
							</suggestionItems>
						</Input>
						<!--	value="{WbsElem}"-->
						<Label text="GL Account" id="oGlid"/>
						<Input id="idTxt_Glacnt" width="auto" showSuggestion="true" suggestionItems="{oCurrecymodel2>/}" placeholder="Search for GL Accounts"
						value=""	 enabled="true" editable="true" showValueHelp="true" class="sapMInput1" valueHelpRequest="handleValueHelpGLaccount">
							<suggestionItems>
								<core:Item text="{Sakto}"/>
							</suggestionItems>
						</Input>
						<!--	value="{Sakto}"-->
						<!--<Text text="{Sakto}" id="idTxt_Glacnt"/>-->
						<Label text="Del.Date" required="true"/>
						<!--	<DatePicker id="DP2" placeholder="Select Date" value="{ path: 'DelivDate', formatter: 'P2P.Formatter.Formatter.TableDelDate'}"
							change="handleDateChange" class="sapUiSmallMarginBottom"/>-->
						<DatePicker id="DP2" placeholder="Select Date" displayFormat="MMM dd, YYYY"
							value="{ path: 'DelivDate', formatter: 'P2P.Formatter.Formatter.formatDate'}" change="handleChangedate" class="sapUiSmallMarginBottom"/>
						<Label text="Asset" id="oAssetlablid"/>
						<Text text="" id="oAssetid"/>
						 <!-- text="{Anln1}"-->
						<Label text="Sales Order" id="oSalordrlablid"/>
						<Text text="" id="oSalordrlid"/>
					<!--	text="{Vbeln}"-->
						<Label text="Track Status" id="oTracknolablid"/>
						<Text text="" id="oTracknoid"/>
					<!--	text="{Bednr}"-->
						<Label text="Reason for Block" id="oReasnfrblcklablid"/>
						<Text text="" id="oReasnfrblckid"/>
					<!--	text="{Blckd}-->
						
							<Text text="" visible="false" id="AggrmmNolabel"/>
							<Text text="" visible="false" id="AggrmtItemNo"/>
								<!--	text="{Ktpnr}-->
								<Text text="" visible="false" id="Packnolabelid"/>
							<Text text="" visible="false" id="PacknoId"/>
						<!--	text="{Packno}"-->
					</f:content>
				</f:SimpleForm>
			</l:content>
		</l:Grid>
		<FlexBox height="10px" width="540px">
			<FlexBox height="10px" width="140px"></FlexBox>
			<FlexBox height="100px" width="40px">
				<Label text="Item Text:" width="100px"/>
			</FlexBox>
			<FlexBox height="10px" width="40px"></FlexBox>
			<FlexBox height="100px" width="140px">
		<!--	<TextArea value="{Itemtext}" id="oitemtxt" width="700px" height="100px"/>-->
			<TextArea value="" id="oitemtxt" width="700px" height="100px"/>
			</FlexBox>
		</FlexBox>
		<!--<content>
			<f:SimpleForm columnsL="1" editable="false" emptySpanL="4" emptySpanM="4" id="iconTabFiltershiptopartyform" labelSpanL="3" labelSpanM="3"
				layout="ResponsiveGridLayout" minWidth="1024">
				<f:content>
					<Label text="Employee Id"/>
					<Text maxLines="0" id="proId" text=""/>
					<Label text=" Name"/>
					<Text maxLines="0" id="proname" text=""/>
					<Label text="Quantity"/>
					<Text maxLines="0" id="Quantity" text=""/>
				
					<Label text="Price"/>
					<Text maxLines="0" id="Prices" text=""/>
				
					<Label text="Order Date"/>
					<Text maxLines="0" id="ordate" text=""/>
					<Label text="Delivery Date"/>
					<Text maxLines="0" id="deldate" text=""/>
					<Label text="Company Brand"/>
					<Text maxLines="0" text="{Company}"/>
				
					<core:ExtensionPoint name="extIconTabFilterForm1"/>
				</f:content>
			</f:SimpleForm>
		</content>-->
		<!--	<beginButton>
			<Button text="Close" press="onCloseDialog"/>
		</beginButton>
	</Dialog>-->
		<beginButton>
			<Button text="Update" press="onAddDialog" id="oSavebtnid" type="Emphasized"/>
		</beginButton>
		<endButton>
			<Button text="Close" press="onCloseDialog" type="Reject"/>
		</endButton>
	</Dialog>
</core:FragmentDefinition>