<core:FragmentDefinition xmlns="sap.m" xmlns:f="sap.ui.layout.form" xmlns:l="sap.ui.layout" xmlns:core="sap.ui.core">
	<Dialog title="Item Details" class="sapUiContentPaddingfrag" contentWidth="70rem" contentHeight="35rem">
		<l:Grid defaultSpan="L12 M12 S12" width="auto">
			<l:content>
				<MessageStrip id="itemdetailsErrMsgStrip" text="" showIcon="true" showCloseButton="false" visible="false" type="Error" class="customMargin"></MessageStrip>
				<f:SimpleForm id="SimpleFormChange480" minWidth="1024" width="auto" maxContainerCols="2" editable="true" layout="ResponsiveGridLayout"
					title="Please fill up all the required fields" labelSpanL="4" labelSpanM="4" emptySpanL="0" emptySpanM="0" columnsL="2" columnsM="2"
					class="editableForm">
					<f:content>
						<core:Title text=""/>
						<Label text="{i18n>Item Type}" required="true" id="oidItemtype"/>
						<Select id="idItmType" autoAdjustWidth="true" name="{i18n>PRIORITY}" change="onChangeItem">
							<core:Item text="Material" key="0"/>
							<core:Item text="Service" key="9"/>
						</Select>
						<Label text="Material Description" id="oMatedessdeslbl" required="true"/>
						<Input id="InputValueMatDesc" width="auto" showSuggestion="true" suggestionItems="{/}" placeholder="Search for Material Description"
							value="{oFragMatDescref}" enabled="true" editable="true" showValueHelp="true" valueHelpOnly="true" class="sapMInput1"
							valueHelpRequest="handleValueHelpMatDesc">
							<suggestionItems>
								<core:Item text="{maktx}"/>
							</suggestionItems>
						</Input>
					<!--	<Label text="Material Group" id="oMatgrplabl" required="true"/>
						<Input id="InputValueMatgrp" width="auto" showSuggestion="true" suggestionItems="{/ymm_sh_glSet}" placeholder="Search for Material Group"
							value="{oFragMatGrpref}" showValueHelp="true" valueHelpOnly="true" class="sapMInput1" liveChange="onMaterGropchange"
							valueHelpRequest="handleValueHelpMatGrp">
							<suggestionItems>
								<core:Item text="{matkl}"/>
							
							</suggestionItems>
						</Input>-->
						<Label text="Service Description" id="oSeriesshrtlbl" required="true"/>
						<Input id="InputValueSerisshortDesc" value="{oFragSersShrttextref}" placeholder="Enter short text for service desciption" maxLength="40" width="auto"  enabled="true" editable="true"/>
						<!--<Input id="InputValueSerisshortDesc" width="auto" showSuggestion="true" suggestionItems="{/}" placeholder="Search for Series Description"
							value="" enabled="true" editable="true" showValueHelp="true" valueHelpOnly="true" class="sapMInput1"
							valueHelpRequest="handleValueHelpSeriesShrttxt">
							<suggestionItems>
								<core:Item text="{}"/>
							</suggestionItems>
						</Input>-->
						<Label text="Service Name" id="oSeriesdeslbl" required="true"/>
						<Input id="InputValueSeriesDesc" width="auto" showSuggestion="true" suggestionItems="{/}" placeholder="Search for Service name"
							value="{oFragSersDescref}" enabled="true" editable="true" showValueHelp="true" valueHelpOnly="true" class="sapMInput1"
							valueHelpRequest="handleValueHelpSerisDesc">
							<suggestionItems>
								<core:Item text="{ASKTX}"/>
							</suggestionItems>
						</Input>
							<Label text="Material Group" id="oMatgrplabl" required="true"/>
						<Input id="InputValueMatgrp" width="auto" showSuggestion="true" suggestionItems="{/ymm_sh_glSet}" placeholder="Search for Material Group"
							value="{oFragMatGrpref}" showValueHelp="true" valueHelpOnly="true" class="sapMInput1" liveChange="onMaterGropchange"
							valueHelpRequest="handleValueHelpMatGrp">
							<suggestionItems>
								<core:Item text="{matkl}"/>
							
							</suggestionItems>
						</Input>
						
						<Label text="Material Code" required="true" id="oMatid"/>
						<Input id="InputValueMatCode" width="auto" showSuggestion="true" suggestionItems="{/}" placeholder="Search for Material Code" enabled="true"
							value="{oFragMatcodeRef}" editable="true" showValueHelp="true" class="sapMInput1" valueHelpRequest="handleValueHelpMatCode">
							<suggestionItems>
								<core:Item text="{matnr}"/>
							</suggestionItems>
						</Input>
						<Label text="Service Code" required="true" id="oServiceocde"/>
						<Input id="InputValueServcCode" width="auto" placeholder="Search for Service Code"   enabled="true" suggestionItems="{/}" editable="false"
							value="{oFragSersCoderef}" showValueHelp="true" class="sapMInput1" valueHelpOnly="true" valueHelpRequest="handleValueHelpServiceGrp">
							<suggestionItems>
								<core:Item text="{}"/>
							</suggestionItems>
						</Input>
						<Label text="Quantity" required="true"/>
						<Input value="{oFragQntyref}" id="idQntyFrag"    placeholder="Enter Quantity" liveChange="onQuanity"></Input>
						<Label text="Unit" required="true"/>
						<Input id="InputValueUnit" width="auto" showSuggestion="true" suggestionItems="{/}" placeholder="Search for Units" enabled="true"
							value="{oFragInputValueUnitref}" editable="true" valueHelpOnly="true" showValueHelp="true" class="sapMInput1"
							valueHelpRequest="handleValueHelpUnit">
							<suggestionItems>
								<core:Item text="{UnitOfMeasure}"/>
							</suggestionItems>
						</Input>
						<core:Title text=""/>
						<Label text="Currency" required="true"/>
						<Input id="InputValueCurrency" width="auto" showSuggestion="true" suggestionItems="{oCurrecymodel2>/}" placeholder="Search for Currency"
							value="{oFragCurrencyref}" enabled="true" editable="true" valueHelpOnly="true" showValueHelp="true" class="sapMInput1"
							valueHelpRequest="handleValueHelpCurrncy">
							<suggestionItems>
								<core:Item text="{oCurrecymodel2>Currency}"/>
							</suggestionItems>
						</Input>
						<Label text="Unit Price" required="true"/>
						<Input value="{oFrUnitpriceref}" liveChange="onTotalval"  placeholder="Search for Unit price" id="idUntprce_Frag"/>
						<Label text="Total Value" required="true"/>
						<Text text="{oFragTotalValuref}" id="idText_Frag"/>
						<Text text="{oFragzzcategryef}" id="idzzcategry" visible="false"/>
						<Label text="Cost Center" required="true" visible="false" id="oCC"/>
						<Input id="oCCCode" width="auto" showSuggestion="true" suggestionItems="{/}" placeholder="Search for Cost Center" enabled="true"
							value="{oFragItemCostCentr}" editable="true" showValueHelp="true" valueHelpOnly="true" class="sapMInput1"
							valueHelpRequest="handleValueHelpCCode">
							<suggestionItems>
								<core:Item text="{kostl}"/>
								<!--	<core:Item text="{LTEXT}"/>-->
							</suggestionItems>
						</Input>
						<Label text="WBS Code" required="true" visible="false" id="oWbs"/>
						<Input id="oWbscod" width="auto" showSuggestion="true" suggestionItems="{/}" placeholder="Search for WBS Code" enabled="true" editable="true"
							value="{oFragWbscref}" showValueHelp="true" valueHelpOnly="true" class="sapMInput1" valueHelpRequest="handleValueHelpWbs">
							<suggestionItems>
								<core:Item text="{PSPNR}"/>
							</suggestionItems>
						</Input>
						<Label text="GL Account" id="oGlid"/>
						<Text text="{oFragItemGlacntref}" id="idTxt_Glacnt"/>
						<Label text="Del.Date" required="true"/>
						<!--	<DatePicker id="DP2" placeholder="Select Date" value="{ path: 'oDp2ref', formatter: 'P2P.Formatter.Formatter.TableDelDate'}"
							change="handleDateChange" class="sapUiSmallMarginBottom"/>-->
						<DatePicker id="DP2" placeholder="Select Delivery Date" displayFormat="MMM dd, YYYY"
							value="{ path: 'oDp2ref', formatter: 'P2P.Formatter.Formatter.formatDate'}" change="handleChangedate" class="sapUiSmallMarginBottom"/>
					</f:content>
				</f:SimpleForm>
			</l:content>
		</l:Grid>
		<FlexBox height="10px" width="540px">
			<FlexBox height="10px" width="140px"></FlexBox>
			<FlexBox height="100px" width="40px">
				<Label text="Item Text:" width="100px"/>
			</FlexBox>
			<FlexBox height="10px" width="40px"></FlexBox>
			<FlexBox height="100px" width="140px">
				<TextArea value="{/oFragItemtextref}" id="oitemtxt" width="700px" height="100px"/>
			</FlexBox>
		</FlexBox>
		<!--<content>
			<f:SimpleForm columnsL="1" editable="false" emptySpanL="4" emptySpanM="4" id="iconTabFiltershiptopartyform" labelSpanL="3" labelSpanM="3"
				layout="ResponsiveGridLayout" minWidth="1024">
				<f:content>
					<Label text="Employee Id"/>
					<Text maxLines="0" id="proId" text=""/>
					<Label text=" Name"/>
					<Text maxLines="0" id="proname" text=""/>
					<Label text="Quantity"/>
					<Text maxLines="0" id="Quantity" text=""/>
				
					<Label text="Price"/>
					<Text maxLines="0" id="Prices" text=""/>
				
					<Label text="Order Date"/>
					<Text maxLines="0" id="ordate" text=""/>
					<Label text="Delivery Date"/>
					<Text maxLines="0" id="deldate" text=""/>
					<Label text="Company Brand"/>
					<Text maxLines="0" text="{Company}"/>
				
					<core:ExtensionPoint name="extIconTabFilterForm1"/>
				</f:content>
			</f:SimpleForm>
		</content>-->
		<!--	<beginButton>
			<Button text="Close" press="onCloseDialog"/>
		</beginButton>
	</Dialog>-->
		<beginButton>
			<Button text="Save" press="onAddDialog" id="oSavebtnid" type="Emphasized"/>
		</beginButton>
		<endButton>
			<Button text="Close" press="onCloseDialog" type="Reject"/>
		</endButton>
	</Dialog>
</core:FragmentDefinition>