<edmx:Edmx xmlns:edmx="http://schemas.microsoft.com/ado/2007/06/edmx"
	xmlns:m="http://schemas.microsoft.com/ado/2007/08/dataservices/metadata" xmlns:sap="http://www.sap.com/Protocols/SAPData" Version="1.0">
	<edmx:DataServices m:DataServiceVersion="2.0">
		<Schema xmlns="http://schemas.microsoft.com/ado/2008/09/edm" Namespace="ZE7011_TIME_ENTRY_NEW_SRV" xml:lang="en" sap:schema-version="1">
			<EntityType Name="CrewEmpList" sap:content-version="1">
				<Key><PropertyRef Name="JobCode"/><PropertyRef Name="CrewId"/><PropertyRef Name="Pernr"/></Key><Property Name="JobCode" Type="Edm.String" Nullable="false" MaxLength="10" sap:unicode="false" sap:label="Cost Center" sap:creatable="false"
					sap:updatable="false" sap:sortable="false"/><Property Name="CrewId" Type="Edm.String" Nullable="false" MaxLength="12" sap:unicode="false" sap:label="Crew ID" sap:creatable="false"
					sap:updatable="false" sap:sortable="false"/><Property Name="Pernr" Type="Edm.String" Nullable="false" MaxLength="8" sap:unicode="false" sap:label="Personnel No." sap:creatable="false"
					sap:updatable="false" sap:sortable="false" sap:filterable="false"/><Property Name="Ename" Type="Edm.String" Nullable="false" MaxLength="40" sap:unicode="false" sap:label="Empl./appl.name"
					sap:creatable="false" sap:updatable="false" sap:sortable="false" sap:filterable="false"/><Property Name="Description" Type="Edm.String" Nullable="false" MaxLength="110" sap:unicode="false" sap:label="Text" sap:creatable="false"
					sap:updatable="false" sap:sortable="false" sap:filterable="false"/><Property Name="EffectiveDate" Type="Edm.String" Nullable="false" MaxLength="10" sap:unicode="false" sap:label="Character Field Length = 10"
					sap:creatable="false" sap:updatable="false" sap:sortable="false"/><Property Name="Shift" Type="Edm.String" Nullable="false" MaxLength="24" sap:unicode="false" sap:label="Shift" sap:creatable="false"
					sap:updatable="false" sap:sortable="false" sap:filterable="false"/><Property Name="ShiftDescription" Type="Edm.String" Nullable="false" MaxLength="110" sap:unicode="false" sap:label="Text"
					sap:creatable="false" sap:updatable="false" sap:sortable="false" sap:filterable="false"/><Property Name="CrewEffectiveDate" Type="Edm.String" Nullable="false" MaxLength="10" sap:unicode="false"
					sap:label="Character Field Length = 10" sap:creatable="false" sap:updatable="false" sap:sortable="false" sap:filterable="false"/><Property Name="EmpWerks" Type="Edm.String" Nullable="false" MaxLength="4" sap:unicode="false" sap:label="Personnel area"
					sap:creatable="false" sap:updatable="false" sap:sortable="false" sap:filterable="false"/><Property Name="EmpPersk" Type="Edm.String" Nullable="false" MaxLength="2" sap:unicode="false" sap:label="EE subgroup" sap:creatable="false"
					sap:updatable="false" sap:sortable="false" sap:filterable="false"/><Property Name="EmpPersg" Type="Edm.String" Nullable="false" MaxLength="1" sap:unicode="false" sap:label="EE group" sap:creatable="false"
					sap:updatable="false" sap:sortable="false" sap:filterable="false"/><Property Name="EmpZztrfgr" Type="Edm.String" Nullable="false" MaxLength="8" sap:unicode="false" sap:label="Pay Scale Group"
					sap:creatable="false" sap:updatable="false" sap:sortable="false" sap:filterable="false"/><Property Name="EmpZztrfgrTx" Type="Edm.String" Nullable="false" MaxLength="40" sap:unicode="false" sap:label="Class Desc"
					sap:creatable="false" sap:updatable="false" sap:sortable="false" sap:filterable="false"/><Property Name="EmpBecref" Type="Edm.String" Nullable="false" MaxLength="20" sap:unicode="false" sap:label="Person ID" sap:creatable="false"
					sap:updatable="false" sap:sortable="false" sap:filterable="false"/><Property Name="EmpEffectiveDate" Type="Edm.String" Nullable="false" MaxLength="10" sap:unicode="false"
					sap:label="Character Field Length = 10" sap:creatable="false" sap:updatable="false" sap:sortable="false" sap:filterable="false"/><Property Name="ParentId" Type="Edm.String" Nullable="false" MaxLength="8" sap:unicode="false" sap:label="Personnel No."
					sap:creatable="false" sap:updatable="false" sap:sortable="false" sap:filterable="false"/><NavigationProperty Name="ToEmpTime" Relationship="ZE7011_TIME_ENTRY_NEW_SRV.CrewEmpToEmpTime" FromRole="FromRole_CrewEmpToEmpTime"
					ToRole="ToRole_CrewEmpToEmpTime"/></EntityType>
			<EntityType Name="CrewList" sap:content-version="1">
				<Key><PropertyRef Name="JobCode"/><PropertyRef Name="CrewId"/><PropertyRef Name="EffectiveDate"/></Key><Property Name="Action" Type="Edm.String" Nullable="false" MaxLength="10" sap:unicode="false" sap:label="Character Field Length = 10"
					sap:creatable="false" sap:updatable="false" sap:sortable="false" sap:filterable="false"/><Property Name="FmPernr" Type="Edm.String" Nullable="false" MaxLength="8" sap:unicode="false" sap:label="Personnel No."
					sap:creatable="false" sap:updatable="false" sap:sortable="false" sap:filterable="false"/><Property Name="FmWerks" Type="Edm.String" Nullable="false" MaxLength="4" sap:unicode="false" sap:label="Personnel area"
					sap:creatable="false" sap:updatable="false" sap:sortable="false" sap:filterable="false"/><Property Name="JobCode" Type="Edm.String" Nullable="false" MaxLength="10" sap:unicode="false" sap:label="Cost Center" sap:creatable="false"
					sap:updatable="false" sap:sortable="false"/><Property Name="CrewId" Type="Edm.String" Nullable="false" MaxLength="12" sap:unicode="false" sap:label="Crew ID" sap:creatable="false"
					sap:updatable="false" sap:sortable="false"/><Property Name="FmName" Type="Edm.String" Nullable="false" MaxLength="110" sap:unicode="false" sap:label="Text" sap:creatable="false"
					sap:updatable="false" sap:sortable="false" sap:filterable="false"/><Property Name="Description" Type="Edm.String" Nullable="false" MaxLength="110" sap:unicode="false" sap:label="Text" sap:creatable="false"
					sap:updatable="false" sap:sortable="false" sap:filterable="false"/><Property Name="Status" Type="Edm.String" Nullable="false" MaxLength="2" sap:unicode="false" sap:label="Process status"
					sap:creatable="false" sap:updatable="false" sap:sortable="false" sap:filterable="false"/><Property Name="EffectiveDate" Type="Edm.String" Nullable="false" MaxLength="10" sap:unicode="false" sap:label="Character Field Length = 10"
					sap:creatable="false" sap:updatable="false" sap:sortable="false"/><Property Name="StatusTx" Type="Edm.String" Nullable="false" MaxLength="50" sap:unicode="false" sap:label="c" sap:creatable="false"
					sap:updatable="false" sap:sortable="false" sap:filterable="false"/><Property Name="Shift" Type="Edm.String" Nullable="false" MaxLength="24" sap:unicode="false" sap:label="Shift" sap:creatable="false"
					sap:updatable="false" sap:sortable="false" sap:filterable="false"/><Property Name="ShiftDescription" Type="Edm.String" Nullable="false" MaxLength="110" sap:unicode="false" sap:label="Text"
					sap:creatable="false" sap:updatable="false" sap:sortable="false" sap:filterable="false"/><Property Name="CrewEffectiveDate" Type="Edm.String" Nullable="false" MaxLength="10" sap:unicode="false"
					sap:label="Character Field Length = 10" sap:creatable="false" sap:updatable="false" sap:sortable="false" sap:filterable="false"/></EntityType>
			<EntityType Name="EmpTime" sap:content-version="1">
				<Key><PropertyRef Name="JobCode"/><PropertyRef Name="CrewId"/><PropertyRef Name="Pernr"/><PropertyRef Name="Workdate"/><PropertyRef Name="Zzcst"/><PropertyRef Name="Zzptjcd"/><PropertyRef Name="Zzssc"/><PropertyRef Name="Zzact"/><PropertyRef Name="Class"/><PropertyRef Name="Trfst"/><PropertyRef Name="Prakn"/><PropertyRef Name="Prakz"/></Key><Property Name="JobCode" Type="Edm.String" Nullable="false" MaxLength="10" sap:unicode="false" sap:label="Cost Center" sap:creatable="false"
					sap:updatable="false" sap:sortable="false"/><Property Name="CrewId" Type="Edm.String" Nullable="false" MaxLength="12" sap:unicode="false" sap:label="Crew ID" sap:creatable="false"
					sap:updatable="false" sap:sortable="false"/><Property Name="Pernr" Type="Edm.String" Nullable="false" MaxLength="8" sap:unicode="false" sap:label="Personnel No." sap:creatable="false"
					sap:updatable="false" sap:sortable="false"/><Property Name="Workdate" Type="Edm.String" Nullable="false" MaxLength="10" sap:unicode="false" sap:label="Character Field Length = 10"
					sap:creatable="false" sap:updatable="false" sap:sortable="false" sap:filterable="false"/><Property Name="Costcode" Type="Edm.String" Nullable="false" MaxLength="50" sap:unicode="false" sap:label="Explanation"
					sap:creatable="false" sap:updatable="false" sap:sortable="false" sap:filterable="false"/><Property Name="CostcodeTx" Type="Edm.String" Nullable="false" MaxLength="110" sap:unicode="false" sap:label="Text" sap:creatable="false"
					sap:updatable="false" sap:sortable="false" sap:filterable="false"/><Property Name="Zzcst" Type="Edm.String" Nullable="false" MaxLength="24" sap:unicode="false" sap:label="Cost Code" sap:creatable="false"
					sap:updatable="false" sap:sortable="false" sap:filterable="false"/><Property Name="Zzptjcd" Type="Edm.String" Nullable="false" MaxLength="5" sap:unicode="false" sap:label="Job/Sub-Job Code"
					sap:creatable="false" sap:updatable="false" sap:sortable="false" sap:filterable="false"/><Property Name="Zzssc" Type="Edm.String" Nullable="false" MaxLength="3" sap:unicode="false" sap:label="Sub-Sub Code" sap:creatable="false"
					sap:updatable="false" sap:sortable="false" sap:filterable="false"/><Property Name="Zzact" Type="Edm.String" Nullable="false" MaxLength="5" sap:unicode="false" sap:label="Actvity Code" sap:creatable="false"
					sap:updatable="false" sap:sortable="false" sap:filterable="false"/><Property Name="ZzactEditable" Type="Edm.String" Nullable="false" MaxLength="1" sap:unicode="false" sap:label="Boolean"
					sap:creatable="false" sap:updatable="false" sap:sortable="false" sap:filterable="false"/><Property Name="Class" Type="Edm.String" Nullable="false" MaxLength="8" sap:unicode="false" sap:label="Pay Scale Group"
					sap:creatable="false" sap:updatable="false" sap:sortable="false" sap:filterable="false"/><Property Name="ClassEditable" Type="Edm.String" Nullable="false" MaxLength="1" sap:unicode="false" sap:label="Boolean"
					sap:creatable="false" sap:updatable="false" sap:sortable="false" sap:filterable="false"/><Property Name="ClassTx" Type="Edm.String" Nullable="false" MaxLength="40" sap:unicode="false" sap:label="Class Desc" sap:creatable="false"
					sap:updatable="false" sap:sortable="false" sap:filterable="false"/><Property Name="Trfst" Type="Edm.String" Nullable="false" MaxLength="2" sap:unicode="false" sap:label="PS level" sap:creatable="false"
					sap:updatable="false" sap:sortable="false" sap:filterable="false"/><Property Name="Prakn" Type="Edm.String" Nullable="false" MaxLength="2" sap:unicode="false" sap:label="Premium no." sap:creatable="false"
					sap:updatable="false" sap:sortable="false" sap:filterable="false"/><Property Name="Prakz" Type="Edm.String" Nullable="false" MaxLength="4" sap:unicode="false" sap:label="Premium ID" sap:creatable="false"
					sap:updatable="false" sap:sortable="false" sap:filterable="false"/><Property Name="DeleteFlag" Type="Edm.String" Nullable="false" MaxLength="1" sap:unicode="false" sap:label="Boolean" sap:creatable="false"
					sap:updatable="false" sap:sortable="false" sap:filterable="false"/><Property Name="ParentId" Type="Edm.String" Nullable="false" MaxLength="8" sap:unicode="false" sap:label="Personnel No."
					sap:creatable="false" sap:updatable="false" sap:sortable="false" sap:filterable="false"/></EntityType>
			<EntityType Name="SearchHelpActivity" sap:content-version="1">
				<Key><PropertyRef Name="JobCode"/><PropertyRef Name="Zzact"/></Key><Property Name="JobCode" Type="Edm.String" Nullable="false" MaxLength="10" sap:unicode="false" sap:label="Cost Center" sap:creatable="false"
					sap:updatable="false" sap:sortable="false" sap:filterable="false"/><Property Name="Zzact" Type="Edm.String" Nullable="false" MaxLength="5" sap:unicode="false" sap:label="Actvity Code" sap:creatable="false"
					sap:updatable="false" sap:sortable="false" sap:filterable="false"/><Property Name="EffectiveDate" Type="Edm.String" Nullable="false" MaxLength="10" sap:unicode="false" sap:label="Character Field Length = 10"
					sap:creatable="false" sap:updatable="false" sap:sortable="false" sap:filterable="false"/><Property Name="WorkpkgId" Type="Edm.String" Nullable="false" MaxLength="50" sap:unicode="false" sap:label="Wrk Pkg ID"
					sap:creatable="false" sap:updatable="false" sap:sortable="false" sap:filterable="false"/><Property Name="WorkpkgDesc" Type="Edm.String" Nullable="false" MaxLength="200" sap:unicode="false" sap:label="Wrk Pkg tx"
					sap:creatable="false" sap:updatable="false" sap:sortable="false" sap:filterable="false"/></EntityType>
			<EntityType Name="SearchHelpClass" sap:content-version="1">
				<Key><PropertyRef Name="Werks"/><PropertyRef Name="Persg"/><PropertyRef Name="Persk"/><PropertyRef Name="Trfgr"/></Key><Property Name="Werks" Type="Edm.String" Nullable="false" MaxLength="4" sap:unicode="false" sap:label="Personnel area" sap:creatable="false"
					sap:updatable="false" sap:sortable="false"/><Property Name="Persg" Type="Edm.String" Nullable="false" MaxLength="1" sap:unicode="false" sap:label="EE group" sap:creatable="false"
					sap:updatable="false" sap:sortable="false"/><Property Name="Persk" Type="Edm.String" Nullable="false" MaxLength="2" sap:unicode="false" sap:label="EE subgroup" sap:creatable="false"
					sap:updatable="false" sap:sortable="false"/><Property Name="Trfgr" Type="Edm.String" Nullable="false" MaxLength="8" sap:unicode="false" sap:label="Pay Scale Group"
					sap:creatable="false" sap:updatable="false" sap:sortable="false" sap:filterable="false"/><Property Name="ClassDesc" Type="Edm.String" Nullable="false" MaxLength="40" sap:unicode="false" sap:label="Class Desc"
					sap:creatable="false" sap:updatable="false" sap:sortable="false" sap:filterable="false"/></EntityType>
			<EntityType Name="SearchHelpCostCode" sap:content-version="1">
				<Key><PropertyRef Name="Zzcst"/><PropertyRef Name="Zzptjcd"/><PropertyRef Name="Zzssc"/><PropertyRef Name="Entity"/></Key><Property Name="JobCode" Type="Edm.String" Nullable="false" MaxLength="10" sap:unicode="false" sap:label="Cost Center" sap:creatable="false"
					sap:updatable="false" sap:sortable="false"/><Property Name="CrewId" Type="Edm.String" Nullable="false" MaxLength="12" sap:unicode="false" sap:label="Crew ID" sap:creatable="false"
					sap:updatable="false" sap:sortable="false"/><Property Name="EffectiveDate" Type="Edm.String" Nullable="false" MaxLength="10" sap:unicode="false" sap:label="Character Field Length = 10"
					sap:creatable="false" sap:updatable="false" sap:sortable="false"/><Property Name="Costcode" Type="Edm.String" Nullable="false" MaxLength="50" sap:unicode="false" sap:label="Explanation"
					sap:creatable="false" sap:updatable="false" sap:sortable="false" sap:filterable="false"/><Property Name="CostcodeTx" Type="Edm.String" Nullable="false" MaxLength="110" sap:unicode="false" sap:label="Text" sap:creatable="false"
					sap:updatable="false" sap:sortable="false" sap:filterable="false"/><Property Name="Zzcst" Type="Edm.String" Nullable="false" MaxLength="24" sap:unicode="false" sap:label="Cost Code" sap:creatable="false"
					sap:updatable="false" sap:sortable="false" sap:filterable="false"/><Property Name="Zzptjcd" Type="Edm.String" Nullable="false" MaxLength="5" sap:unicode="false" sap:label="Job/Sub-Job Code"
					sap:creatable="false" sap:updatable="false" sap:sortable="false" sap:filterable="false"/><Property Name="Zzssc" Type="Edm.String" Nullable="false" MaxLength="3" sap:unicode="false" sap:label="Sub-Sub Code" sap:creatable="false"
					sap:updatable="false" sap:sortable="false" sap:filterable="false"/><Property Name="Entity" Type="Edm.String" Nullable="false" MaxLength="2" sap:unicode="false" sap:label="Entity" sap:creatable="false"
					sap:updatable="false" sap:sortable="false" sap:filterable="false"/><Property Name="ClassEditable" Type="Edm.String" Nullable="false" MaxLength="1" sap:unicode="false" sap:label="Boolean"
					sap:creatable="false" sap:updatable="false" sap:sortable="false" sap:filterable="false"/><Property Name="ZzactEditable" Type="Edm.String" Nullable="false" MaxLength="1" sap:unicode="false" sap:label="Boolean"
					sap:creatable="false" sap:updatable="false" sap:sortable="false" sap:filterable="false"/></EntityType>
			<Association Name="CrewEmpToEmpTime" sap:content-version="1"><End Type="ZE7011_TIME_ENTRY_NEW_SRV.CrewEmpList" Multiplicity="0..1" Role="FromRole_CrewEmpToEmpTime"/><End Type="ZE7011_TIME_ENTRY_NEW_SRV.EmpTime" Multiplicity="*" Role="ToRole_CrewEmpToEmpTime"/></Association>
			<EntityContainer Name="ZE7011_TIME_ENTRY_NEW_SRV_Entities" m:IsDefaultEntityContainer="true" sap:supported-formats="atom json xlsx"><EntitySet Name="CrewEmpListSet" EntityType="ZE7011_TIME_ENTRY_NEW_SRV.CrewEmpList" sap:creatable="false" sap:updatable="false"
				sap:deletable="false" sap:pageable="false" sap:content-version="1"/><EntitySet Name="CrewListSet" EntityType="ZE7011_TIME_ENTRY_NEW_SRV.CrewList" sap:creatable="false" sap:updatable="false"
				sap:deletable="false" sap:pageable="false" sap:content-version="1"/><EntitySet Name="EmpTimeSet" EntityType="ZE7011_TIME_ENTRY_NEW_SRV.EmpTime" sap:creatable="false" sap:updatable="false"
				sap:deletable="false" sap:pageable="false" sap:content-version="1"/><EntitySet Name="SearchHelpActivitySet" EntityType="ZE7011_TIME_ENTRY_NEW_SRV.SearchHelpActivity" sap:creatable="false"
				sap:updatable="false" sap:deletable="false" sap:pageable="false" sap:content-version="1"/><EntitySet Name="SearchHelpClassSet" EntityType="ZE7011_TIME_ENTRY_NEW_SRV.SearchHelpClass" sap:creatable="false" sap:updatable="false"
				sap:deletable="false" sap:pageable="false" sap:content-version="1"/><EntitySet Name="SearchHelpCostCodeSet" EntityType="ZE7011_TIME_ENTRY_NEW_SRV.SearchHelpCostCode" sap:creatable="false"
				sap:updatable="false" sap:deletable="false" sap:pageable="false" sap:content-version="1"/>
				<AssociationSet Name="CrewEmpToEmpTimeSet" Association="ZE7011_TIME_ENTRY_NEW_SRV.CrewEmpToEmpTime" sap:creatable="false"
					sap:updatable="false" sap:deletable="false" sap:content-version="1"><End EntitySet="CrewEmpListSet" Role="FromRole_CrewEmpToEmpTime"/><End EntitySet="EmpTimeSet" Role="ToRole_CrewEmpToEmpTime"/></AssociationSet>
			</EntityContainer><atom:link xmlns:atom="http://www.w3.org/2005/Atom" rel="self" href="./sap/ZE7011_TIME_ENTRY_NEW_SRV/$metadata"/><atom:link xmlns:atom="http://www.w3.org/2005/Atom" rel="latest-version" href="./sap/ZE7011_TIME_ENTRY_NEW_SRV/$metadata"/></Schema>
	</edmx:DataServices>
</edmx:Edmx>